{"cameraMode":{"drawMode":0,"name":"Shaded","section":"Shading Mode"},"sceneLighting":true,"audioPlay":false,"sceneViewState":{"m_AlwaysRefresh":false,"showFog":true,"showSkybox":true,"showFlares":true,"showImageEffects":true,"showParticleSystems":true,"showVisualEffectGraphs":true,"m_FxEnabled":true},"in2DMode":false,"pivot":{"x":11.643768310546875,"y":-2.3776562213897707,"z":12.388164520263672},"rotation":{"x":0.029807796701788904,"y":0.3227469027042389,"z":-0.010171092115342617,"w":0.9459705352783203},"size":10.682561874389649,"orthographic":false}