{"cameraMode":{"drawMode":0,"name":"Shaded","section":"Shading Mode"},"sceneLighting":true,"audioPlay":false,"sceneViewState":{"m_AlwaysRefresh":false,"showFog":true,"showSkybox":true,"showFlares":true,"showImageEffects":true,"showParticleSystems":true,"showVisualEffectGraphs":true,"m_FxEnabled":true},"in2DMode":false,"pivot":{"x":-0.14978349208831788,"y":5.286771774291992,"z":5.131206512451172},"rotation":{"x":0.10211732238531113,"y":0.016409598290920259,"z":-0.0016847149236127735,"w":0.9946436882019043},"size":10.541678428649903,"orthographic":false}