Unity Editor version:    2022.3.62f2 (7670c08855a9)
Branch:                  2022.3/respin/2022.3.62f2-4af31df585-v2
Build type:              Release
Batch mode:              YES
macOS version:           Version 26.3.1 (a) (Build 25D771280a)
Darwin version:          25.3.0
Architecture:            arm64
Running under Rosetta:   NO
Available memory:        16384 MB
Using pre-set license
Pro License: YES

COMMAND LINE ARGUMENTS:
/Applications/Unity/Hub/Editor/2022.3.62f2/Unity.app/Contents/MacOS/Unity
-adb2
-batchMode
-noUpm
-name
AssetImportWorker16
-projectPath
/Users/magdalenaplawinska/LicencjatCDV
-logFile
Logs/AssetImportWorker16.log
-srvPort
51014
Successfully changed project path to: /Users/magdalenaplawinska/LicencjatCDV
/Users/magdalenaplawinska/LicencjatCDV
[UnityMemory] Configuration Parameters - Can be set up in boot.config
    "memorysetup-bucket-allocator-granularity=16"
    "memorysetup-bucket-allocator-bucket-count=8"
    "memorysetup-bucket-allocator-block-size=33554432"
    "memorysetup-bucket-allocator-block-count=8"
    "memorysetup-main-allocator-block-size=16777216"
    "memorysetup-thread-allocator-block-size=16777216"
    "memorysetup-gfx-main-allocator-block-size=16777216"
    "memorysetup-gfx-thread-allocator-block-size=16777216"
    "memorysetup-cache-allocator-block-size=4194304"
    "memorysetup-typetree-allocator-block-size=2097152"
    "memorysetup-profiler-bucket-allocator-granularity=16"
    "memorysetup-profiler-bucket-allocator-bucket-count=8"
    "memorysetup-profiler-bucket-allocator-block-size=33554432"
    "memorysetup-profiler-bucket-allocator-block-count=8"
    "memorysetup-profiler-allocator-block-size=16777216"
    "memorysetup-profiler-editor-allocator-block-size=1048576"
    "memorysetup-temp-allocator-size-main=16777216"
    "memorysetup-job-temp-allocator-block-size=2097152"
    "memorysetup-job-temp-allocator-block-size-background=1048576"
    "memorysetup-job-temp-allocator-reduction-small-platforms=262144"
    "memorysetup-allocator-temp-initial-block-size-main=262144"
    "memorysetup-allocator-temp-initial-block-size-worker=262144"
    "memorysetup-temp-allocator-size-background-worker=32768"
    "memorysetup-temp-allocator-size-job-worker=262144"
    "memorysetup-temp-allocator-size-preload-manager=33554432"
    "memorysetup-temp-allocator-size-nav-mesh-worker=65536"
    "memorysetup-temp-allocator-size-audio-worker=65536"
    "memorysetup-temp-allocator-size-cloud-worker=32768"
    "memorysetup-temp-allocator-size-gi-baking-worker=262144"
    "memorysetup-temp-allocator-size-gfx=262144"
Player connection [8340467968]  Target information:

Player connection [8340467968]  * "[IP] 192.168.0.32 [Port] 0 [Flags] 2 [Guid] 2431250315 [EditorId] 2431250315 [Version] 1048832 [Id] OSXEditor(0,MacMiniMagda.local) [Debug] 1 [PackageName] OSXEditor [ProjectName] Editor" 

Player connection [8340467968] Host joined multi-casting on [225.0.0.222:54997]...
Player connection [8340467968] Host joined alternative multi-casting on [225.0.0.222:34997]...
Input System module state changed to: Initialized.
[PhysX] Initialized MultithreadedTaskDispatcher with 10 workers.
Refreshing native plugins compatible for Editor in 22.78 ms, found 5 plugins.
Preloading 0 native plugins for Editor in 0.00 ms.
Initialize engine version: 2022.3.62f2 (7670c08855a9)
[Subsystems] Discovering subsystems at path /Applications/Unity/Hub/Editor/2022.3.62f2/Unity.app/Contents/Resources/UnitySubsystems
[Subsystems] Discovering subsystems at path /Users/magdalenaplawinska/LicencjatCDV/Assets
GfxDevice: creating device client; threaded=0; jobified=0
 preferred device: Apple M4 (high power)
Metal devices available: 1
0: Apple M4 (high power)
Using device Apple M4 (high power)
Initializing Metal device caps: Apple M4
Initialize mono
Mono path[0] = '/Applications/Unity/Hub/Editor/2022.3.62f2/Unity.app/Contents/Managed'
Mono path[1] = '/Applications/Unity/Hub/Editor/2022.3.62f2/Unity.app/Contents/MonoBleedingEdge/lib/mono/unityjit-macos'
Mono config path = '/Applications/Unity/Hub/Editor/2022.3.62f2/Unity.app/Contents/MonoBleedingEdge/etc'
Using monoOptions --debugger-agent=transport=dt_socket,embedding=1,server=y,suspend=n,address=127.0.0.1:56872
Begin MonoManager ReloadAssembly
Registering precompiled unity dll's ...
Register platform support module: /Applications/Unity/Hub/Editor/2022.3.62f2/Unity.app/Contents/PlaybackEngines/MacStandaloneSupport/UnityEditor.OSXStandalone.Extensions.dll
Registered in 0.001361 seconds.
- Loaded All Assemblies, in  0.175 seconds
Native extension for OSXStandalone target not found
Mono: successfully reloaded assembly
- Finished resetting the current domain, in  0.109 seconds
Domain Reload Profiling: 285ms
	BeginReloadAssembly (67ms)
		ExecutionOrderSort (0ms)
		DisableScriptedObjects (0ms)
		BackupInstance (0ms)
		ReleaseScriptingObjects (0ms)
		CreateAndSetChildDomain (0ms)
	RebuildCommonClasses (15ms)
	RebuildNativeTypeToScriptingClass (5ms)
	initialDomainReloadingComplete (23ms)
	LoadAllAssembliesAndSetupDomain (65ms)
		LoadAssemblies (67ms)
		RebuildTransferFunctionScriptingTraits (0ms)
		AnalyzeDomain (64ms)
			TypeCache.Refresh (63ms)
				TypeCache.ScanAssembly (57ms)
			ScanForSourceGeneratedMonoScriptInfo (0ms)
			ResolveRequiredComponents (0ms)
	FinalizeReload (109ms)
		ReleaseScriptCaches (0ms)
		RebuildScriptCaches (0ms)
		SetupLoadedEditorAssemblies (88ms)
			LogAssemblyErrors (0ms)
			InitializePlatformSupportModulesInManaged (4ms)
			SetLoadedEditorAssemblies (3ms)
			RefreshPlugins (0ms)
			BeforeProcessingInitializeOnLoad (1ms)
			ProcessInitializeOnLoadAttributes (61ms)
			ProcessInitializeOnLoadMethodAttributes (18ms)
			AfterProcessingInitializeOnLoad (0ms)
			EditorAssembliesLoaded (0ms)
		ExecutionOrderSort2 (0ms)
		AwakeInstancesAfterBackupRestoration (0ms)
========================================================================
Worker process is ready to serve import requests
Caller must complete domain reload
Begin MonoManager ReloadAssembly
- Loaded All Assemblies, in  0.325 seconds
Native extension for OSXStandalone target not found
Mono: successfully reloaded assembly
- Finished resetting the current domain, in  0.302 seconds
Domain Reload Profiling: 626ms
	BeginReloadAssembly (47ms)
		ExecutionOrderSort (0ms)
		DisableScriptedObjects (2ms)
		BackupInstance (0ms)
		ReleaseScriptingObjects (0ms)
		CreateAndSetChildDomain (7ms)
	RebuildCommonClasses (14ms)
	RebuildNativeTypeToScriptingClass (5ms)
	initialDomainReloadingComplete (14ms)
	LoadAllAssembliesAndSetupDomain (246ms)
		LoadAssemblies (164ms)
		RebuildTransferFunctionScriptingTraits (0ms)
		AnalyzeDomain (104ms)
			TypeCache.Refresh (89ms)
				TypeCache.ScanAssembly (80ms)
			ScanForSourceGeneratedMonoScriptInfo (9ms)
			ResolveRequiredComponents (5ms)
	FinalizeReload (302ms)
		ReleaseScriptCaches (0ms)
		RebuildScriptCaches (0ms)
		SetupLoadedEditorAssemblies (239ms)
			LogAssemblyErrors (0ms)
			InitializePlatformSupportModulesInManaged (2ms)
			SetLoadedEditorAssemblies (2ms)
			RefreshPlugins (0ms)
			BeforeProcessingInitializeOnLoad (26ms)
			ProcessInitializeOnLoadAttributes (183ms)
			ProcessInitializeOnLoadMethodAttributes (26ms)
			AfterProcessingInitializeOnLoad (0ms)
			EditorAssembliesLoaded (0ms)
		ExecutionOrderSort2 (0ms)
		AwakeInstancesAfterBackupRestoration (1ms)
WARNING: Shader Unsupported: 'Universal Render Pipeline/VR/SpatialMapping/Wireframe' - All subshaders removed
WARNING: Shader Did you use #pragma only_renderers and omit this platform?
WARNING: Shader If subshaders removal was intentional, you may have forgotten turning Fallback off?
WARNING: Shader Unsupported: 'Universal Render Pipeline/VR/SpatialMapping/Wireframe' - All subshaders removed
WARNING: Shader Did you use #pragma only_renderers and omit this platform?
WARNING: Shader If subshaders removal was intentional, you may have forgotten turning Fallback off?
WARNING: Shader Unsupported: 'Hidden/Builtin_TerrainVisualization' - All subshaders removed
WARNING: Shader Did you use #pragma only_renderers and omit this platform?
WARNING: Shader If subshaders removal was intentional, you may have forgotten turning Fallback off?
WARNING: Shader Unsupported: 'Hidden/Builtin_TerrainVisualization' - All subshaders removed
WARNING: Shader Did you use #pragma only_renderers and omit this platform?
WARNING: Shader If subshaders removal was intentional, you may have forgotten turning Fallback off?
Launching external process: /Applications/Unity/Hub/Editor/2022.3.62f2/Unity.app/Contents/Tools/UnityShaderCompiler
Launched and connected shader compiler UnityShaderCompiler after 0.02 seconds
Refreshing native plugins compatible for Editor in 2.59 ms, found 5 plugins.
Preloading 0 native plugins for Editor in 0.00 ms.
Unloading 5839 Unused Serialized files (Serialized files now loaded: 0)
Unloading 75 unused Assets / (3.7 MB). Loaded Objects now: 6299.
Memory consumption went from 267.1 MB to 263.4 MB.
Total: 2.944167 ms (FindLiveObjects: 0.164875 ms CreateObjectMapping: 0.056916 ms MarkObjects: 2.106250 ms  DeleteObjects: 0.615667 ms)

AssetImportParameters requested are different than current active one (requested -> active):
  custom:container-demuxer-ogg: 62fdf1f143b41e24485cea50d1cbac27 -> 
  custom:scripting/monoscript/fileName/CRTDataObject.cs: f1de7395209245cd93b30dd15005e602 -> 
  custom:scripting/monoscript/fileName/CRTCameraBehaviour.cs: 30ff3bb5a6d12bf7a3270d52e64fce8c -> 
  custom:video-decoder-ogg-theora: a1e56fd34408186e4bbccfd4996cb3dc -> 
  custom:scripting/monoscript/fileName/NewBehaviourScript.cs: 0bbf274f239518c006152eda55c74178 -> 
  custom:scripting/monoscript/fileName/Quad_controller.cs: f7f54a4dcd6a885b0486938ad49f3362 -> 
  custom:CustomObjectIndexerAttribute: 3ead1caaecf1c488f20bcfeb224b6af5 -> 
  custom:container-demuxer-webm: 4f35f7cbe854078d1ac9338744f61a02 -> 
  custom:container-muxer-webm: aa71ff27fc2769a1b78a27578f13a17b -> 
  custom:video-decoder-webm-vp8: 9c59270c3fd7afecdb556c50c9e8de78 -> 
  custom:SearchIndexIgnoredProperties: e643bd26f0fe6173181afceb89e7c659 -> 
  custom:AudioImporter_EditorPlatform: 3918e3fc78b5a79bad01e8451be0beb8 -> 
  custom:scripting/monoscript/fileName/CRTRenderSettingsObject.cs: 24bb0e83561f29e599898e7a5864aecc -> 
  custom:framework-osx-AVFoundation: e770b220cccbd017edd2c1fefb359320 -> 
  custom:video-encoder-webm-vp8: eb34c28f22e8b96e1ab97ce403110664 -> 
  custom:scripting/monoscript/fileName/CRTDemoBehaviour.cs: 20f57549ec3eef6393f5bf74787367c9 -> 
  custom:audio-decoder-ogg-vorbis: bf7c407c2cedff20999df2af8eb42d56 -> 
  custom:audio-encoder-webm-vorbis: bf7c407c2cedff20999df2af8eb42d56 -> 
========================================================================
Received Import Request.
  Time since last request: 1248059.954017 seconds.
  path: Assets/Art/Textures/BARK.png
  artifactKey: Guid(5fe6324c3503b49758d454846e8120a5) Importer(2089858483,0ecaa5967403d082aa24f35e1b516d23)
Start importing Assets/Art/Textures/BARK.png using Guid(5fe6324c3503b49758d454846e8120a5) Importer(2089858483,0ecaa5967403d082aa24f35e1b516d23) [PhysX] Initialized MultithreadedTaskDispatcher with 10 workers.
 -> (artifact id: 'f4d0b8d374aa6cd93a1fd031407591c9') in 0.123091 seconds
Number of updated asset objects reloaded before import = 0
Number of asset objects unloaded after import = 1
========================================================================
Received Import Request.
  Time since last request: 0.000134 seconds.
  path: Assets/Art/Textures/Dialog_box_normal.png
  artifactKey: Guid(41daf441393ac4c03b13f04f5cca81e7) Importer(2089858483,0ecaa5967403d082aa24f35e1b516d23)
Start importing Assets/Art/Textures/Dialog_box_normal.png using Guid(41daf441393ac4c03b13f04f5cca81e7) Importer(2089858483,0ecaa5967403d082aa24f35e1b516d23) [PhysX] Initialized MultithreadedTaskDispatcher with 10 workers.
 -> (artifact id: '9c92501bdc029fe43998bc2da027a756') in 0.006538 seconds
Number of updated asset objects reloaded before import = 0
Number of asset objects unloaded after import = 1
========================================================================
Received Import Request.
  Time since last request: 0.000105 seconds.
  path: Assets/Art/models/FBX_Lamp_cables.fbx
  artifactKey: Guid(a3d700b8a2b834eb5b955b668754306d) Importer(2089858483,0ecaa5967403d082aa24f35e1b516d23)
Start importing Assets/Art/models/FBX_Lamp_cables.fbx using Guid(a3d700b8a2b834eb5b955b668754306d) Importer(2089858483,0ecaa5967403d082aa24f35e1b516d23) [PhysX] Initialized MultithreadedTaskDispatcher with 10 workers.
 -> (artifact id: '6b681904049979b0bbf3566331d339f8') in 0.026487 seconds
Number of updated asset objects reloaded before import = 0
Number of asset objects unloaded after import = 7
========================================================================
Received Import Request.
  Time since last request: 0.000132 seconds.
  path: Assets/Art/models/FBX_Plank_Broken_V1.fbx
  artifactKey: Guid(0bff8cd7371b4487e96aa1764855e466) Importer(2089858483,0ecaa5967403d082aa24f35e1b516d23)
Start importing Assets/Art/models/FBX_Plank_Broken_V1.fbx using Guid(0bff8cd7371b4487e96aa1764855e466) Importer(2089858483,0ecaa5967403d082aa24f35e1b516d23) [PhysX] Initialized MultithreadedTaskDispatcher with 10 workers.
 -> (artifact id: '749cc9757ed395bfafa524d1ba6b5160') in 0.005133 seconds
Number of updated asset objects reloaded before import = 0
Number of asset objects unloaded after import = 7
========================================================================
Received Import Request.
  Time since last request: 0.000035 seconds.
  path: Assets/Art/models/FBX_Fence.fbx
  artifactKey: Guid(f4f7a372e15b04a76ba6cd118b340c6f) Importer(2089858483,0ecaa5967403d082aa24f35e1b516d23)
Start importing Assets/Art/models/FBX_Fence.fbx using Guid(f4f7a372e15b04a76ba6cd118b340c6f) Importer(2089858483,0ecaa5967403d082aa24f35e1b516d23) [PhysX] Initialized MultithreadedTaskDispatcher with 10 workers.
 -> (artifact id: '12a2258d6833fafa5e58e26549d834c2') in 0.006311 seconds
Number of updated asset objects reloaded before import = 0
Number of asset objects unloaded after import = 7
========================================================================
Received Import Request.
  Time since last request: 0.000360 seconds.
  path: Assets/TextMesh Pro/Documentation/TextMesh Pro User Guide 2016.pdf
  artifactKey: Guid(1b8d251f9af63b746bf2f7ffe00ebb9b) Importer(2089858483,0ecaa5967403d082aa24f35e1b516d23)
Start importing Assets/TextMesh Pro/Documentation/TextMesh Pro User Guide 2016.pdf using Guid(1b8d251f9af63b746bf2f7ffe00ebb9b) Importer(2089858483,0ecaa5967403d082aa24f35e1b516d23) [PhysX] Initialized MultithreadedTaskDispatcher with 10 workers.
 -> (artifact id: '6db0154dc7d39c003e1adc3363d41b75') in 0.001486 seconds
Number of updated asset objects reloaded before import = 0
Number of asset objects unloaded after import = 1
========================================================================
Received Import Request.
  Time since last request: 0.000060 seconds.
  path: Assets/Art/models/FBX_Bush_Tall.fbx
  artifactKey: Guid(c3442d8851d464ef59e4a766762efd3a) Importer(2089858483,0ecaa5967403d082aa24f35e1b516d23)
Start importing Assets/Art/models/FBX_Bush_Tall.fbx using Guid(c3442d8851d464ef59e4a766762efd3a) Importer(2089858483,0ecaa5967403d082aa24f35e1b516d23) [PhysX] Initialized MultithreadedTaskDispatcher with 10 workers.
 -> (artifact id: 'e91efb4c0bd1fd94128a861df510d79a') in 0.004925 seconds
Number of updated asset objects reloaded before import = 0
Number of asset objects unloaded after import = 7
========================================================================
Received Import Request.
  Time since last request: 0.000083 seconds.
  path: Assets/Art/models/House_Elements.fbx
  artifactKey: Guid(d49344f8119ae470daa945034ca4e15e) Importer(2089858483,0ecaa5967403d082aa24f35e1b516d23)
Start importing Assets/Art/models/House_Elements.fbx using Guid(d49344f8119ae470daa945034ca4e15e) Importer(2089858483,0ecaa5967403d082aa24f35e1b516d23) [PhysX] Initialized MultithreadedTaskDispatcher with 10 workers.
 -> (artifact id: 'bc43b1795298b54b21cccbebd0f50c9e') in 0.013899 seconds
Number of updated asset objects reloaded before import = 0
Number of asset objects unloaded after import = 59
========================================================================
Received Import Request.
  Time since last request: 0.000030 seconds.
  path: Assets/Art/models/FBX_Cabinet_for_shoes.fbx
  artifactKey: Guid(a098a018328e5430d98938aa330c7a6e) Importer(2089858483,0ecaa5967403d082aa24f35e1b516d23)
Start importing Assets/Art/models/FBX_Cabinet_for_shoes.fbx using Guid(a098a018328e5430d98938aa330c7a6e) Importer(2089858483,0ecaa5967403d082aa24f35e1b516d23) [PhysX] Initialized MultithreadedTaskDispatcher with 10 workers.
 -> (artifact id: '5851f245d9195a1a059a2f844b443011') in 0.005587 seconds
Number of updated asset objects reloaded before import = 0
Number of asset objects unloaded after import = 7
========================================================================
Received Import Request.
  Time since last request: 0.000059 seconds.
  path: Assets/Art/models/FBX_Carpet.fbx
  artifactKey: Guid(0a8f65c3ea9d54a8d81df55fdf9ed89e) Importer(2089858483,0ecaa5967403d082aa24f35e1b516d23)
Start importing Assets/Art/models/FBX_Carpet.fbx using Guid(0a8f65c3ea9d54a8d81df55fdf9ed89e) Importer(2089858483,0ecaa5967403d082aa24f35e1b516d23) [PhysX] Initialized MultithreadedTaskDispatcher with 10 workers.
 -> (artifact id: '5b2038e37212bc0f5756b1d419cfb4e2') in 0.005827 seconds
Number of updated asset objects reloaded before import = 0
Number of asset objects unloaded after import = 7
========================================================================
Received Import Request.
  Time since last request: 0.000029 seconds.
  path: Assets/Art/Textures/PLANKS.png
  artifactKey: Guid(2246b9595bb9e4fd4a6c6ce60c58085c) Importer(2089858483,0ecaa5967403d082aa24f35e1b516d23)
Start importing Assets/Art/Textures/PLANKS.png using Guid(2246b9595bb9e4fd4a6c6ce60c58085c) Importer(2089858483,0ecaa5967403d082aa24f35e1b516d23) [PhysX] Initialized MultithreadedTaskDispatcher with 10 workers.
 -> (artifact id: '50def29360bb65dc7f126f3123c92f68') in 0.004238 seconds
Number of updated asset objects reloaded before import = 0
Number of asset objects unloaded after import = 1
========================================================================
Received Import Request.
  Time since last request: 0.000088 seconds.
  path: Assets/Art/models/FBX_TRASHCAN.fbx
  artifactKey: Guid(61218b7fbe8ba42589a5578eb6870824) Importer(2089858483,0ecaa5967403d082aa24f35e1b516d23)
Start importing Assets/Art/models/FBX_TRASHCAN.fbx using Guid(61218b7fbe8ba42589a5578eb6870824) Importer(2089858483,0ecaa5967403d082aa24f35e1b516d23) [PhysX] Initialized MultithreadedTaskDispatcher with 10 workers.
 -> (artifact id: '79565289c9fa4d4dc475acf23147ee2c') in 0.005963 seconds
Number of updated asset objects reloaded before import = 0
Number of asset objects unloaded after import = 7
========================================================================
Received Import Request.
  Time since last request: 0.000038 seconds.
  path: Assets/Art/Textures/Texture_wallpaper.png
  artifactKey: Guid(dbda163e9569a48408e4872cf5f1eeed) Importer(2089858483,0ecaa5967403d082aa24f35e1b516d23)
Start importing Assets/Art/Textures/Texture_wallpaper.png using Guid(dbda163e9569a48408e4872cf5f1eeed) Importer(2089858483,0ecaa5967403d082aa24f35e1b516d23) [PhysX] Initialized MultithreadedTaskDispatcher with 10 workers.
 -> (artifact id: 'a1daa95ff63d6f936f58c5d2687f1294') in 0.003977 seconds
Number of updated asset objects reloaded before import = 0
Number of asset objects unloaded after import = 1
========================================================================
Received Import Request.
  Time since last request: 0.000031 seconds.
  path: Assets/Art/Textures/Dialog_image_Woman_dead.png
  artifactKey: Guid(fc126626ed9dd4bf6b53ac4483ef1ae0) Importer(2089858483,0ecaa5967403d082aa24f35e1b516d23)
Start importing Assets/Art/Textures/Dialog_image_Woman_dead.png using Guid(fc126626ed9dd4bf6b53ac4483ef1ae0) Importer(2089858483,0ecaa5967403d082aa24f35e1b516d23) [PhysX] Initialized MultithreadedTaskDispatcher with 10 workers.
 -> (artifact id: '5be4eded141a89a0b4f0a93157ea09b4') in 0.006014 seconds
Number of updated asset objects reloaded before import = 0
Number of asset objects unloaded after import = 1
========================================================================
Received Import Request.
  Time since last request: 0.000095 seconds.
  path: Assets/Art/Textures/Texture_photo.png
  artifactKey: Guid(f4e550a5ea5df46a482a5803a2bd5b28) Importer(2089858483,0ecaa5967403d082aa24f35e1b516d23)
Start importing Assets/Art/Textures/Texture_photo.png using Guid(f4e550a5ea5df46a482a5803a2bd5b28) Importer(2089858483,0ecaa5967403d082aa24f35e1b516d23) [PhysX] Initialized MultithreadedTaskDispatcher with 10 workers.
 -> (artifact id: '927d6c88afd5533249cd14a70aaf0eac') in 0.005151 seconds
Number of updated asset objects reloaded before import = 0
Number of asset objects unloaded after import = 1
========================================================================
Received Import Request.
  Time since last request: 0.000024 seconds.
  path: Assets/Art/Textures/Texture_clouds_first.png
  artifactKey: Guid(b7f60ab3780f641b59ceded9911f13d7) Importer(2089858483,0ecaa5967403d082aa24f35e1b516d23)
Start importing Assets/Art/Textures/Texture_clouds_first.png using Guid(b7f60ab3780f641b59ceded9911f13d7) Importer(2089858483,0ecaa5967403d082aa24f35e1b516d23) [PhysX] Initialized MultithreadedTaskDispatcher with 10 workers.
 -> (artifact id: '80ec8086ce1ef81e972e623be6514fd7') in 0.003696 seconds
Number of updated asset objects reloaded before import = 0
Number of asset objects unloaded after import = 1
========================================================================
Received Import Request.
  Time since last request: 0.000071 seconds.
  path: Assets/TextMesh Pro/Resources/TMP Settings.asset
  artifactKey: Guid(3f5b5dff67a942289a9defa416b206f3) Importer(2089858483,0ecaa5967403d082aa24f35e1b516d23)
Start importing Assets/TextMesh Pro/Resources/TMP Settings.asset using Guid(3f5b5dff67a942289a9defa416b206f3) Importer(2089858483,0ecaa5967403d082aa24f35e1b516d23) [PhysX] Initialized MultithreadedTaskDispatcher with 10 workers.
 -> (artifact id: '125cc694a999447b350ab03aa831a9ff') in 0.020579 seconds
Number of updated asset objects reloaded before import = 0
Number of asset objects unloaded after import = 15
========================================================================
Received Import Request.
  Time since last request: 0.000024 seconds.
  path: Assets/Art/Textures/Texture_background.png
  artifactKey: Guid(71ffdb4ac06fb4308a78d7697b02b8ac) Importer(2089858483,0ecaa5967403d082aa24f35e1b516d23)
Start importing Assets/Art/Textures/Texture_background.png using Guid(71ffdb4ac06fb4308a78d7697b02b8ac) Importer(2089858483,0ecaa5967403d082aa24f35e1b516d23) [PhysX] Initialized MultithreadedTaskDispatcher with 10 workers.
 -> (artifact id: '79dbf1c095eb6ceacc92703880bb8d89') in 0.003608 seconds
Number of updated asset objects reloaded before import = 0
Number of asset objects unloaded after import = 1
========================================================================
Received Import Request.
  Time since last request: 0.000038 seconds.
  path: Assets/Scripts/sound/MainThemeManager.cs
  artifactKey: Guid(e1f04de48a627484db6cc665e0b1fc49) Importer(2089858483,0ecaa5967403d082aa24f35e1b516d23)
Start importing Assets/Scripts/sound/MainThemeManager.cs using Guid(e1f04de48a627484db6cc665e0b1fc49) Importer(2089858483,0ecaa5967403d082aa24f35e1b516d23) [PhysX] Initialized MultithreadedTaskDispatcher with 10 workers.
 -> (artifact id: 'b9cb83de1444ff6ae69d6c483d5c33db') in 0.002687 seconds
Number of updated asset objects reloaded before import = 0
Number of asset objects unloaded after import = 1
========================================================================
Received Import Request.
  Time since last request: 0.000029 seconds.
  path: Assets/Plugins/FMOD/README.txt
  artifactKey: Guid(081074d1d9d6ab448b88688c3730e8a1) Importer(2089858483,0ecaa5967403d082aa24f35e1b516d23)
Start importing Assets/Plugins/FMOD/README.txt using Guid(081074d1d9d6ab448b88688c3730e8a1) Importer(2089858483,0ecaa5967403d082aa24f35e1b516d23) [PhysX] Initialized MultithreadedTaskDispatcher with 10 workers.
 -> (artifact id: '495579c809be7396ded9419d2784da9e') in 0.001578 seconds
Number of updated asset objects reloaded before import = 0
Number of asset objects unloaded after import = 1
========================================================================
Received Import Request.
  Time since last request: 0.000063 seconds.
  path: Assets/Art/models/FBX_Table.fbx
  artifactKey: Guid(a296429627e694fbaa559b02069810d5) Importer(2089858483,0ecaa5967403d082aa24f35e1b516d23)
Start importing Assets/Art/models/FBX_Table.fbx using Guid(a296429627e694fbaa559b02069810d5) Importer(2089858483,0ecaa5967403d082aa24f35e1b516d23) [PhysX] Initialized MultithreadedTaskDispatcher with 10 workers.
 -> (artifact id: '7dfa94488b40b8e85711a1b2baad6dc1') in 0.004173 seconds
Number of updated asset objects reloaded before import = 0
Number of asset objects unloaded after import = 7
========================================================================
Received Import Request.
  Time since last request: 0.000051 seconds.
  path: Assets/Scripts/Player/MovementDisabler.cs
  artifactKey: Guid(aa3221edd29cb4f46bc87b75f1562f24) Importer(2089858483,0ecaa5967403d082aa24f35e1b516d23)
Start importing Assets/Scripts/Player/MovementDisabler.cs using Guid(aa3221edd29cb4f46bc87b75f1562f24) Importer(2089858483,0ecaa5967403d082aa24f35e1b516d23) [PhysX] Initialized MultithreadedTaskDispatcher with 10 workers.
 -> (artifact id: '84d013eb2d77eed56d550cfbaa8b7c56') in 0.001346 seconds
Number of updated asset objects reloaded before import = 0
Number of asset objects unloaded after import = 1
========================================================================
Received Import Request.
  Time since last request: 0.000044 seconds.
  path: Assets/Art/Textures/Grafika_bez_nazwy 3.png
  artifactKey: Guid(b6f5decf645d44927ae5aaf3a3db1b0a) Importer(2089858483,0ecaa5967403d082aa24f35e1b516d23)
Start importing Assets/Art/Textures/Grafika_bez_nazwy 3.png using Guid(b6f5decf645d44927ae5aaf3a3db1b0a) Importer(2089858483,0ecaa5967403d082aa24f35e1b516d23) [PhysX] Initialized MultithreadedTaskDispatcher with 10 workers.
 -> (artifact id: '15604a034b494d0af800d8f1d39e2b64') in 0.007159 seconds
Number of updated asset objects reloaded before import = 0
Number of asset objects unloaded after import = 3
========================================================================
Received Import Request.
  Time since last request: 0.000025 seconds.
  path: Assets/Art/Textures/METAL-MAT.png
  artifactKey: Guid(4580aff87b4ac4fb7b5d028c77e4cc2a) Importer(2089858483,0ecaa5967403d082aa24f35e1b516d23)
Start importing Assets/Art/Textures/METAL-MAT.png using Guid(4580aff87b4ac4fb7b5d028c77e4cc2a) Importer(2089858483,0ecaa5967403d082aa24f35e1b516d23) [PhysX] Initialized MultithreadedTaskDispatcher with 10 workers.
 -> (artifact id: '94d8d98b4abd3f160bb562fc226d9198') in 0.004196 seconds
Number of updated asset objects reloaded before import = 0
Number of asset objects unloaded after import = 1
========================================================================
Received Import Request.
  Time since last request: 0.000045 seconds.
  path: Assets/Art/Wojtek nowe modele/Szafa.fbx
  artifactKey: Guid(1c28c2671cfbb4b4a875a8712cf9074d) Importer(2089858483,0ecaa5967403d082aa24f35e1b516d23)
Start importing Assets/Art/Wojtek nowe modele/Szafa.fbx using Guid(1c28c2671cfbb4b4a875a8712cf9074d) Importer(2089858483,0ecaa5967403d082aa24f35e1b516d23) [PhysX] Initialized MultithreadedTaskDispatcher with 10 workers.
 -> (artifact id: '910654d7f4a3bfdd0dc0fa7fb0459b0a') in 0.008707 seconds
Number of updated asset objects reloaded before import = 0
Number of asset objects unloaded after import = 8
========================================================================
Received Import Request.
  Time since last request: 0.000036 seconds.
  path: Assets/Art/Textures/Logo.png
  artifactKey: Guid(b0f0fe506724544a39135fe6c0ca55f8) Importer(2089858483,0ecaa5967403d082aa24f35e1b516d23)
Start importing Assets/Art/Textures/Logo.png using Guid(b0f0fe506724544a39135fe6c0ca55f8) Importer(2089858483,0ecaa5967403d082aa24f35e1b516d23) [PhysX] Initialized MultithreadedTaskDispatcher with 10 workers.
 -> (artifact id: '32f321e31ecada00f885d9754189f09e') in 0.008485 seconds
Number of updated asset objects reloaded before import = 0
Number of asset objects unloaded after import = 1
========================================================================
Received Import Request.
  Time since last request: 0.000026 seconds.
  path: Assets/Art/models/FBX_Fence_balcony.fbx
  artifactKey: Guid(dcd61d82bde8a4394845f24dc2da1d6e) Importer(2089858483,0ecaa5967403d082aa24f35e1b516d23)
Start importing Assets/Art/models/FBX_Fence_balcony.fbx using Guid(dcd61d82bde8a4394845f24dc2da1d6e) Importer(2089858483,0ecaa5967403d082aa24f35e1b516d23) [PhysX] Initialized MultithreadedTaskDispatcher with 10 workers.
 -> (artifact id: 'b21c1d5b3a7de03bd0f84ff146e72548') in 0.005244 seconds
Number of updated asset objects reloaded before import = 0
Number of asset objects unloaded after import = 7
========================================================================
Received Import Request.
  Time since last request: 0.000026 seconds.
  path: Assets/Art/models/FBX_House_roof.fbx
  artifactKey: Guid(f378d5e30b3214a21886bf8b6a28daae) Importer(2089858483,0ecaa5967403d082aa24f35e1b516d23)
Start importing Assets/Art/models/FBX_House_roof.fbx using Guid(f378d5e30b3214a21886bf8b6a28daae) Importer(2089858483,0ecaa5967403d082aa24f35e1b516d23) [PhysX] Initialized MultithreadedTaskDispatcher with 10 workers.
 -> (artifact id: '136baf4e2bf14ddb6bdddafcbf69a2b0') in 0.004782 seconds
Number of updated asset objects reloaded before import = 0
Number of asset objects unloaded after import = 7
========================================================================
Received Import Request.
  Time since last request: 2.511099 seconds.
  path: Assets/TextMesh Pro/Shaders/TMP_SDF-Mobile SSD.shader
  artifactKey: Guid(c8d12adcee749c344b8117cf7c7eb912) Importer(2089858483,0ecaa5967403d082aa24f35e1b516d23)
Start importing Assets/TextMesh Pro/Shaders/TMP_SDF-Mobile SSD.shader using Guid(c8d12adcee749c344b8117cf7c7eb912) Importer(2089858483,0ecaa5967403d082aa24f35e1b516d23) [PhysX] Initialized MultithreadedTaskDispatcher with 10 workers.
 -> (artifact id: '239bc800a29ee1dabd2675139e74f4e3') in 0.008138 seconds
Number of updated asset objects reloaded before import = 0
Number of asset objects unloaded after import = 1
========================================================================
Received Import Request.
  Time since last request: 0.000164 seconds.
  path: Assets/Plugins/FMOD/src/FMODEventTrack.cs
  artifactKey: Guid(133253f56854570409c222a87786b263) Importer(2089858483,0ecaa5967403d082aa24f35e1b516d23)
Start importing Assets/Plugins/FMOD/src/FMODEventTrack.cs using Guid(133253f56854570409c222a87786b263) Importer(2089858483,0ecaa5967403d082aa24f35e1b516d23) [PhysX] Initialized MultithreadedTaskDispatcher with 10 workers.
 -> (artifact id: 'ca7c82026d2454261957e9f731502235') in 0.002856 seconds
Number of updated asset objects reloaded before import = 0
Number of asset objects unloaded after import = 2
========================================================================
Received Import Request.
  Time since last request: 0.000034 seconds.
  path: Assets/Plugins/FMOD/src/FMODRuntimeManagerOnGUIHelper.cs
  artifactKey: Guid(4417faacebce0de4fbde25ec23055cf4) Importer(2089858483,0ecaa5967403d082aa24f35e1b516d23)
Start importing Assets/Plugins/FMOD/src/FMODRuntimeManagerOnGUIHelper.cs using Guid(4417faacebce0de4fbde25ec23055cf4) Importer(2089858483,0ecaa5967403d082aa24f35e1b516d23) [PhysX] Initialized MultithreadedTaskDispatcher with 10 workers.
 -> (artifact id: 'f23e001ece248f6fcbc34a361998b88b') in 0.002521 seconds
Number of updated asset objects reloaded before import = 0
Number of asset objects unloaded after import = 1
========================================================================
Received Import Request.
  Time since last request: 0.000082 seconds.
  path: Assets/TextMesh Pro/Sprites/EmojiOne.json
  artifactKey: Guid(8f05276190cf498a8153f6cbe761d4e6) Importer(2089858483,0ecaa5967403d082aa24f35e1b516d23)
Start importing Assets/TextMesh Pro/Sprites/EmojiOne.json using Guid(8f05276190cf498a8153f6cbe761d4e6) Importer(2089858483,0ecaa5967403d082aa24f35e1b516d23) [PhysX] Initialized MultithreadedTaskDispatcher with 10 workers.
 -> (artifact id: 'f7d8936dd6f3fe21b7d82d347238ad31') in 0.001783 seconds
Number of updated asset objects reloaded before import = 0
Number of asset objects unloaded after import = 1
========================================================================
Received Import Request.
  Time since last request: 0.000115 seconds.
  path: Assets/Plugins/FMOD/src/fmod_studio.cs
  artifactKey: Guid(ae7eb0b6a2bff364b9c1fae52173e74c) Importer(2089858483,0ecaa5967403d082aa24f35e1b516d23)
Start importing Assets/Plugins/FMOD/src/fmod_studio.cs using Guid(ae7eb0b6a2bff364b9c1fae52173e74c) Importer(2089858483,0ecaa5967403d082aa24f35e1b516d23) [PhysX] Initialized MultithreadedTaskDispatcher with 10 workers.
 -> (artifact id: '90d63ad51ce8d757157b25b7e55badce') in 0.001660 seconds
Number of updated asset objects reloaded before import = 0
Number of asset objects unloaded after import = 1
========================================================================
Received Import Request.
  Time since last request: 0.000149 seconds.
  path: Assets/Plugins/FMOD/images/SnapshotIcon.png
  artifactKey: Guid(cf2bba5fb8be7e64ca39979f18eb372a) Importer(2089858483,0ecaa5967403d082aa24f35e1b516d23)
Start importing Assets/Plugins/FMOD/images/SnapshotIcon.png using Guid(cf2bba5fb8be7e64ca39979f18eb372a) Importer(2089858483,0ecaa5967403d082aa24f35e1b516d23) [PhysX] Initialized MultithreadedTaskDispatcher with 10 workers.
 -> (artifact id: '0a7e1ed8248d2b8886a7efc57738b2b4') in 0.006602 seconds
Number of updated asset objects reloaded before import = 0
Number of asset objects unloaded after import = 1
========================================================================
Received Import Request.
  Time since last request: 0.000121 seconds.
  path: Assets/Art/Shader/SubGraphs/Ambient SampleSH.shadersubgraph
  artifactKey: Guid(e13fbf63d7907af4ab4988492ac7bca8) Importer(2089858483,0ecaa5967403d082aa24f35e1b516d23)
Start importing Assets/Art/Shader/SubGraphs/Ambient SampleSH.shadersubgraph using Guid(e13fbf63d7907af4ab4988492ac7bca8) Importer(2089858483,0ecaa5967403d082aa24f35e1b516d23) [PhysX] Initialized MultithreadedTaskDispatcher with 10 workers.
 -> (artifact id: '552a8574344b669bfbf13e3281e0bcfa') in 0.005872 seconds
Number of updated asset objects reloaded before import = 0
Number of asset objects unloaded after import = 1
========================================================================
Received Import Request.
  Time since last request: 0.000087 seconds.
  path: Assets/Plugins/FMOD/src/EventHandler.cs
  artifactKey: Guid(a28d1e1a42561ed4f8d44293dab99079) Importer(2089858483,0ecaa5967403d082aa24f35e1b516d23)
Start importing Assets/Plugins/FMOD/src/EventHandler.cs using Guid(a28d1e1a42561ed4f8d44293dab99079) Importer(2089858483,0ecaa5967403d082aa24f35e1b516d23) [PhysX] Initialized MultithreadedTaskDispatcher with 10 workers.
 -> (artifact id: 'f3f364ac6d4a85945f154f0c3b0f51cc') in 0.002242 seconds
Number of updated asset objects reloaded before import = 0
Number of asset objects unloaded after import = 1
========================================================================
Received Import Request.
  Time since last request: 0.000157 seconds.
  path: Assets/Scripts/UI/PauseMenu/PauseManager.cs
  artifactKey: Guid(41379f06f48784c4c99400e78bf1752f) Importer(2089858483,0ecaa5967403d082aa24f35e1b516d23)
Start importing Assets/Scripts/UI/PauseMenu/PauseManager.cs using Guid(41379f06f48784c4c99400e78bf1752f) Importer(2089858483,0ecaa5967403d082aa24f35e1b516d23) [PhysX] Initialized MultithreadedTaskDispatcher with 10 workers.
 -> (artifact id: '0fba39a07db28fcf8adbfd3bf966fb75') in 0.001693 seconds
Number of updated asset objects reloaded before import = 0
Number of asset objects unloaded after import = 1
========================================================================
Received Import Request.
  Time since last request: 0.000103 seconds.
  path: Assets/TextMesh Pro/Sprites/EmojiOne.png
  artifactKey: Guid(dffef66376be4fa480fb02b19edbe903) Importer(2089858483,0ecaa5967403d082aa24f35e1b516d23)
Start importing Assets/TextMesh Pro/Sprites/EmojiOne.png using Guid(dffef66376be4fa480fb02b19edbe903) Importer(2089858483,0ecaa5967403d082aa24f35e1b516d23) [PhysX] Initialized MultithreadedTaskDispatcher with 10 workers.
 -> (artifact id: '045ab6f440a82182b08d9deb5690ec4c') in 0.006757 seconds
Number of updated asset objects reloaded before import = 0
Number of asset objects unloaded after import = 1
========================================================================
Received Import Request.
  Time since last request: 0.000118 seconds.
  path: Assets/Scripts/Interaction systems/Interactions/ChopWood.cs
  artifactKey: Guid(2bdb7a38ec938ca4aa792fb08a7f8422) Importer(2089858483,0ecaa5967403d082aa24f35e1b516d23)
Start importing Assets/Scripts/Interaction systems/Interactions/ChopWood.cs using Guid(2bdb7a38ec938ca4aa792fb08a7f8422) Importer(2089858483,0ecaa5967403d082aa24f35e1b516d23) [PhysX] Initialized MultithreadedTaskDispatcher with 10 workers.
 -> (artifact id: '1f024176839a0aeb8ac6ea86970d95e6') in 0.001527 seconds
Number of updated asset objects reloaded before import = 0
Number of asset objects unloaded after import = 1
========================================================================
Received Import Request.
  Time since last request: 0.000041 seconds.
  path: Assets/Art/Shader/SubGraphs/Main Light Layer Test.shadersubgraph
  artifactKey: Guid(ff89f0e401734344bb3b63ca6d1c4bb3) Importer(2089858483,0ecaa5967403d082aa24f35e1b516d23)
Start importing Assets/Art/Shader/SubGraphs/Main Light Layer Test.shadersubgraph using Guid(ff89f0e401734344bb3b63ca6d1c4bb3) Importer(2089858483,0ecaa5967403d082aa24f35e1b516d23) [PhysX] Initialized MultithreadedTaskDispatcher with 10 workers.
 -> (artifact id: '12a7ca72b1c8a2cb74ab5c678c018f3a') in 0.003543 seconds
Number of updated asset objects reloaded before import = 0
Number of asset objects unloaded after import = 1
========================================================================
Received Import Request.
  Time since last request: 0.000205 seconds.
  path: Assets/Mirza/CENSOR - Screen-Space Quantization and Refraction/Shaders/Censor.shadergraph
  artifactKey: Guid(b7be4dc6c1d80a8408c0d1f1cba8eba5) Importer(2089858483,0ecaa5967403d082aa24f35e1b516d23)
Start importing Assets/Mirza/CENSOR - Screen-Space Quantization and Refraction/Shaders/Censor.shadergraph using Guid(b7be4dc6c1d80a8408c0d1f1cba8eba5) Importer(2089858483,0ecaa5967403d082aa24f35e1b516d23) [PhysX] Initialized MultithreadedTaskDispatcher with 10 workers.
 -> (artifact id: 'e9c64c69a982eb012d57499104557098') in 0.004046 seconds
Number of updated asset objects reloaded before import = 0
Number of asset objects unloaded after import = 2
========================================================================
Received Import Request.
  Time since last request: 0.000045 seconds.
  path: Assets/Plugins/FMOD/src/StudioListener.cs
  artifactKey: Guid(86c6556701af9e04380698b89f691b6e) Importer(2089858483,0ecaa5967403d082aa24f35e1b516d23)
Start importing Assets/Plugins/FMOD/src/StudioListener.cs using Guid(86c6556701af9e04380698b89f691b6e) Importer(2089858483,0ecaa5967403d082aa24f35e1b516d23) [PhysX] Initialized MultithreadedTaskDispatcher with 10 workers.
 -> (artifact id: '51573dc4c233481052bd82367d154378') in 0.001754 seconds
Number of updated asset objects reloaded before import = 0
Number of asset objects unloaded after import = 1
========================================================================
Received Import Request.
  Time since last request: 0.000055 seconds.
  path: Assets/Art/FireFighter pack/FirefightersPack/Materials/Material.mat
  artifactKey: Guid(db08804b49da74344b7c51e4244d5f59) Importer(2089858483,0ecaa5967403d082aa24f35e1b516d23)
Start importing Assets/Art/FireFighter pack/FirefightersPack/Materials/Material.mat using Guid(db08804b49da74344b7c51e4244d5f59) Importer(2089858483,0ecaa5967403d082aa24f35e1b516d23) [PhysX] Initialized MultithreadedTaskDispatcher with 10 workers.
 -> (artifact id: '140a7e8034e323934b02e535923bdb4e') in 0.003222 seconds
Number of updated asset objects reloaded before import = 0
Number of asset objects unloaded after import = 2
========================================================================
Received Import Request.
  Time since last request: 0.000031 seconds.
  path: Assets/Scripts/Interaction systems/Interactions/OpenDoor.cs
  artifactKey: Guid(836d230ea7f02d54d9edd17c270ede9a) Importer(2089858483,0ecaa5967403d082aa24f35e1b516d23)
Start importing Assets/Scripts/Interaction systems/Interactions/OpenDoor.cs using Guid(836d230ea7f02d54d9edd17c270ede9a) Importer(2089858483,0ecaa5967403d082aa24f35e1b516d23) [PhysX] Initialized MultithreadedTaskDispatcher with 10 workers.
 -> (artifact id: '1ddda351422ec10c554c78ed7a2fd357') in 0.001392 seconds
Number of updated asset objects reloaded before import = 0
Number of asset objects unloaded after import = 1
========================================================================
Received Import Request.
  Time since last request: 0.000028 seconds.
  path: Assets/Plugins/FMOD/src/PlatformMobileHigh.cs
  artifactKey: Guid(93a382382f106584e8f8f62412fee177) Importer(2089858483,0ecaa5967403d082aa24f35e1b516d23)
Start importing Assets/Plugins/FMOD/src/PlatformMobileHigh.cs using Guid(93a382382f106584e8f8f62412fee177) Importer(2089858483,0ecaa5967403d082aa24f35e1b516d23) [PhysX] Initialized MultithreadedTaskDispatcher with 10 workers.
 -> (artifact id: 'a3768f67f84d9c7568e324815d460ad5') in 0.002626 seconds
Number of updated asset objects reloaded before import = 0
Number of asset objects unloaded after import = 1
========================================================================
Received Import Request.
  Time since last request: 0.000060 seconds.
  path: Assets/Art/FireFighter pack/FirefightersPack/Materials/Lights.mat
  artifactKey: Guid(760bede9573efab489b63fe4430e6b01) Importer(2089858483,0ecaa5967403d082aa24f35e1b516d23)
Start importing Assets/Art/FireFighter pack/FirefightersPack/Materials/Lights.mat using Guid(760bede9573efab489b63fe4430e6b01) Importer(2089858483,0ecaa5967403d082aa24f35e1b516d23) [PhysX] Initialized MultithreadedTaskDispatcher with 10 workers.
 -> (artifact id: 'f30816180b492c87c7fbda7dc7d78e2a') in 0.002766 seconds
Number of updated asset objects reloaded before import = 0
Number of asset objects unloaded after import = 2
========================================================================
Received Import Request.
  Time since last request: 0.000042 seconds.
  path: Assets/Scripts/Interaction systems/Interactions/Break.cs
  artifactKey: Guid(023144870e721af438e458e3aa79bc4e) Importer(2089858483,0ecaa5967403d082aa24f35e1b516d23)
Start importing Assets/Scripts/Interaction systems/Interactions/Break.cs using Guid(023144870e721af438e458e3aa79bc4e) Importer(2089858483,0ecaa5967403d082aa24f35e1b516d23) [PhysX] Initialized MultithreadedTaskDispatcher with 10 workers.
 -> (artifact id: 'fcd5a232d01f351471957dc0c2f862e0') in 0.001346 seconds
Number of updated asset objects reloaded before import = 0
Number of asset objects unloaded after import = 1
========================================================================
Received Import Request.
  Time since last request: 0.000046 seconds.
  path: Assets/Mirza/CENSOR - Screen-Space Quantization and Refraction/Settings/PC_Renderer.asset
  artifactKey: Guid(06b59cd663794b04987eb3f31ad0a166) Importer(2089858483,0ecaa5967403d082aa24f35e1b516d23)
Start importing Assets/Mirza/CENSOR - Screen-Space Quantization and Refraction/Settings/PC_Renderer.asset using Guid(06b59cd663794b04987eb3f31ad0a166) Importer(2089858483,0ecaa5967403d082aa24f35e1b516d23) [PhysX] Initialized MultithreadedTaskDispatcher with 10 workers.
 -> (artifact id: 'efbfc44f28b3e0e77b1fd46e3a24807d') in 0.013786 seconds
Number of updated asset objects reloaded before import = 0
Number of asset objects unloaded after import = 12
========================================================================
Received Import Request.
  Time since last request: 0.000028 seconds.
  path: Assets/Plugins/Sortify/Dashboard/SortifyDashboardWindow.cs
  artifactKey: Guid(1f18df1f152e7e34dbcc70ffeb1ed0dd) Importer(2089858483,0ecaa5967403d082aa24f35e1b516d23)
Start importing Assets/Plugins/Sortify/Dashboard/SortifyDashboardWindow.cs using Guid(1f18df1f152e7e34dbcc70ffeb1ed0dd) Importer(2089858483,0ecaa5967403d082aa24f35e1b516d23) [PhysX] Initialized MultithreadedTaskDispatcher with 10 workers.
 -> (artifact id: 'a3aeee4e5e006640a20ce3de87b371da') in 0.001814 seconds
Number of updated asset objects reloaded before import = 0
Number of asset objects unloaded after import = 1
========================================================================
Received Import Request.
  Time since last request: 0.000046 seconds.
  path: Assets/Plugins/FMOD/src/AutomatableSlots.cs
  artifactKey: Guid(9c13d4e62f5f7b44bb33162cbf29a9f8) Importer(2089858483,0ecaa5967403d082aa24f35e1b516d23)
Start importing Assets/Plugins/FMOD/src/AutomatableSlots.cs using Guid(9c13d4e62f5f7b44bb33162cbf29a9f8) Importer(2089858483,0ecaa5967403d082aa24f35e1b516d23) [PhysX] Initialized MultithreadedTaskDispatcher with 10 workers.
 -> (artifact id: 'dbb20408f143dfce8e59b96fc606fbb5') in 0.001351 seconds
Number of updated asset objects reloaded before import = 0
Number of asset objects unloaded after import = 1
========================================================================
Received Import Request.
  Time since last request: 0.000033 seconds.
  path: Assets/TextMesh Pro/Shaders/TMP_Sprite.shader
  artifactKey: Guid(cf81c85f95fe47e1a27f6ae460cf182c) Importer(2089858483,0ecaa5967403d082aa24f35e1b516d23)
Start importing Assets/TextMesh Pro/Shaders/TMP_Sprite.shader using Guid(cf81c85f95fe47e1a27f6ae460cf182c) Importer(2089858483,0ecaa5967403d082aa24f35e1b516d23) [PhysX] Initialized MultithreadedTaskDispatcher with 10 workers.
 -> (artifact id: '4d18dbb3af4fd1229048c0280e671dce') in 0.001935 seconds
Number of updated asset objects reloaded before import = 0
Number of asset objects unloaded after import = 1
========================================================================
Received Import Request.
  Time since last request: 0.000034 seconds.
  path: Assets/Plugins/FMOD/images/TransportOpen.png
  artifactKey: Guid(b0fb832e401d1514a9611735d8d340b1) Importer(2089858483,0ecaa5967403d082aa24f35e1b516d23)
Start importing Assets/Plugins/FMOD/images/TransportOpen.png using Guid(b0fb832e401d1514a9611735d8d340b1) Importer(2089858483,0ecaa5967403d082aa24f35e1b516d23) [PhysX] Initialized MultithreadedTaskDispatcher with 10 workers.
 -> (artifact id: 'e4b642d4c308777f5d29217d0ed77609') in 0.004989 seconds
Number of updated asset objects reloaded before import = 0
Number of asset objects unloaded after import = 1
========================================================================
Received Import Request.
  Time since last request: 0.000029 seconds.
  path: Assets/Plugins/FMOD/src/fmod.cs
  artifactKey: Guid(bd0d0c955caff8940ac1667ee36dd4c9) Importer(2089858483,0ecaa5967403d082aa24f35e1b516d23)
Start importing Assets/Plugins/FMOD/src/fmod.cs using Guid(bd0d0c955caff8940ac1667ee36dd4c9) Importer(2089858483,0ecaa5967403d082aa24f35e1b516d23) [PhysX] Initialized MultithreadedTaskDispatcher with 10 workers.
 -> (artifact id: '93bdbf39965b3841983e7aad111cb3ab') in 0.001460 seconds
Number of updated asset objects reloaded before import = 0
Number of asset objects unloaded after import = 1
========================================================================
Received Import Request.
  Time since last request: 0.000053 seconds.
  path: Assets/Art/Shader/SubGraphs/Mix Fog.shadersubgraph
  artifactKey: Guid(aadfc52f8da612746841c7c5af3fcea6) Importer(2089858483,0ecaa5967403d082aa24f35e1b516d23)
Start importing Assets/Art/Shader/SubGraphs/Mix Fog.shadersubgraph using Guid(aadfc52f8da612746841c7c5af3fcea6) Importer(2089858483,0ecaa5967403d082aa24f35e1b516d23) [PhysX] Initialized MultithreadedTaskDispatcher with 10 workers.
 -> (artifact id: '412e36d988f9e02aafb2fc2043a22110') in 0.002579 seconds
Number of updated asset objects reloaded before import = 0
Number of asset objects unloaded after import = 1
========================================================================
Received Import Request.
  Time since last request: 0.000099 seconds.
  path: Assets/Scripts/Interaction systems/Interactions/PickUpWoman.cs
  artifactKey: Guid(de6eb06b8220dd146b8639b12f937bc8) Importer(2089858483,0ecaa5967403d082aa24f35e1b516d23)
Start importing Assets/Scripts/Interaction systems/Interactions/PickUpWoman.cs using Guid(de6eb06b8220dd146b8639b12f937bc8) Importer(2089858483,0ecaa5967403d082aa24f35e1b516d23) [PhysX] Initialized MultithreadedTaskDispatcher with 10 workers.
 -> (artifact id: 'a43dca71c03cee754fdc26d44a980857') in 0.001361 seconds
Number of updated asset objects reloaded before import = 0
Number of asset objects unloaded after import = 1
========================================================================
Received Import Request.
  Time since last request: 0.000049 seconds.
  path: Assets/Plugins/FMOD/src/fmod_errors.cs
  artifactKey: Guid(6e0992509b0077e479d2da05c8f52eb0) Importer(2089858483,0ecaa5967403d082aa24f35e1b516d23)
Start importing Assets/Plugins/FMOD/src/fmod_errors.cs using Guid(6e0992509b0077e479d2da05c8f52eb0) Importer(2089858483,0ecaa5967403d082aa24f35e1b516d23) [PhysX] Initialized MultithreadedTaskDispatcher with 10 workers.
 -> (artifact id: '76298b0abe0e8d4edabf114aa4c32638') in 0.001414 seconds
Number of updated asset objects reloaded before import = 0
Number of asset objects unloaded after import = 1
========================================================================
Received Import Request.
  Time since last request: 0.000035 seconds.
  path: Assets/Plugins/FMOD/src/PlatformDefault.cs
  artifactKey: Guid(9587379c972e4a54da1949613f11e1c6) Importer(2089858483,0ecaa5967403d082aa24f35e1b516d23)
Start importing Assets/Plugins/FMOD/src/PlatformDefault.cs using Guid(9587379c972e4a54da1949613f11e1c6) Importer(2089858483,0ecaa5967403d082aa24f35e1b516d23) [PhysX] Initialized MultithreadedTaskDispatcher with 10 workers.
 -> (artifact id: '7b8acb440ba2c10ba08fa7708a3985fd') in 0.001441 seconds
Number of updated asset objects reloaded before import = 0
Number of asset objects unloaded after import = 1
========================================================================
Received Import Request.
  Time since last request: 0.000060 seconds.
  path: Assets/Scripts/UI/Controls_Popup/Billboard.cs
  artifactKey: Guid(f0ded838a67c90e4bb4212ef2af347aa) Importer(2089858483,0ecaa5967403d082aa24f35e1b516d23)
Start importing Assets/Scripts/UI/Controls_Popup/Billboard.cs using Guid(f0ded838a67c90e4bb4212ef2af347aa) Importer(2089858483,0ecaa5967403d082aa24f35e1b516d23) [PhysX] Initialized MultithreadedTaskDispatcher with 10 workers.
 -> (artifact id: '7e0206fd1c8c40dc12e7d89d2fe2c6f3') in 0.001209 seconds
Number of updated asset objects reloaded before import = 0
Number of asset objects unloaded after import = 1
========================================================================
Received Import Request.
  Time since last request: 0.000032 seconds.
  path: Assets/TextMesh Pro/Shaders/TMP_SDF-Mobile.shader
  artifactKey: Guid(fe393ace9b354375a9cb14cdbbc28be4) Importer(2089858483,0ecaa5967403d082aa24f35e1b516d23)
Start importing Assets/TextMesh Pro/Shaders/TMP_SDF-Mobile.shader using Guid(fe393ace9b354375a9cb14cdbbc28be4) Importer(2089858483,0ecaa5967403d082aa24f35e1b516d23) [PhysX] Initialized MultithreadedTaskDispatcher with 10 workers.
 -> (artifact id: 'bc89f56cb8d1f6ec1aa4de5412aefc80') in 0.001972 seconds
Number of updated asset objects reloaded before import = 0
Number of asset objects unloaded after import = 1
========================================================================
Received Import Request.
  Time since last request: 0.000025 seconds.
  path: Assets/Mirza/CENSOR - Screen-Space Quantization and Refraction/Textures/Tree.png
  artifactKey: Guid(fbb9f6fe0b215f343ab6bdb51575a818) Importer(2089858483,0ecaa5967403d082aa24f35e1b516d23)
Start importing Assets/Mirza/CENSOR - Screen-Space Quantization and Refraction/Textures/Tree.png using Guid(fbb9f6fe0b215f343ab6bdb51575a818) Importer(2089858483,0ecaa5967403d082aa24f35e1b516d23) [PhysX] Initialized MultithreadedTaskDispatcher with 10 workers.
 -> (artifact id: 'db6d550ff8a96efbfde6a3c9e1814fa7') in 0.004762 seconds
Number of updated asset objects reloaded before import = 0
Number of asset objects unloaded after import = 1
========================================================================
Received Import Request.
  Time since last request: 0.000058 seconds.
  path: Assets/Scripts/Interaction systems/Interactions/Push.cs
  artifactKey: Guid(8291ddda010c44548ac67b7b9bb1bd8b) Importer(2089858483,0ecaa5967403d082aa24f35e1b516d23)
Start importing Assets/Scripts/Interaction systems/Interactions/Push.cs using Guid(8291ddda010c44548ac67b7b9bb1bd8b) Importer(2089858483,0ecaa5967403d082aa24f35e1b516d23) [PhysX] Initialized MultithreadedTaskDispatcher with 10 workers.
 -> (artifact id: '0b4e751addf612f90e5b75c48f1f5888') in 0.001130 seconds
Number of updated asset objects reloaded before import = 0
Number of asset objects unloaded after import = 1
========================================================================
Received Import Request.
  Time since last request: 0.000051 seconds.
  path: Assets/Mirza/CENSOR - Screen-Space Quantization and Refraction/Settings/SampleSceneProfile.asset
  artifactKey: Guid(0e0a8d43f2d4b5347a1af1ea12e13ed4) Importer(2089858483,0ecaa5967403d082aa24f35e1b516d23)
Start importing Assets/Mirza/CENSOR - Screen-Space Quantization and Refraction/Settings/SampleSceneProfile.asset using Guid(0e0a8d43f2d4b5347a1af1ea12e13ed4) Importer(2089858483,0ecaa5967403d082aa24f35e1b516d23) [PhysX] Initialized MultithreadedTaskDispatcher with 10 workers.
 -> (artifact id: 'abce1b158cbaae17b1c562fe20c1c32b') in 0.004062 seconds
Number of updated asset objects reloaded before import = 0
Number of asset objects unloaded after import = 6
========================================================================
Received Import Request.
  Time since last request: 0.000087 seconds.
  path: Assets/Plugins/FMOD/src/FMODEventPlayable.cs
  artifactKey: Guid(987a467495df9d942b56b1b51381d095) Importer(2089858483,0ecaa5967403d082aa24f35e1b516d23)
Start importing Assets/Plugins/FMOD/src/FMODEventPlayable.cs using Guid(987a467495df9d942b56b1b51381d095) Importer(2089858483,0ecaa5967403d082aa24f35e1b516d23) [PhysX] Initialized MultithreadedTaskDispatcher with 10 workers.
 -> (artifact id: '85c3e36b1ca26c2fbbb42f49f4cf801e') in 0.001587 seconds
Number of updated asset objects reloaded before import = 0
Number of asset objects unloaded after import = 1
========================================================================
Received Import Request.
  Time since last request: 0.000033 seconds.
  path: Assets/Plugins/FMOD/images/NotFound.png
  artifactKey: Guid(1138ab068176f29499337d7a73dfecd9) Importer(2089858483,0ecaa5967403d082aa24f35e1b516d23)
Start importing Assets/Plugins/FMOD/images/NotFound.png using Guid(1138ab068176f29499337d7a73dfecd9) Importer(2089858483,0ecaa5967403d082aa24f35e1b516d23) [PhysX] Initialized MultithreadedTaskDispatcher with 10 workers.
 -> (artifact id: 'be9052dd26133efa8440424bb05e6cd0') in 0.003956 seconds
Number of updated asset objects reloaded before import = 0
Number of asset objects unloaded after import = 1
========================================================================
Received Import Request.
  Time since last request: 0.000055 seconds.
  path: Assets/Scripts/UI/Controls_Popup/KeyPrompt.cs
  artifactKey: Guid(a23f5b4ae518c554482db88a4e19126f) Importer(2089858483,0ecaa5967403d082aa24f35e1b516d23)
Start importing Assets/Scripts/UI/Controls_Popup/KeyPrompt.cs using Guid(a23f5b4ae518c554482db88a4e19126f) Importer(2089858483,0ecaa5967403d082aa24f35e1b516d23) [PhysX] Initialized MultithreadedTaskDispatcher with 10 workers.
 -> (artifact id: '7f226bd20f898ea8c0490e4729feb0ff') in 0.002593 seconds
Number of updated asset objects reloaded before import = 0
Number of asset objects unloaded after import = 1
========================================================================
Received Import Request.
  Time since last request: 0.000068 seconds.
  path: Assets/Scripts/Interaction systems/Interactions/PickUp.cs
  artifactKey: Guid(f7811a70e848b5e4e83a656b19933ec3) Importer(2089858483,0ecaa5967403d082aa24f35e1b516d23)
Start importing Assets/Scripts/Interaction systems/Interactions/PickUp.cs using Guid(f7811a70e848b5e4e83a656b19933ec3) Importer(2089858483,0ecaa5967403d082aa24f35e1b516d23) [PhysX] Initialized MultithreadedTaskDispatcher with 10 workers.
 -> (artifact id: '75ca4834e8ca4f42c0175bdb08f62efa') in 0.001348 seconds
Number of updated asset objects reloaded before import = 0
Number of asset objects unloaded after import = 1
========================================================================
Received Import Request.
  Time since last request: 0.000056 seconds.
  path: Assets/Art/FireFighter pack/FirefightersPack/Scenes/DemoScene.unity
  artifactKey: Guid(45b8a87006544ca4092f88de3f2e9ee5) Importer(2089858483,0ecaa5967403d082aa24f35e1b516d23)
Start importing Assets/Art/FireFighter pack/FirefightersPack/Scenes/DemoScene.unity using Guid(45b8a87006544ca4092f88de3f2e9ee5) Importer(2089858483,0ecaa5967403d082aa24f35e1b516d23) [PhysX] Initialized MultithreadedTaskDispatcher with 10 workers.
 -> (artifact id: 'dad8c53c7e0f47feb3d1deed247c70bc') in 0.000882 seconds
Number of updated asset objects reloaded before import = 0
Number of asset objects unloaded after import = 1
========================================================================
Received Import Request.
  Time since last request: 0.000058 seconds.
  path: Assets/Art/Materials/AI_Symbols/AI_Symbol_1.mat
  artifactKey: Guid(216a167e8bbb64cedbd80544981f3f48) Importer(2089858483,0ecaa5967403d082aa24f35e1b516d23)
Start importing Assets/Art/Materials/AI_Symbols/AI_Symbol_1.mat using Guid(216a167e8bbb64cedbd80544981f3f48) Importer(2089858483,0ecaa5967403d082aa24f35e1b516d23) [PhysX] Initialized MultithreadedTaskDispatcher with 10 workers.
 -> (artifact id: 'c4a694baa89e72dc14790d6b60ceee98') in 0.002573 seconds
Number of updated asset objects reloaded before import = 0
Number of asset objects unloaded after import = 2
========================================================================
Received Import Request.
  Time since last request: 0.000037 seconds.
  path: Assets/Plugins/FMOD/Resources/FMODStudioSettings.asset
  artifactKey: Guid(be5d2a0af5edc42e692d8b72261a4d68) Importer(2089858483,0ecaa5967403d082aa24f35e1b516d23)
Start importing Assets/Plugins/FMOD/Resources/FMODStudioSettings.asset using Guid(be5d2a0af5edc42e692d8b72261a4d68) Importer(2089858483,0ecaa5967403d082aa24f35e1b516d23) [PhysX] Initialized MultithreadedTaskDispatcher with 10 workers.
 -> (artifact id: 'bae03c747c7b331d14965f5d171f9d8e') in 0.024527 seconds
Number of updated asset objects reloaded before import = 0
Number of asset objects unloaded after import = 13
========================================================================
Received Import Request.
  Time since last request: 0.000024 seconds.
  path: Assets/Art/Shader/SubGraphs/Additional Lights.shadersubgraph
  artifactKey: Guid(f831f4743ad6aab44842def2f21aa4bd) Importer(2089858483,0ecaa5967403d082aa24f35e1b516d23)
Start importing Assets/Art/Shader/SubGraphs/Additional Lights.shadersubgraph using Guid(f831f4743ad6aab44842def2f21aa4bd) Importer(2089858483,0ecaa5967403d082aa24f35e1b516d23) [PhysX] Initialized MultithreadedTaskDispatcher with 10 workers.
 -> (artifact id: '1a11ebe68890a055ac4f9392f07b9cb7') in 0.002598 seconds
Number of updated asset objects reloaded before import = 0
Number of asset objects unloaded after import = 1
========================================================================
Received Import Request.
  Time since last request: 0.000050 seconds.
  path: Assets/Art/Shader/SubGraphs/Subtractive GI.shadersubgraph
  artifactKey: Guid(3898ebeae7050e741a924ad695a7a8f8) Importer(2089858483,0ecaa5967403d082aa24f35e1b516d23)
Start importing Assets/Art/Shader/SubGraphs/Subtractive GI.shadersubgraph using Guid(3898ebeae7050e741a924ad695a7a8f8) Importer(2089858483,0ecaa5967403d082aa24f35e1b516d23) [PhysX] Initialized MultithreadedTaskDispatcher with 10 workers.
 -> (artifact id: '569bbb5827fe7b021edb714d8fe493f6') in 0.002492 seconds
Number of updated asset objects reloaded before import = 0
Number of asset objects unloaded after import = 1
========================================================================
Received Import Request.
  Time since last request: 0.000060 seconds.
  path: Assets/Mirza/CENSOR - Screen-Space Quantization and Refraction/Settings/Mobile_RPAsset.asset
  artifactKey: Guid(1b86965dff89b3d49863876da827089d) Importer(2089858483,0ecaa5967403d082aa24f35e1b516d23)
Start importing Assets/Mirza/CENSOR - Screen-Space Quantization and Refraction/Settings/Mobile_RPAsset.asset using Guid(1b86965dff89b3d49863876da827089d) Importer(2089858483,0ecaa5967403d082aa24f35e1b516d23) [PhysX] Initialized MultithreadedTaskDispatcher with 10 workers.
 -> (artifact id: '4ea7996e7a53c7f72daca21b68f5459f') in 0.014750 seconds
Number of updated asset objects reloaded before import = 0
Number of asset objects unloaded after import = 10
========================================================================
Received Import Request.
  Time since last request: 0.000027 seconds.
  path: Assets/Art/FireFighter pack/FirefightersPack/Textures/Palette-Gradient.png
  artifactKey: Guid(f29329d6a48e45b4083b0c27930ae727) Importer(2089858483,0ecaa5967403d082aa24f35e1b516d23)
Start importing Assets/Art/FireFighter pack/FirefightersPack/Textures/Palette-Gradient.png using Guid(f29329d6a48e45b4083b0c27930ae727) Importer(2089858483,0ecaa5967403d082aa24f35e1b516d23) [PhysX] Initialized MultithreadedTaskDispatcher with 10 workers.
 -> (artifact id: '193f2a98f706aeaff60258b4f0ecb496') in 0.004993 seconds
Number of updated asset objects reloaded before import = 0
Number of asset objects unloaded after import = 1
========================================================================
Received Import Request.
  Time since last request: 0.000024 seconds.
  path: Assets/TextMesh Pro/Shaders/TMPro_Properties.cginc
  artifactKey: Guid(3997e2241185407d80309a82f9148466) Importer(2089858483,0ecaa5967403d082aa24f35e1b516d23)
Start importing Assets/TextMesh Pro/Shaders/TMPro_Properties.cginc using Guid(3997e2241185407d80309a82f9148466) Importer(2089858483,0ecaa5967403d082aa24f35e1b516d23) [PhysX] Initialized MultithreadedTaskDispatcher with 10 workers.
 -> (artifact id: '61f863d5516fcf422d8af04e5b3a6856') in 0.001356 seconds
Number of updated asset objects reloaded before import = 0
Number of asset objects unloaded after import = 1
========================================================================
Received Import Request.
  Time since last request: 0.000059 seconds.
  path: Assets/Plugins/FMOD/images/Delete.png
  artifactKey: Guid(196080340db65c44883dd3f599556fb9) Importer(2089858483,0ecaa5967403d082aa24f35e1b516d23)
Start importing Assets/Plugins/FMOD/images/Delete.png using Guid(196080340db65c44883dd3f599556fb9) Importer(2089858483,0ecaa5967403d082aa24f35e1b516d23) [PhysX] Initialized MultithreadedTaskDispatcher with 10 workers.
 -> (artifact id: 'cc353936d0b8fa03cf9e43017e6f8505') in 0.016743 seconds
Number of updated asset objects reloaded before import = 0
Number of asset objects unloaded after import = 1
========================================================================
Received Import Request.
  Time since last request: 0.000062 seconds.
  path: Assets/Plugins/FMOD/images/PreviewEmitter.png
  artifactKey: Guid(9519043db3741934fa01455c47683e8c) Importer(2089858483,0ecaa5967403d082aa24f35e1b516d23)
Start importing Assets/Plugins/FMOD/images/PreviewEmitter.png using Guid(9519043db3741934fa01455c47683e8c) Importer(2089858483,0ecaa5967403d082aa24f35e1b516d23) [PhysX] Initialized MultithreadedTaskDispatcher with 10 workers.
 -> (artifact id: 'bacf01959d0dacb02dd267cb0a334217') in 0.003510 seconds
Number of updated asset objects reloaded before import = 0
Number of asset objects unloaded after import = 1
========================================================================
Received Import Request.
  Time since last request: 0.000042 seconds.
  path: Assets/Plugins/Sortify/Sample/Demo.unity
  artifactKey: Guid(4e68673b440b09541b90ef8b23aa8d4f) Importer(2089858483,0ecaa5967403d082aa24f35e1b516d23)
Start importing Assets/Plugins/Sortify/Sample/Demo.unity using Guid(4e68673b440b09541b90ef8b23aa8d4f) Importer(2089858483,0ecaa5967403d082aa24f35e1b516d23) [PhysX] Initialized MultithreadedTaskDispatcher with 10 workers.
 -> (artifact id: '40a237bfcbc5c030e32a02763289967c') in 0.000943 seconds
Number of updated asset objects reloaded before import = 0
Number of asset objects unloaded after import = 1
========================================================================
Received Import Request.
  Time since last request: 0.000065 seconds.
  path: Assets/TextMesh Pro/Shaders/TMP_SDF-Surface-Mobile.shader
  artifactKey: Guid(85187c2149c549c5b33f0cdb02836b17) Importer(2089858483,0ecaa5967403d082aa24f35e1b516d23)
Start importing Assets/TextMesh Pro/Shaders/TMP_SDF-Surface-Mobile.shader using Guid(85187c2149c549c5b33f0cdb02836b17) Importer(2089858483,0ecaa5967403d082aa24f35e1b516d23) [PhysX] Initialized MultithreadedTaskDispatcher with 10 workers.
 -> (artifact id: 'c27714f443b12720f0a680b2586e47e8') in 0.002049 seconds
Number of updated asset objects reloaded before import = 0
Number of asset objects unloaded after import = 1
========================================================================
Received Import Request.
  Time since last request: 0.000047 seconds.
  path: Assets/Plugins/FMOD/images/DiscreteParameterIcon.png
  artifactKey: Guid(509563e7079a6ed4cbf3b3240327e702) Importer(2089858483,0ecaa5967403d082aa24f35e1b516d23)
Start importing Assets/Plugins/FMOD/images/DiscreteParameterIcon.png using Guid(509563e7079a6ed4cbf3b3240327e702) Importer(2089858483,0ecaa5967403d082aa24f35e1b516d23) [PhysX] Initialized MultithreadedTaskDispatcher with 10 workers.
 -> (artifact id: '71c1ac3b5d1ce110c5121b59b29225de') in 0.005241 seconds
Number of updated asset objects reloaded before import = 0
Number of asset objects unloaded after import = 1
========================================================================
Received Import Request.
  Time since last request: 2.474432 seconds.
  path: Assets/Art/Shader/Simple Toon/Shaders/STFunctions.cginc
  artifactKey: Guid(fd04a86ca133d4c3e9fbcec891df47ee) Importer(2089858483,0ecaa5967403d082aa24f35e1b516d23)
Start importing Assets/Art/Shader/Simple Toon/Shaders/STFunctions.cginc using Guid(fd04a86ca133d4c3e9fbcec891df47ee) Importer(2089858483,0ecaa5967403d082aa24f35e1b516d23) [PhysX] Initialized MultithreadedTaskDispatcher with 10 workers.
 -> (artifact id: '638475ab843b8c8c73451e9a9a121eec') in 0.003131 seconds
Number of updated asset objects reloaded before import = 0
Number of asset objects unloaded after import = 1
========================================================================
Received Import Request.
  Time since last request: 0.000075 seconds.
  path: Assets/Mirza/_VFXToolkit/_Demo/Models/ProBuilder Meshes/pb_Mesh-14936(Clone).asset
  artifactKey: Guid(3afff8c07d5c8e348bf8fa737acc9d56) Importer(2089858483,0ecaa5967403d082aa24f35e1b516d23)
Start importing Assets/Mirza/_VFXToolkit/_Demo/Models/ProBuilder Meshes/pb_Mesh-14936(Clone).asset using Guid(3afff8c07d5c8e348bf8fa737acc9d56) Importer(2089858483,0ecaa5967403d082aa24f35e1b516d23) [PhysX] Initialized MultithreadedTaskDispatcher with 10 workers.
 -> (artifact id: 'dfd6e69c61bc88ec7412d5c4b24e9e1c') in 0.003590 seconds
Number of updated asset objects reloaded before import = 0
Number of asset objects unloaded after import = 1
========================================================================
Received Import Request.
  Time since last request: 0.000088 seconds.
  path: Assets/Mirza/_VFXToolkit/_Demo/Models/ProBuilder Meshes/pb_Mesh-45698(Clone)(Clone)(Clone)(Clone).asset
  artifactKey: Guid(634a139264d11e14b896986d4ee68419) Importer(2089858483,0ecaa5967403d082aa24f35e1b516d23)
Start importing Assets/Mirza/_VFXToolkit/_Demo/Models/ProBuilder Meshes/pb_Mesh-45698(Clone)(Clone)(Clone)(Clone).asset using Guid(634a139264d11e14b896986d4ee68419) Importer(2089858483,0ecaa5967403d082aa24f35e1b516d23) [PhysX] Initialized MultithreadedTaskDispatcher with 10 workers.
 -> (artifact id: 'f72526dd6d64be438b2e9143c1beb22e') in 0.002163 seconds
Number of updated asset objects reloaded before import = 0
Number of asset objects unloaded after import = 1
========================================================================
Received Import Request.
  Time since last request: 0.000040 seconds.
  path: Assets/Mirza/_VFXToolkit/_Demo/Models/ProBuilder Meshes/pb_Mesh-52938(Clone)(Clone)(Clone).asset
  artifactKey: Guid(1c876f830b676914c893e3c4670099da) Importer(2089858483,0ecaa5967403d082aa24f35e1b516d23)
Start importing Assets/Mirza/_VFXToolkit/_Demo/Models/ProBuilder Meshes/pb_Mesh-52938(Clone)(Clone)(Clone).asset using Guid(1c876f830b676914c893e3c4670099da) Importer(2089858483,0ecaa5967403d082aa24f35e1b516d23) [PhysX] Initialized MultithreadedTaskDispatcher with 10 workers.
 -> (artifact id: 'f27cf2b4ed4158b10ce7954a9400eadf') in 0.005166 seconds
Number of updated asset objects reloaded before import = 0
Number of asset objects unloaded after import = 1
========================================================================
Received Import Request.
  Time since last request: 0.000048 seconds.
  path: Assets/Mirza/_VFXToolkit/_Demo/Models/ProBuilder Meshes/pb_Mesh-1578(Clone).asset
  artifactKey: Guid(2ce21131f11c42f4e9d50574e6e67390) Importer(2089858483,0ecaa5967403d082aa24f35e1b516d23)
Start importing Assets/Mirza/_VFXToolkit/_Demo/Models/ProBuilder Meshes/pb_Mesh-1578(Clone).asset using Guid(2ce21131f11c42f4e9d50574e6e67390) Importer(2089858483,0ecaa5967403d082aa24f35e1b516d23) [PhysX] Initialized MultithreadedTaskDispatcher with 10 workers.
 -> (artifact id: '958a21456f707fb7ad608da582e7b040') in 0.001581 seconds
Number of updated asset objects reloaded before import = 0
Number of asset objects unloaded after import = 1
========================================================================
Received Import Request.
  Time since last request: 0.000047 seconds.
  path: Assets/Mirza/_VFXToolkit/_Demo/Scripts/MVFXTK_LightColourMesh.cs
  artifactKey: Guid(baebf7b7a254c8b4d9a06735b47019e1) Importer(2089858483,0ecaa5967403d082aa24f35e1b516d23)
Start importing Assets/Mirza/_VFXToolkit/_Demo/Scripts/MVFXTK_LightColourMesh.cs using Guid(baebf7b7a254c8b4d9a06735b47019e1) Importer(2089858483,0ecaa5967403d082aa24f35e1b516d23) [PhysX] Initialized MultithreadedTaskDispatcher with 10 workers.
 -> (artifact id: 'ef28c2249f86e0c668c999e5d0a82c46') in 0.002397 seconds
Number of updated asset objects reloaded before import = 0
Number of asset objects unloaded after import = 1
========================================================================
Received Import Request.
  Time since last request: 0.000160 seconds.
  path: Assets/Plugins/FMOD/src/Editor/StudioGlobalParameterTriggerEditor.cs
  artifactKey: Guid(0a901681b5558f247b4c227fb425c010) Importer(2089858483,0ecaa5967403d082aa24f35e1b516d23)
Start importing Assets/Plugins/FMOD/src/Editor/StudioGlobalParameterTriggerEditor.cs using Guid(0a901681b5558f247b4c227fb425c010) Importer(2089858483,0ecaa5967403d082aa24f35e1b516d23) [PhysX] Initialized MultithreadedTaskDispatcher with 10 workers.
 -> (artifact id: '6bf29acca21f2f9ed69bb0b6041b13b8') in 0.004620 seconds
Number of updated asset objects reloaded before import = 0
Number of asset objects unloaded after import = 1
========================================================================
Received Import Request.
  Time since last request: 0.000039 seconds.
  path: Assets/Art/Shader/Simple Toon/Demo/Models/Chamber.fbx
  artifactKey: Guid(450ff0f9365254b03ac5bf72cb36923a) Importer(2089858483,0ecaa5967403d082aa24f35e1b516d23)
Start importing Assets/Art/Shader/Simple Toon/Demo/Models/Chamber.fbx using Guid(450ff0f9365254b03ac5bf72cb36923a) Importer(2089858483,0ecaa5967403d082aa24f35e1b516d23) [PhysX] Initialized MultithreadedTaskDispatcher with 10 workers.
 -> (artifact id: 'a2158557278951db561208efb747c231') in 0.006661 seconds
Number of updated asset objects reloaded before import = 0
Number of asset objects unloaded after import = 8
========================================================================
Received Import Request.
  Time since last request: 0.000113 seconds.
  path: Assets/Mirza/_VFXToolkit/_Demo/Models/ProBuilder Meshes/pb_Mesh-1504(Clone).asset
  artifactKey: Guid(7e5cf63b396a77844b45c14b6f095c95) Importer(2089858483,0ecaa5967403d082aa24f35e1b516d23)
Start importing Assets/Mirza/_VFXToolkit/_Demo/Models/ProBuilder Meshes/pb_Mesh-1504(Clone).asset using Guid(7e5cf63b396a77844b45c14b6f095c95) Importer(2089858483,0ecaa5967403d082aa24f35e1b516d23) [PhysX] Initialized MultithreadedTaskDispatcher with 10 workers.
 -> (artifact id: 'dba18c28f20829ca0cdd9da022c3cb70') in 0.001756 seconds
Number of updated asset objects reloaded before import = 0
Number of asset objects unloaded after import = 1
========================================================================
Received Import Request.
  Time since last request: 0.000123 seconds.
  path: Assets/Mirza/_VFXToolkit/_Demo/Models/ProBuilder Meshes/pb_Mesh-27074(Clone)(Clone).asset
  artifactKey: Guid(91da78c9b20a2a34ebf91f3f440f275a) Importer(2089858483,0ecaa5967403d082aa24f35e1b516d23)
Start importing Assets/Mirza/_VFXToolkit/_Demo/Models/ProBuilder Meshes/pb_Mesh-27074(Clone)(Clone).asset using Guid(91da78c9b20a2a34ebf91f3f440f275a) Importer(2089858483,0ecaa5967403d082aa24f35e1b516d23) [PhysX] Initialized MultithreadedTaskDispatcher with 10 workers.
 -> (artifact id: '81fde72ca77ea372481b86a85bcf89aa') in 0.002319 seconds
Number of updated asset objects reloaded before import = 0
Number of asset objects unloaded after import = 1
========================================================================
Received Import Request.
  Time since last request: 0.000130 seconds.
  path: Assets/Plugins/FMOD/src/Editor/zh_hans.po
  artifactKey: Guid(6bc0be9e3a234d3429dfe763083ef8a9) Importer(2089858483,0ecaa5967403d082aa24f35e1b516d23)
Start importing Assets/Plugins/FMOD/src/Editor/zh_hans.po using Guid(6bc0be9e3a234d3429dfe763083ef8a9) Importer(2089858483,0ecaa5967403d082aa24f35e1b516d23) [PhysX] Initialized MultithreadedTaskDispatcher with 10 workers.
 -> (artifact id: '455bbaed21b67e2278048dff2cb1d04f') in 0.002668 seconds
Number of updated asset objects reloaded before import = 0
Number of asset objects unloaded after import = 1
========================================================================
Received Import Request.
  Time since last request: 0.000083 seconds.
  path: Assets/Plugins/FMOD/src/Editor/EditorEventRef.cs
  artifactKey: Guid(ceb653cd98e289a4e8697a1af55201f2) Importer(2089858483,0ecaa5967403d082aa24f35e1b516d23)
Start importing Assets/Plugins/FMOD/src/Editor/EditorEventRef.cs using Guid(ceb653cd98e289a4e8697a1af55201f2) Importer(2089858483,0ecaa5967403d082aa24f35e1b516d23) [PhysX] Initialized MultithreadedTaskDispatcher with 10 workers.
 -> (artifact id: 'b01976f77b94863f6258da91cc7e35db') in 0.002057 seconds
Number of updated asset objects reloaded before import = 0
Number of asset objects unloaded after import = 1
========================================================================
Received Import Request.
  Time since last request: 0.000084 seconds.
  path: Assets/Mirza/_VFXToolkit/_Demo/Scripts/MVFXTK_Rotator.cs
  artifactKey: Guid(11e1993bd358e7349905a9ef8bce0bf7) Importer(2089858483,0ecaa5967403d082aa24f35e1b516d23)
Start importing Assets/Mirza/_VFXToolkit/_Demo/Scripts/MVFXTK_Rotator.cs using Guid(11e1993bd358e7349905a9ef8bce0bf7) Importer(2089858483,0ecaa5967403d082aa24f35e1b516d23) [PhysX] Initialized MultithreadedTaskDispatcher with 10 workers.
 -> (artifact id: '8ffce3e8af0713118172494389f34202') in 0.002009 seconds
Number of updated asset objects reloaded before import = 0
Number of asset objects unloaded after import = 1
========================================================================
Received Import Request.
  Time since last request: 0.000032 seconds.
  path: Assets/Plugins/Sortify/Modules/SortifyCore/SortifyObjectManager.cs
  artifactKey: Guid(5e99bb53001dbe249bed9c9edfea477d) Importer(2089858483,0ecaa5967403d082aa24f35e1b516d23)
Start importing Assets/Plugins/Sortify/Modules/SortifyCore/SortifyObjectManager.cs using Guid(5e99bb53001dbe249bed9c9edfea477d) Importer(2089858483,0ecaa5967403d082aa24f35e1b516d23) [PhysX] Initialized MultithreadedTaskDispatcher with 10 workers.
 -> (artifact id: 'b9429f542c1c958088f85ae1f81a7f5b') in 0.005144 seconds
Number of updated asset objects reloaded before import = 0
Number of asset objects unloaded after import = 1
========================================================================
Received Import Request.
  Time since last request: 0.000028 seconds.
  path: Assets/Plugins/Sortify/Modules/SortifyCore/SortifyNoteDatabase.cs
  artifactKey: Guid(edfc60b39b4d0c74fac9e7a742e85c74) Importer(2089858483,0ecaa5967403d082aa24f35e1b516d23)
Start importing Assets/Plugins/Sortify/Modules/SortifyCore/SortifyNoteDatabase.cs using Guid(edfc60b39b4d0c74fac9e7a742e85c74) Importer(2089858483,0ecaa5967403d082aa24f35e1b516d23) [PhysX] Initialized MultithreadedTaskDispatcher with 10 workers.
 -> (artifact id: 'bf110c603d8101ab1c91cd25e51a3d6e') in 0.001669 seconds
Number of updated asset objects reloaded before import = 0
Number of asset objects unloaded after import = 1
========================================================================
Received Import Request.
  Time since last request: 0.000031 seconds.
  path: Assets/Plugins/FMOD/src/Editor/FMODEventPlayableEditor.cs
  artifactKey: Guid(fa325be8441506c4bb1462c8333ccce9) Importer(2089858483,0ecaa5967403d082aa24f35e1b516d23)
Start importing Assets/Plugins/FMOD/src/Editor/FMODEventPlayableEditor.cs using Guid(fa325be8441506c4bb1462c8333ccce9) Importer(2089858483,0ecaa5967403d082aa24f35e1b516d23) [PhysX] Initialized MultithreadedTaskDispatcher with 10 workers.
 -> (artifact id: '0e30436f35ee0051d478229eb1d5a8a0') in 0.003683 seconds
Number of updated asset objects reloaded before import = 0
Number of asset objects unloaded after import = 1
========================================================================
Received Import Request.
  Time since last request: 0.000104 seconds.
  path: Assets/Plugins/FMOD/src/Editor/SetupWizard.cs
  artifactKey: Guid(aa9a0c70fef01fb43b8eff668bfa0e9c) Importer(2089858483,0ecaa5967403d082aa24f35e1b516d23)
Start importing Assets/Plugins/FMOD/src/Editor/SetupWizard.cs using Guid(aa9a0c70fef01fb43b8eff668bfa0e9c) Importer(2089858483,0ecaa5967403d082aa24f35e1b516d23) [PhysX] Initialized MultithreadedTaskDispatcher with 10 workers.
 -> (artifact id: '7d783dbbb287da2f06397bd905751630') in 0.001785 seconds
Number of updated asset objects reloaded before import = 0
Number of asset objects unloaded after import = 1
========================================================================
Received Import Request.
  Time since last request: 0.000035 seconds.
  path: Assets/Plugins/Sortify/Modules/SortifyAttributes/ShowIfAttribute.cs
  artifactKey: Guid(833cf4ba141f6af48b8fe63ab9416e8d) Importer(2089858483,0ecaa5967403d082aa24f35e1b516d23)
Start importing Assets/Plugins/Sortify/Modules/SortifyAttributes/ShowIfAttribute.cs using Guid(833cf4ba141f6af48b8fe63ab9416e8d) Importer(2089858483,0ecaa5967403d082aa24f35e1b516d23) [PhysX] Initialized MultithreadedTaskDispatcher with 10 workers.
 -> (artifact id: '807d71e38b1374118df5c1f9e9d724e5') in 0.001388 seconds
Number of updated asset objects reloaded before import = 0
Number of asset objects unloaded after import = 1
========================================================================
Received Import Request.
  Time since last request: 0.000070 seconds.
  path: Assets/Plugins/FMOD/src/Editor/StudioEventEmitterGizmoDrawer.cs
  artifactKey: Guid(f09ba26caab55e048a2e596ff75b3eab) Importer(2089858483,0ecaa5967403d082aa24f35e1b516d23)
Start importing Assets/Plugins/FMOD/src/Editor/StudioEventEmitterGizmoDrawer.cs using Guid(f09ba26caab55e048a2e596ff75b3eab) Importer(2089858483,0ecaa5967403d082aa24f35e1b516d23) [PhysX] Initialized MultithreadedTaskDispatcher with 10 workers.
 -> (artifact id: '1e387c4c171a3a0d17a7fe14896a21c8') in 0.001914 seconds
Number of updated asset objects reloaded before import = 0
Number of asset objects unloaded after import = 1
========================================================================
Received Import Request.
  Time since last request: 0.000059 seconds.
  path: Assets/Mirza/_VFXToolkit/_Demo/Models/ProBuilder Meshes/pb_Mesh-1706(Clone).asset
  artifactKey: Guid(5a36d6eed5871ab449fe271fc6bffaff) Importer(2089858483,0ecaa5967403d082aa24f35e1b516d23)
Start importing Assets/Mirza/_VFXToolkit/_Demo/Models/ProBuilder Meshes/pb_Mesh-1706(Clone).asset using Guid(5a36d6eed5871ab449fe271fc6bffaff) Importer(2089858483,0ecaa5967403d082aa24f35e1b516d23) [PhysX] Initialized MultithreadedTaskDispatcher with 10 workers.
 -> (artifact id: '010f4ba35e5c46efbd4ff0d1a73f891e') in 0.001343 seconds
Number of updated asset objects reloaded before import = 0
Number of asset objects unloaded after import = 1
========================================================================
Received Import Request.
  Time since last request: 0.000070 seconds.
  path: Assets/Mirza/_VFXToolkit/_Demo/Models/ProBuilder Meshes/pb_Mesh-1422(Clone).asset
  artifactKey: Guid(3cd9f3ede06d3cd4aa81541b93bde758) Importer(2089858483,0ecaa5967403d082aa24f35e1b516d23)
Start importing Assets/Mirza/_VFXToolkit/_Demo/Models/ProBuilder Meshes/pb_Mesh-1422(Clone).asset using Guid(3cd9f3ede06d3cd4aa81541b93bde758) Importer(2089858483,0ecaa5967403d082aa24f35e1b516d23) [PhysX] Initialized MultithreadedTaskDispatcher with 10 workers.
 -> (artifact id: '946415bb5ec5119decc668158186f706') in 0.001187 seconds
Number of updated asset objects reloaded before import = 0
Number of asset objects unloaded after import = 1
========================================================================
Received Import Request.
  Time since last request: 0.000037 seconds.
  path: Assets/Mirza/_VFXToolkit/_Demo/Models/ProBuilder Meshes/pb_Mesh-40540(Clone).asset
  artifactKey: Guid(638d92ddbbe3034458cb4d315c79afce) Importer(2089858483,0ecaa5967403d082aa24f35e1b516d23)
Start importing Assets/Mirza/_VFXToolkit/_Demo/Models/ProBuilder Meshes/pb_Mesh-40540(Clone).asset using Guid(638d92ddbbe3034458cb4d315c79afce) Importer(2089858483,0ecaa5967403d082aa24f35e1b516d23) [PhysX] Initialized MultithreadedTaskDispatcher with 10 workers.
 -> (artifact id: '1b5f231c1740c631c4f8cabba82e8c04') in 0.002093 seconds
Number of updated asset objects reloaded before import = 0
Number of asset objects unloaded after import = 1
========================================================================
Received Import Request.
  Time since last request: 0.000095 seconds.
  path: Assets/Plugins/FMOD/src/Editor/BoltIntegration.cs
  artifactKey: Guid(f876942dd549ef444a82ab923e75ccb1) Importer(2089858483,0ecaa5967403d082aa24f35e1b516d23)
Start importing Assets/Plugins/FMOD/src/Editor/BoltIntegration.cs using Guid(f876942dd549ef444a82ab923e75ccb1) Importer(2089858483,0ecaa5967403d082aa24f35e1b516d23) [PhysX] Initialized MultithreadedTaskDispatcher with 10 workers.
 -> (artifact id: '3800d04829338e5837c98df5129d0a39') in 0.001722 seconds
Number of updated asset objects reloaded before import = 0
Number of asset objects unloaded after import = 1
========================================================================
Received Import Request.
  Time since last request: 0.000029 seconds.
  path: Assets/Mirza/_VFXToolkit/_Demo/Models/ProBuilder Meshes/pb_Mesh-14922(Clone).asset
  artifactKey: Guid(5df66433695391d48b0c1b2882858376) Importer(2089858483,0ecaa5967403d082aa24f35e1b516d23)
Start importing Assets/Mirza/_VFXToolkit/_Demo/Models/ProBuilder Meshes/pb_Mesh-14922(Clone).asset using Guid(5df66433695391d48b0c1b2882858376) Importer(2089858483,0ecaa5967403d082aa24f35e1b516d23) [PhysX] Initialized MultithreadedTaskDispatcher with 10 workers.
 -> (artifact id: 'df5f9bc010ad32b3b83483ebeb3c3044') in 0.001251 seconds
Number of updated asset objects reloaded before import = 0
Number of asset objects unloaded after import = 1
========================================================================
Received Import Request.
  Time since last request: 0.000072 seconds.
  path: Assets/Mirza/_VFXToolkit/_Demo/Models/ProBuilder Meshes/pb_Mesh-1788(Clone).asset
  artifactKey: Guid(6ecb7c7c6530a234fb8a0f2616949b06) Importer(2089858483,0ecaa5967403d082aa24f35e1b516d23)
Start importing Assets/Mirza/_VFXToolkit/_Demo/Models/ProBuilder Meshes/pb_Mesh-1788(Clone).asset using Guid(6ecb7c7c6530a234fb8a0f2616949b06) Importer(2089858483,0ecaa5967403d082aa24f35e1b516d23) [PhysX] Initialized MultithreadedTaskDispatcher with 10 workers.
 -> (artifact id: '8a8a16b63ee87349215f5b5ca5b312bd') in 0.002342 seconds
Number of updated asset objects reloaded before import = 0
Number of asset objects unloaded after import = 1
========================================================================
Received Import Request.
  Time since last request: 0.000027 seconds.
  path: Assets/Plugins/Sortify/Modules/SortifyAttributes/MinMaxSliderAttribute.cs
  artifactKey: Guid(52addf866d0a76644b901e3878a51f1d) Importer(2089858483,0ecaa5967403d082aa24f35e1b516d23)
Start importing Assets/Plugins/Sortify/Modules/SortifyAttributes/MinMaxSliderAttribute.cs using Guid(52addf866d0a76644b901e3878a51f1d) Importer(2089858483,0ecaa5967403d082aa24f35e1b516d23) [PhysX] Initialized MultithreadedTaskDispatcher with 10 workers.
 -> (artifact id: '676dbac7b32924bd2b37cb933059dae9') in 0.001565 seconds
Number of updated asset objects reloaded before import = 0
Number of asset objects unloaded after import = 1
========================================================================
Received Import Request.
  Time since last request: 0.000049 seconds.
  path: Assets/Plugins/FMOD/src/Editor/ParamRefDrawer.cs
  artifactKey: Guid(ea88808aa26cd614db1c5c1dcbb14d4e) Importer(2089858483,0ecaa5967403d082aa24f35e1b516d23)
Start importing Assets/Plugins/FMOD/src/Editor/ParamRefDrawer.cs using Guid(ea88808aa26cd614db1c5c1dcbb14d4e) Importer(2089858483,0ecaa5967403d082aa24f35e1b516d23) [PhysX] Initialized MultithreadedTaskDispatcher with 10 workers.
 -> (artifact id: 'd9cff31d1018df90a4aa3a4eb4ac474e') in 0.001625 seconds
Number of updated asset objects reloaded before import = 0
Number of asset objects unloaded after import = 1
========================================================================
Received Import Request.
  Time since last request: 0.000048 seconds.
  path: Assets/Mirza/_VFXToolkit/_Demo/Models/ProBuilder Meshes/pb_Mesh-1436(Clone).asset
  artifactKey: Guid(4bdf67e4617340e42ae5ed83d36af636) Importer(2089858483,0ecaa5967403d082aa24f35e1b516d23)
Start importing Assets/Mirza/_VFXToolkit/_Demo/Models/ProBuilder Meshes/pb_Mesh-1436(Clone).asset using Guid(4bdf67e4617340e42ae5ed83d36af636) Importer(2089858483,0ecaa5967403d082aa24f35e1b516d23) [PhysX] Initialized MultithreadedTaskDispatcher with 10 workers.
 -> (artifact id: '716cbbe09f423de6e0271c3574750038') in 0.001439 seconds
Number of updated asset objects reloaded before import = 0
Number of asset objects unloaded after import = 1
========================================================================
Received Import Request.
  Time since last request: 0.000120 seconds.
  path: Assets/Mirza/_VFXToolkit/_Demo/Models/ProBuilder Meshes/pb_Mesh-1680(Clone).asset
  artifactKey: Guid(ea3d6545196157b48af8a78e16fbd96d) Importer(2089858483,0ecaa5967403d082aa24f35e1b516d23)
Start importing Assets/Mirza/_VFXToolkit/_Demo/Models/ProBuilder Meshes/pb_Mesh-1680(Clone).asset using Guid(ea3d6545196157b48af8a78e16fbd96d) Importer(2089858483,0ecaa5967403d082aa24f35e1b516d23) [PhysX] Initialized MultithreadedTaskDispatcher with 10 workers.
 -> (artifact id: '878a9977a79d1b5a302aa222fd8be60d') in 0.001249 seconds
Number of updated asset objects reloaded before import = 0
Number of asset objects unloaded after import = 1
========================================================================
Received Import Request.
  Time since last request: 0.000029 seconds.
  path: Assets/Plugins/Sortify/Modules/SortifyCore/SortifyFileManager.cs
  artifactKey: Guid(e40379f6445c2674cba9985cf2db52f7) Importer(2089858483,0ecaa5967403d082aa24f35e1b516d23)
Start importing Assets/Plugins/Sortify/Modules/SortifyCore/SortifyFileManager.cs using Guid(e40379f6445c2674cba9985cf2db52f7) Importer(2089858483,0ecaa5967403d082aa24f35e1b516d23) [PhysX] Initialized MultithreadedTaskDispatcher with 10 workers.
 -> (artifact id: '54defd811102a14761fb2700ad8e8cbf') in 0.001660 seconds
Number of updated asset objects reloaded before import = 0
Number of asset objects unloaded after import = 1
========================================================================
Received Import Request.
  Time since last request: 0.000035 seconds.
  path: Assets/Mirza/_VFXToolkit/_Demo/Models/ProBuilder Meshes/pb_Mesh-14978(Clone).asset
  artifactKey: Guid(3aac09dca6725e24094fc6628586cdf1) Importer(2089858483,0ecaa5967403d082aa24f35e1b516d23)
Start importing Assets/Mirza/_VFXToolkit/_Demo/Models/ProBuilder Meshes/pb_Mesh-14978(Clone).asset using Guid(3aac09dca6725e24094fc6628586cdf1) Importer(2089858483,0ecaa5967403d082aa24f35e1b516d23) [PhysX] Initialized MultithreadedTaskDispatcher with 10 workers.
 -> (artifact id: 'e2806d8fbbefe00988214c0210cfd1a6') in 0.001989 seconds
Number of updated asset objects reloaded before import = 0
Number of asset objects unloaded after import = 1
========================================================================
Received Import Request.
  Time since last request: 0.000125 seconds.
  path: Assets/Mirza/_VFXToolkit/_Demo/Models/ProBuilder Meshes/pb_Mesh-15048(Clone).asset
  artifactKey: Guid(788ea1dcabf1139429cb45273004abc6) Importer(2089858483,0ecaa5967403d082aa24f35e1b516d23)
Start importing Assets/Mirza/_VFXToolkit/_Demo/Models/ProBuilder Meshes/pb_Mesh-15048(Clone).asset using Guid(788ea1dcabf1139429cb45273004abc6) Importer(2089858483,0ecaa5967403d082aa24f35e1b516d23) [PhysX] Initialized MultithreadedTaskDispatcher with 10 workers.
 -> (artifact id: '2fea546f50f6f6e116afa1e570b73621') in 0.001852 seconds
Number of updated asset objects reloaded before import = 0
Number of asset objects unloaded after import = 1
========================================================================
Received Import Request.
  Time since last request: 0.000025 seconds.
  path: Assets/Art/Shader/SubGraphs/Deprecated/Blinn Phong Specular.shadersubgraph
  artifactKey: Guid(452e746e89d0e954ea75d03cb0211059) Importer(2089858483,0ecaa5967403d082aa24f35e1b516d23)
Start importing Assets/Art/Shader/SubGraphs/Deprecated/Blinn Phong Specular.shadersubgraph using Guid(452e746e89d0e954ea75d03cb0211059) Importer(2089858483,0ecaa5967403d082aa24f35e1b516d23) [PhysX] Initialized MultithreadedTaskDispatcher with 10 workers.
 -> (artifact id: 'e0cf452b22cb961e44a552202f54cb77') in 0.003895 seconds
Number of updated asset objects reloaded before import = 0
Number of asset objects unloaded after import = 1
========================================================================
Received Import Request.
  Time since last request: 0.000024 seconds.
  path: Assets/Art/Shader/Simple Toon/Demo/Models/Cone.fbx
  artifactKey: Guid(e56f90513e23b45eeb9185aa97a78f8e) Importer(2089858483,0ecaa5967403d082aa24f35e1b516d23)
Start importing Assets/Art/Shader/Simple Toon/Demo/Models/Cone.fbx using Guid(e56f90513e23b45eeb9185aa97a78f8e) Importer(2089858483,0ecaa5967403d082aa24f35e1b516d23) [PhysX] Initialized MultithreadedTaskDispatcher with 10 workers.
 -> (artifact id: '386eb50c4e9d1153e44e1c4a25340cd5') in 0.004641 seconds
Number of updated asset objects reloaded before import = 0
Number of asset objects unloaded after import = 8
========================================================================
Received Import Request.
  Time since last request: 0.000027 seconds.
  path: Assets/Mirza/_VFXToolkit/_Demo/Models/ProBuilder Meshes/pb_Mesh-1456(Clone).asset
  artifactKey: Guid(c5cb19e38b6129749b2fa22cd149f0f3) Importer(2089858483,0ecaa5967403d082aa24f35e1b516d23)
Start importing Assets/Mirza/_VFXToolkit/_Demo/Models/ProBuilder Meshes/pb_Mesh-1456(Clone).asset using Guid(c5cb19e38b6129749b2fa22cd149f0f3) Importer(2089858483,0ecaa5967403d082aa24f35e1b516d23) [PhysX] Initialized MultithreadedTaskDispatcher with 10 workers.
 -> (artifact id: '4a88be5a4472e6b0e3f2a20fff0aa691') in 0.001198 seconds
Number of updated asset objects reloaded before import = 0
Number of asset objects unloaded after import = 1
========================================================================
Received Import Request.
  Time since last request: 0.000027 seconds.
  path: Assets/Sound/Fmod_Project/Sound/Metadata/Master.xml
  artifactKey: Guid(aa0581f8a4ab44b31a479f803346c410) Importer(2089858483,0ecaa5967403d082aa24f35e1b516d23)
Start importing Assets/Sound/Fmod_Project/Sound/Metadata/Master.xml using Guid(aa0581f8a4ab44b31a479f803346c410) Importer(2089858483,0ecaa5967403d082aa24f35e1b516d23) [PhysX] Initialized MultithreadedTaskDispatcher with 10 workers.
 -> (artifact id: 'f4c2ed868f5085efb422f4a6806a87c6') in 0.001212 seconds
Number of updated asset objects reloaded before import = 0
Number of asset objects unloaded after import = 1
========================================================================
Received Import Request.
  Time since last request: 0.000031 seconds.
  path: Assets/Mirza/_VFXToolkit/_Demo/Models/ProBuilder Meshes/pb_Mesh-1470(Clone).asset
  artifactKey: Guid(cad6bb57e9fffb84f9bdb63b2cc431d1) Importer(2089858483,0ecaa5967403d082aa24f35e1b516d23)
Start importing Assets/Mirza/_VFXToolkit/_Demo/Models/ProBuilder Meshes/pb_Mesh-1470(Clone).asset using Guid(cad6bb57e9fffb84f9bdb63b2cc431d1) Importer(2089858483,0ecaa5967403d082aa24f35e1b516d23) [PhysX] Initialized MultithreadedTaskDispatcher with 10 workers.
 -> (artifact id: '0c70b988b7b09586f6c1858f31bf40fa') in 0.001128 seconds
Number of updated asset objects reloaded before import = 0
Number of asset objects unloaded after import = 1
========================================================================
Received Import Request.
  Time since last request: 0.000048 seconds.
  path: Assets/Mirza/_VFXToolkit/_Demo/Models/ProBuilder Meshes/pb_Mesh-15006(Clone).asset
  artifactKey: Guid(6276497e5295580419540d10d2deb970) Importer(2089858483,0ecaa5967403d082aa24f35e1b516d23)
Start importing Assets/Mirza/_VFXToolkit/_Demo/Models/ProBuilder Meshes/pb_Mesh-15006(Clone).asset using Guid(6276497e5295580419540d10d2deb970) Importer(2089858483,0ecaa5967403d082aa24f35e1b516d23) [PhysX] Initialized MultithreadedTaskDispatcher with 10 workers.
 -> (artifact id: '4bf4cc94e4efc5ccbff40a81b267cf66') in 0.001855 seconds
Number of updated asset objects reloaded before import = 0
Number of asset objects unloaded after import = 1
========================================================================
Received Import Request.
  Time since last request: 0.000026 seconds.
  path: Assets/Plugins/FMOD/src/Editor/StudioListenerEditor.cs
  artifactKey: Guid(847f8505c25f5cf42adba68a26f2cda6) Importer(2089858483,0ecaa5967403d082aa24f35e1b516d23)
Start importing Assets/Plugins/FMOD/src/Editor/StudioListenerEditor.cs using Guid(847f8505c25f5cf42adba68a26f2cda6) Importer(2089858483,0ecaa5967403d082aa24f35e1b516d23) [PhysX] Initialized MultithreadedTaskDispatcher with 10 workers.
 -> (artifact id: 'bbed49e7a018696f6515f85fa6758d38') in 0.002869 seconds
Number of updated asset objects reloaded before import = 0
Number of asset objects unloaded after import = 1
========================================================================
Received Import Request.
  Time since last request: 0.000037 seconds.
  path: Assets/Mirza/_VFXToolkit/_Demo/Scenes/Template.unity
  artifactKey: Guid(7f072a61b5cc0624fb3af11ffd601de7) Importer(2089858483,0ecaa5967403d082aa24f35e1b516d23)
Start importing Assets/Mirza/_VFXToolkit/_Demo/Scenes/Template.unity using Guid(7f072a61b5cc0624fb3af11ffd601de7) Importer(2089858483,0ecaa5967403d082aa24f35e1b516d23) [PhysX] Initialized MultithreadedTaskDispatcher with 10 workers.
 -> (artifact id: '6fd050b4a9691f99a7afe5043e2a94e3') in 0.000951 seconds
Number of updated asset objects reloaded before import = 0
Number of asset objects unloaded after import = 1
========================================================================
Received Import Request.
  Time since last request: 0.000033 seconds.
  path: Assets/Art/Shader/Simple Toon/Demo/Materials/DemoMat6.mat
  artifactKey: Guid(c22ff6e5c9f8b4657806a92e2de34fd9) Importer(2089858483,0ecaa5967403d082aa24f35e1b516d23)
Start importing Assets/Art/Shader/Simple Toon/Demo/Materials/DemoMat6.mat using Guid(c22ff6e5c9f8b4657806a92e2de34fd9) Importer(2089858483,0ecaa5967403d082aa24f35e1b516d23) [PhysX] Initialized MultithreadedTaskDispatcher with 10 workers.
 -> (artifact id: 'fc2714d75e0762f3bc27a053c117068f') in 0.002667 seconds
Number of updated asset objects reloaded before import = 0
Number of asset objects unloaded after import = 2
========================================================================
Received Import Request.
  Time since last request: 0.000024 seconds.
  path: Assets/Plugins/Sortify/Modules/SortifyCore/SortifyDrawer.cs
  artifactKey: Guid(51e85bfc07a22524c9bb660ec6745826) Importer(2089858483,0ecaa5967403d082aa24f35e1b516d23)
Start importing Assets/Plugins/Sortify/Modules/SortifyCore/SortifyDrawer.cs using Guid(51e85bfc07a22524c9bb660ec6745826) Importer(2089858483,0ecaa5967403d082aa24f35e1b516d23) [PhysX] Initialized MultithreadedTaskDispatcher with 10 workers.
 -> (artifact id: '2d8fb83456b672ebbebd6dcb4b35441e') in 0.001438 seconds
Number of updated asset objects reloaded before import = 0
Number of asset objects unloaded after import = 1
========================================================================
Received Import Request.
  Time since last request: 0.000055 seconds.
  path: Assets/Art/Shader/Simple Toon/Demo/Materials/DemoMat1.mat
  artifactKey: Guid(8ed6be4d200f44763bb6a52ceb413920) Importer(2089858483,0ecaa5967403d082aa24f35e1b516d23)
Start importing Assets/Art/Shader/Simple Toon/Demo/Materials/DemoMat1.mat using Guid(8ed6be4d200f44763bb6a52ceb413920) Importer(2089858483,0ecaa5967403d082aa24f35e1b516d23) [PhysX] Initialized MultithreadedTaskDispatcher with 10 workers.
 -> (artifact id: 'affd659b4a6a446f76fa81ab3755b40f') in 0.002199 seconds
Number of updated asset objects reloaded before import = 0
Number of asset objects unloaded after import = 2
========================================================================
Received Import Request.
  Time since last request: 0.000028 seconds.
  path: Assets/Mirza/_VFXToolkit/_Demo/Models/ProBuilder Meshes/pb_Mesh-1564(Clone).asset
  artifactKey: Guid(b6fb66eee329c8a4187a8656cac3e5b5) Importer(2089858483,0ecaa5967403d082aa24f35e1b516d23)
Start importing Assets/Mirza/_VFXToolkit/_Demo/Models/ProBuilder Meshes/pb_Mesh-1564(Clone).asset using Guid(b6fb66eee329c8a4187a8656cac3e5b5) Importer(2089858483,0ecaa5967403d082aa24f35e1b516d23) [PhysX] Initialized MultithreadedTaskDispatcher with 10 workers.
 -> (artifact id: '074d64377dea182a5e6b024ed43f72d5') in 0.001290 seconds
Number of updated asset objects reloaded before import = 0
Number of asset objects unloaded after import = 1
========================================================================
Received Import Request.
  Time since last request: 0.000096 seconds.
  path: Assets/Plugins/Sortify/Modules/SortifyCore/SortifySettingsPopup.cs
  artifactKey: Guid(3ed9aa20fe0373240bd4613d55e3d1f9) Importer(2089858483,0ecaa5967403d082aa24f35e1b516d23)
Start importing Assets/Plugins/Sortify/Modules/SortifyCore/SortifySettingsPopup.cs using Guid(3ed9aa20fe0373240bd4613d55e3d1f9) Importer(2089858483,0ecaa5967403d082aa24f35e1b516d23) [PhysX] Initialized MultithreadedTaskDispatcher with 10 workers.
 -> (artifact id: '4d6faf2523da953cd787005e03a591a6') in 0.001598 seconds
Number of updated asset objects reloaded before import = 0
Number of asset objects unloaded after import = 1
========================================================================
Received Import Request.
  Time since last request: 0.000063 seconds.
  path: Assets/Mirza/_VFXToolkit/_Demo/Models/ProBuilder Meshes/pb_Mesh-40540(Clone)(Clone)(Clone).asset
  artifactKey: Guid(bde439a9ff9aede45921710592e020d2) Importer(2089858483,0ecaa5967403d082aa24f35e1b516d23)
Start importing Assets/Mirza/_VFXToolkit/_Demo/Models/ProBuilder Meshes/pb_Mesh-40540(Clone)(Clone)(Clone).asset using Guid(bde439a9ff9aede45921710592e020d2) Importer(2089858483,0ecaa5967403d082aa24f35e1b516d23) [PhysX] Initialized MultithreadedTaskDispatcher with 10 workers.
 -> (artifact id: '81914e5eda6fbe2a878a4d2e7062866d') in 0.002101 seconds
Number of updated asset objects reloaded before import = 0
Number of asset objects unloaded after import = 1
========================================================================
Received Import Request.
  Time since last request: 0.000026 seconds.
  path: Assets/Plugins/Sortify/Modules/SortifyAttributes/TagAttribute.cs
  artifactKey: Guid(0909a16f9679f804ab6d2fe971a2275a) Importer(2089858483,0ecaa5967403d082aa24f35e1b516d23)
Start importing Assets/Plugins/Sortify/Modules/SortifyAttributes/TagAttribute.cs using Guid(0909a16f9679f804ab6d2fe971a2275a) Importer(2089858483,0ecaa5967403d082aa24f35e1b516d23) [PhysX] Initialized MultithreadedTaskDispatcher with 10 workers.
 -> (artifact id: '0c4bdd698ac50efbc6611ad3e08c8e54') in 0.001255 seconds
Number of updated asset objects reloaded before import = 0
Number of asset objects unloaded after import = 1
========================================================================
Received Import Request.
  Time since last request: 0.000078 seconds.
  path: Assets/Plugins/Sortify/Modules/SortifyAttributes/ReadOnlyAttribute.cs
  artifactKey: Guid(08aa0c4cc04c5c847a79b6ff4208dc8b) Importer(2089858483,0ecaa5967403d082aa24f35e1b516d23)
Start importing Assets/Plugins/Sortify/Modules/SortifyAttributes/ReadOnlyAttribute.cs using Guid(08aa0c4cc04c5c847a79b6ff4208dc8b) Importer(2089858483,0ecaa5967403d082aa24f35e1b516d23) [PhysX] Initialized MultithreadedTaskDispatcher with 10 workers.
 -> (artifact id: '106d4a984c668f63f315c0ab95cac8c3') in 0.001586 seconds
Number of updated asset objects reloaded before import = 0
Number of asset objects unloaded after import = 1
========================================================================
Received Import Request.
  Time since last request: 0.000066 seconds.
  path: Assets/Mirza/_VFXToolkit/_Demo/Models/ProBuilder Meshes/pb_Mesh-45698(Clone)(Clone)(Clone).asset
  artifactKey: Guid(4a62273b3d6585d48be0d957a7ae5dbf) Importer(2089858483,0ecaa5967403d082aa24f35e1b516d23)
Start importing Assets/Mirza/_VFXToolkit/_Demo/Models/ProBuilder Meshes/pb_Mesh-45698(Clone)(Clone)(Clone).asset using Guid(4a62273b3d6585d48be0d957a7ae5dbf) Importer(2089858483,0ecaa5967403d082aa24f35e1b516d23) [PhysX] Initialized MultithreadedTaskDispatcher with 10 workers.
 -> (artifact id: '7e3e276584b9f746d5aab04eef043447') in 0.002523 seconds
Number of updated asset objects reloaded before import = 0
Number of asset objects unloaded after import = 1
========================================================================
Received Import Request.
  Time since last request: 0.000063 seconds.
  path: Assets/Sound/Fmod_Project/Sound/Metadata/Workspace.xml
  artifactKey: Guid(431aac548f68b4d19bc7318e3dcc93a6) Importer(2089858483,0ecaa5967403d082aa24f35e1b516d23)
Start importing Assets/Sound/Fmod_Project/Sound/Metadata/Workspace.xml using Guid(431aac548f68b4d19bc7318e3dcc93a6) Importer(2089858483,0ecaa5967403d082aa24f35e1b516d23) [PhysX] Initialized MultithreadedTaskDispatcher with 10 workers.
 -> (artifact id: 'fa8c793d96934806094daa06969691d0') in 0.001210 seconds
Number of updated asset objects reloaded before import = 0
Number of asset objects unloaded after import = 1
========================================================================
Received Import Request.
  Time since last request: 0.000047 seconds.
  path: Assets/Plugins/FMOD/src/Editor/CreateEventPopup.cs
  artifactKey: Guid(9c9773a32ed4a2b429fd42645175c32b) Importer(2089858483,0ecaa5967403d082aa24f35e1b516d23)
Start importing Assets/Plugins/FMOD/src/Editor/CreateEventPopup.cs using Guid(9c9773a32ed4a2b429fd42645175c32b) Importer(2089858483,0ecaa5967403d082aa24f35e1b516d23) [PhysX] Initialized MultithreadedTaskDispatcher with 10 workers.
 -> (artifact id: 'e7c635c12f243ab810c5dea72d425d20') in 0.001610 seconds
Number of updated asset objects reloaded before import = 0
Number of asset objects unloaded after import = 1
========================================================================
Received Import Request.
  Time since last request: 0.000083 seconds.
  path: Assets/Plugins/FMOD/src/Editor/BankRefresher.cs
  artifactKey: Guid(e564c074e96205b49b91ff80126983c5) Importer(2089858483,0ecaa5967403d082aa24f35e1b516d23)
Start importing Assets/Plugins/FMOD/src/Editor/BankRefresher.cs using Guid(e564c074e96205b49b91ff80126983c5) Importer(2089858483,0ecaa5967403d082aa24f35e1b516d23) [PhysX] Initialized MultithreadedTaskDispatcher with 10 workers.
 -> (artifact id: '95ea4cb4210ed3dd670c30a7ca76338e') in 0.001566 seconds
Number of updated asset objects reloaded before import = 0
Number of asset objects unloaded after import = 1
========================================================================
Received Import Request.
  Time since last request: 0.000049 seconds.
  path: Assets/Mirza/_VFXToolkit/_Demo/Models/ProBuilder Meshes/pb_Mesh-45698(Clone).asset
  artifactKey: Guid(5d220bbd21cf40f4f99e459cc281b227) Importer(2089858483,0ecaa5967403d082aa24f35e1b516d23)
Start importing Assets/Mirza/_VFXToolkit/_Demo/Models/ProBuilder Meshes/pb_Mesh-45698(Clone).asset using Guid(5d220bbd21cf40f4f99e459cc281b227) Importer(2089858483,0ecaa5967403d082aa24f35e1b516d23) [PhysX] Initialized MultithreadedTaskDispatcher with 10 workers.
 -> (artifact id: '81a2a4cce17c657637fdf78a108ee2c2') in 0.001185 seconds
Number of updated asset objects reloaded before import = 0
Number of asset objects unloaded after import = 1
========================================================================
Received Import Request.
  Time since last request: 0.000030 seconds.
  path: Assets/Plugins/Sortify/Modules/SortifyAttributes/UnitAttribute.cs
  artifactKey: Guid(9932ea09f0f8d1348af48accd15fd141) Importer(2089858483,0ecaa5967403d082aa24f35e1b516d23)
Start importing Assets/Plugins/Sortify/Modules/SortifyAttributes/UnitAttribute.cs using Guid(9932ea09f0f8d1348af48accd15fd141) Importer(2089858483,0ecaa5967403d082aa24f35e1b516d23) [PhysX] Initialized MultithreadedTaskDispatcher with 10 workers.
 -> (artifact id: 'fe05418eece9c643b302baeec2c40deb') in 0.001267 seconds
Number of updated asset objects reloaded before import = 0
Number of asset objects unloaded after import = 1
========================================================================
Received Import Request.
  Time since last request: 2.536255 seconds.
  path: Assets/Mirza/_VFXToolkit/_Demo/Prefabs/Primitives/1x2.prefab
  artifactKey: Guid(e2fee887ffe04dc41afc9887a0920cae) Importer(2089858483,0ecaa5967403d082aa24f35e1b516d23)
Start importing Assets/Mirza/_VFXToolkit/_Demo/Prefabs/Primitives/1x2.prefab using Guid(e2fee887ffe04dc41afc9887a0920cae) Importer(2089858483,0ecaa5967403d082aa24f35e1b516d23) [PhysX] Initialized MultithreadedTaskDispatcher with 10 workers.
 -> (artifact id: '0fcac5d1b4c3133f34337102583c7030') in 0.003521 seconds
Number of updated asset objects reloaded before import = 0
Number of asset objects unloaded after import = 18
========================================================================
Received Import Request.
  Time since last request: 0.000231 seconds.
  path: Assets/Sound/Fmod_Project/Sound/Metadata/Asset/{289fc2ac-0b3f-4ef7-a10d-80bc558cd6ea}.xml
  artifactKey: Guid(8229528b8291c4d099a742a487ffd518) Importer(2089858483,0ecaa5967403d082aa24f35e1b516d23)
Start importing Assets/Sound/Fmod_Project/Sound/Metadata/Asset/{289fc2ac-0b3f-4ef7-a10d-80bc558cd6ea}.xml using Guid(8229528b8291c4d099a742a487ffd518) Importer(2089858483,0ecaa5967403d082aa24f35e1b516d23) [PhysX] Initialized MultithreadedTaskDispatcher with 10 workers.
 -> (artifact id: 'ec35f3a0c59503f5aa857344b5561a99') in 0.004134 seconds
Number of updated asset objects reloaded before import = 0
Number of asset objects unloaded after import = 1
========================================================================
Received Import Request.
  Time since last request: 0.000143 seconds.
  path: Assets/Sound/Fmod_Project/Sound/Assets/Footsteps Mini Sound Pack/Plastic_001.wav
  artifactKey: Guid(12e68ad04001dff48930e93f60a2ef80) Importer(2089858483,0ecaa5967403d082aa24f35e1b516d23)
Start importing Assets/Sound/Fmod_Project/Sound/Assets/Footsteps Mini Sound Pack/Plastic_001.wav using Guid(12e68ad04001dff48930e93f60a2ef80) Importer(2089858483,0ecaa5967403d082aa24f35e1b516d23) [PhysX] Initialized MultithreadedTaskDispatcher with 10 workers.
 -> (artifact id: 'd4bb8415076a1dd74cc91f3fec2d47b3') in 0.017345 seconds
Number of updated asset objects reloaded before import = 0
Number of asset objects unloaded after import = 1
========================================================================
Received Import Request.
  Time since last request: 0.000033 seconds.
  path: Assets/Sound/Fmod_Project/Sound/Assets/Footsteps Mini Sound Pack/Glass_Grit_Mono_01.wav
  artifactKey: Guid(37978bfc2423e08488ae265b81b126d0) Importer(2089858483,0ecaa5967403d082aa24f35e1b516d23)
Start importing Assets/Sound/Fmod_Project/Sound/Assets/Footsteps Mini Sound Pack/Glass_Grit_Mono_01.wav using Guid(37978bfc2423e08488ae265b81b126d0) Importer(2089858483,0ecaa5967403d082aa24f35e1b516d23) [PhysX] Initialized MultithreadedTaskDispatcher with 10 workers.
 -> (artifact id: 'a6704b3f8bfc602765e7c475da7d58b9') in 0.016316 seconds
Number of updated asset objects reloaded before import = 0
Number of asset objects unloaded after import = 1
========================================================================
Received Import Request.
  Time since last request: 0.000351 seconds.
  path: Assets/Sound/Fmod_Project/Sound/Metadata/Asset/{1ea72061-0c04-4844-b94c-ef8478c4e89f}.xml
  artifactKey: Guid(942109e057a02420f9daa70f72beb2a2) Importer(2089858483,0ecaa5967403d082aa24f35e1b516d23)
Start importing Assets/Sound/Fmod_Project/Sound/Metadata/Asset/{1ea72061-0c04-4844-b94c-ef8478c4e89f}.xml using Guid(942109e057a02420f9daa70f72beb2a2) Importer(2089858483,0ecaa5967403d082aa24f35e1b516d23) [PhysX] Initialized MultithreadedTaskDispatcher with 10 workers.
 -> (artifact id: '196e356ee0ff74e928a6c706f50dcd64') in 0.001891 seconds
Number of updated asset objects reloaded before import = 0
Number of asset objects unloaded after import = 1
========================================================================
Received Import Request.
  Time since last request: 0.000091 seconds.
  path: Assets/Sound/Fmod_Project/Sound/Assets/Footsteps Mini Sound Pack/Mud_Mono_04.wav
  artifactKey: Guid(3011b8239a9b9da4588acb9e7b7a61e4) Importer(2089858483,0ecaa5967403d082aa24f35e1b516d23)
Start importing Assets/Sound/Fmod_Project/Sound/Assets/Footsteps Mini Sound Pack/Mud_Mono_04.wav using Guid(3011b8239a9b9da4588acb9e7b7a61e4) Importer(2089858483,0ecaa5967403d082aa24f35e1b516d23) [PhysX] Initialized MultithreadedTaskDispatcher with 10 workers.
 -> (artifact id: 'b698b20042c3dcc1cbbed3589bdcb2ad') in 0.016234 seconds
Number of updated asset objects reloaded before import = 0
Number of asset objects unloaded after import = 1
========================================================================
Received Import Request.
  Time since last request: 0.000085 seconds.
  path: Assets/Sound/Fmod_Project/Sound/Assets/Footsteps Mini Sound Pack/Ice_Mono_05.wav
  artifactKey: Guid(877f292cbca170f438ca5f09e68948be) Importer(2089858483,0ecaa5967403d082aa24f35e1b516d23)
Start importing Assets/Sound/Fmod_Project/Sound/Assets/Footsteps Mini Sound Pack/Ice_Mono_05.wav using Guid(877f292cbca170f438ca5f09e68948be) Importer(2089858483,0ecaa5967403d082aa24f35e1b516d23) [PhysX] Initialized MultithreadedTaskDispatcher with 10 workers.
 -> (artifact id: '71e2eacd49c459a93e050d1a7a4911e0') in 0.014705 seconds
Number of updated asset objects reloaded before import = 0
Number of asset objects unloaded after import = 1
========================================================================
Received Import Request.
  Time since last request: 0.000241 seconds.
  path: Assets/Sound/Fmod_Project/Sound/Metadata/Asset/{35345376-a157-4760-a65d-ec0cab4de685}.xml
  artifactKey: Guid(bd32bd8e2fdc14f7d9d9d066bf3fd87d) Importer(2089858483,0ecaa5967403d082aa24f35e1b516d23)
Start importing Assets/Sound/Fmod_Project/Sound/Metadata/Asset/{35345376-a157-4760-a65d-ec0cab4de685}.xml using Guid(bd32bd8e2fdc14f7d9d9d066bf3fd87d) Importer(2089858483,0ecaa5967403d082aa24f35e1b516d23) [PhysX] Initialized MultithreadedTaskDispatcher with 10 workers.
 -> (artifact id: '24423c2e59ebf0644c8b12a76396fbef') in 0.001849 seconds
Number of updated asset objects reloaded before import = 0
Number of asset objects unloaded after import = 1
========================================================================
Received Import Request.
  Time since last request: 0.000046 seconds.
  path: Assets/Sound/Fmod_Project/Sound/Metadata/Asset/{d329971d-9229-46d2-a0ae-88b3cb0e91f2}.xml
  artifactKey: Guid(5a26a5ca2a69342ea8cd3881b3c1da3a) Importer(2089858483,0ecaa5967403d082aa24f35e1b516d23)
Start importing Assets/Sound/Fmod_Project/Sound/Metadata/Asset/{d329971d-9229-46d2-a0ae-88b3cb0e91f2}.xml using Guid(5a26a5ca2a69342ea8cd3881b3c1da3a) Importer(2089858483,0ecaa5967403d082aa24f35e1b516d23) [PhysX] Initialized MultithreadedTaskDispatcher with 10 workers.
 -> (artifact id: '2f73d5362f3f0bbcf90539ecbd1e9592') in 0.001540 seconds
Number of updated asset objects reloaded before import = 0
Number of asset objects unloaded after import = 1
========================================================================
Received Import Request.
  Time since last request: 0.000095 seconds.
  path: Assets/Sound/Fmod_Project/Sound/Assets/Footsteps Mini Sound Pack/DirtRoad_Mono_05.wav
  artifactKey: Guid(38025832fbb2254429dd042621e613bc) Importer(2089858483,0ecaa5967403d082aa24f35e1b516d23)
Start importing Assets/Sound/Fmod_Project/Sound/Assets/Footsteps Mini Sound Pack/DirtRoad_Mono_05.wav using Guid(38025832fbb2254429dd042621e613bc) Importer(2089858483,0ecaa5967403d082aa24f35e1b516d23) [PhysX] Initialized MultithreadedTaskDispatcher with 10 workers.
 -> (artifact id: '1082172d7a95ebacfc26f4577bdb7518') in 0.013207 seconds
Number of updated asset objects reloaded before import = 0
Number of asset objects unloaded after import = 1
========================================================================
Received Import Request.
  Time since last request: 0.000049 seconds.
  path: Assets/Sound/Fmod_Project/Sound/Assets/Footsteps Mini Sound Pack/BootsLinoleum_03.wav
  artifactKey: Guid(67f1320dedbaf4640ab9efbbb720f612) Importer(2089858483,0ecaa5967403d082aa24f35e1b516d23)
Start importing Assets/Sound/Fmod_Project/Sound/Assets/Footsteps Mini Sound Pack/BootsLinoleum_03.wav using Guid(67f1320dedbaf4640ab9efbbb720f612) Importer(2089858483,0ecaa5967403d082aa24f35e1b516d23) [PhysX] Initialized MultithreadedTaskDispatcher with 10 workers.
 -> (artifact id: 'c7dde61e52c5d58f7925ac56ab9cde4b') in 0.013321 seconds
Number of updated asset objects reloaded before import = 0
Number of asset objects unloaded after import = 1
========================================================================
Received Import Request.
  Time since last request: 0.000140 seconds.
  path: Assets/Sound/Fmod_Project/Sound/Assets/Footsteps Mini Sound Pack/Linoleum_Mono_04.wav
  artifactKey: Guid(01fc8d4fe8daac14788186b454fd5330) Importer(2089858483,0ecaa5967403d082aa24f35e1b516d23)
Start importing Assets/Sound/Fmod_Project/Sound/Assets/Footsteps Mini Sound Pack/Linoleum_Mono_04.wav using Guid(01fc8d4fe8daac14788186b454fd5330) Importer(2089858483,0ecaa5967403d082aa24f35e1b516d23) [PhysX] Initialized MultithreadedTaskDispatcher with 10 workers.
 -> (artifact id: 'd333915f9d02da61e428d46ec9860053') in 0.012359 seconds
Number of updated asset objects reloaded before import = 0
Number of asset objects unloaded after import = 1
========================================================================
Received Import Request.
  Time since last request: 0.000040 seconds.
  path: Assets/Sound/Fmod_Project/Sound/Assets/Footsteps Mini Sound Pack/Glass_Grit_Mono_05.wav
  artifactKey: Guid(c4a21809e31911344bff0a58308ff320) Importer(2089858483,0ecaa5967403d082aa24f35e1b516d23)
Start importing Assets/Sound/Fmod_Project/Sound/Assets/Footsteps Mini Sound Pack/Glass_Grit_Mono_05.wav using Guid(c4a21809e31911344bff0a58308ff320) Importer(2089858483,0ecaa5967403d082aa24f35e1b516d23) [PhysX] Initialized MultithreadedTaskDispatcher with 10 workers.
 -> (artifact id: '32e0711ff0bcff519e665f5892d4bae7') in 0.013466 seconds
Number of updated asset objects reloaded before import = 0
Number of asset objects unloaded after import = 1
========================================================================
Received Import Request.
  Time since last request: 0.000041 seconds.
  path: Assets/Plugins/FMOD/addons/ResonanceAudio/Scripts/FMODUnityResonance.asmdef
  artifactKey: Guid(44d09cf463b68274884d8a3c8a94e528) Importer(2089858483,0ecaa5967403d082aa24f35e1b516d23)
Start importing Assets/Plugins/FMOD/addons/ResonanceAudio/Scripts/FMODUnityResonance.asmdef using Guid(44d09cf463b68274884d8a3c8a94e528) Importer(2089858483,0ecaa5967403d082aa24f35e1b516d23) [PhysX] Initialized MultithreadedTaskDispatcher with 10 workers.
 -> (artifact id: '5d08b82e4839433538caab1501cdadf5') in 0.001805 seconds
Number of updated asset objects reloaded before import = 0
Number of asset objects unloaded after import = 1
========================================================================
Received Import Request.
  Time since last request: 0.000043 seconds.
  path: Assets/Sound/Fmod_Project/Sound/Metadata/Asset/{a2668f15-3dbf-45e7-bf9c-a440a579736f}.xml
  artifactKey: Guid(05b94817c7b394befae29ab2d7016e59) Importer(2089858483,0ecaa5967403d082aa24f35e1b516d23)
Start importing Assets/Sound/Fmod_Project/Sound/Metadata/Asset/{a2668f15-3dbf-45e7-bf9c-a440a579736f}.xml using Guid(05b94817c7b394befae29ab2d7016e59) Importer(2089858483,0ecaa5967403d082aa24f35e1b516d23) [PhysX] Initialized MultithreadedTaskDispatcher with 10 workers.
 -> (artifact id: '169a8c2fbc1784d53737804ea751a768') in 0.002569 seconds
Number of updated asset objects reloaded before import = 0
Number of asset objects unloaded after import = 1
========================================================================
Received Import Request.
  Time since last request: 0.000026 seconds.
  path: Assets/Sound/Fmod_Project/Sound/Assets/Footsteps Mini Sound Pack/Tall_Grass_Mono_02.wav
  artifactKey: Guid(117ee758af99f55458d5e299dd568462) Importer(2089858483,0ecaa5967403d082aa24f35e1b516d23)
Start importing Assets/Sound/Fmod_Project/Sound/Assets/Footsteps Mini Sound Pack/Tall_Grass_Mono_02.wav using Guid(117ee758af99f55458d5e299dd568462) Importer(2089858483,0ecaa5967403d082aa24f35e1b516d23) [PhysX] Initialized MultithreadedTaskDispatcher with 10 workers.
 -> (artifact id: '177a94da64a5094e8cb9cdee2b1bab12') in 0.012904 seconds
Number of updated asset objects reloaded before import = 0
Number of asset objects unloaded after import = 1
========================================================================
Received Import Request.
  Time since last request: 0.000106 seconds.
  path: Assets/Sound/Fmod_Project/Sound/Metadata/Asset/{127de8c3-2af2-495e-9397-7db16ed56984}.xml
  artifactKey: Guid(227976955bf61475c887d66d390147a3) Importer(2089858483,0ecaa5967403d082aa24f35e1b516d23)
Start importing Assets/Sound/Fmod_Project/Sound/Metadata/Asset/{127de8c3-2af2-495e-9397-7db16ed56984}.xml using Guid(227976955bf61475c887d66d390147a3) Importer(2089858483,0ecaa5967403d082aa24f35e1b516d23) [PhysX] Initialized MultithreadedTaskDispatcher with 10 workers.
 -> (artifact id: 'c6049929d25cf44fb43d60b003de40d7') in 0.002555 seconds
Number of updated asset objects reloaded before import = 0
Number of asset objects unloaded after import = 1
========================================================================
Received Import Request.
  Time since last request: 0.000048 seconds.
  path: Assets/Sound/Fmod_Project/Sound/Metadata/Asset/{1e2ed59f-83ca-4d25-b8a3-b7cbde57dcae}.xml
  artifactKey: Guid(1665a9be924084b45b5d8f1fa2cb9a06) Importer(2089858483,0ecaa5967403d082aa24f35e1b516d23)
Start importing Assets/Sound/Fmod_Project/Sound/Metadata/Asset/{1e2ed59f-83ca-4d25-b8a3-b7cbde57dcae}.xml using Guid(1665a9be924084b45b5d8f1fa2cb9a06) Importer(2089858483,0ecaa5967403d082aa24f35e1b516d23) [PhysX] Initialized MultithreadedTaskDispatcher with 10 workers.
 -> (artifact id: '3c34ff6a40b80931416df447f3c3d56a') in 0.002707 seconds
Number of updated asset objects reloaded before import = 0
Number of asset objects unloaded after import = 1
========================================================================
Received Import Request.
  Time since last request: 0.000029 seconds.
  path: Assets/Plugins/FMOD/platforms/android/src/PlatformAndroid.cs
  artifactKey: Guid(97ba6cc2660c0ca498540d254701057a) Importer(2089858483,0ecaa5967403d082aa24f35e1b516d23)
Start importing Assets/Plugins/FMOD/platforms/android/src/PlatformAndroid.cs using Guid(97ba6cc2660c0ca498540d254701057a) Importer(2089858483,0ecaa5967403d082aa24f35e1b516d23) [PhysX] Initialized MultithreadedTaskDispatcher with 10 workers.
 -> (artifact id: 'd7b601381fa6930bdc19d8c7c352c0f8') in 0.001640 seconds
Number of updated asset objects reloaded before import = 0
Number of asset objects unloaded after import = 1
========================================================================
Received Import Request.
  Time since last request: 0.000060 seconds.
  path: Assets/Sound/Fmod_Project/Sound/Metadata/Asset/{975827e6-6063-47e7-8ec0-f52c93187dee}.xml
  artifactKey: Guid(887bf969826bf447e87578b32dca5588) Importer(2089858483,0ecaa5967403d082aa24f35e1b516d23)
Start importing Assets/Sound/Fmod_Project/Sound/Metadata/Asset/{975827e6-6063-47e7-8ec0-f52c93187dee}.xml using Guid(887bf969826bf447e87578b32dca5588) Importer(2089858483,0ecaa5967403d082aa24f35e1b516d23) [PhysX] Initialized MultithreadedTaskDispatcher with 10 workers.
 -> (artifact id: 'acebfd6ab7dfc9d0de9a891dfb07a389') in 0.001488 seconds
Number of updated asset objects reloaded before import = 0
Number of asset objects unloaded after import = 1
========================================================================
Received Import Request.
  Time since last request: 0.000026 seconds.
  path: Assets/Sound/Fmod_Project/Sound/Assets/Footsteps Mini Sound Pack/Undergrowth_Mono_03.wav
  artifactKey: Guid(94b8f6b4a9f1697409f894c4d545c97b) Importer(2089858483,0ecaa5967403d082aa24f35e1b516d23)
Start importing Assets/Sound/Fmod_Project/Sound/Assets/Footsteps Mini Sound Pack/Undergrowth_Mono_03.wav using Guid(94b8f6b4a9f1697409f894c4d545c97b) Importer(2089858483,0ecaa5967403d082aa24f35e1b516d23) [PhysX] Initialized MultithreadedTaskDispatcher with 10 workers.
 -> (artifact id: 'fe78c16135917e8d2f70437e700f77cf') in 0.013417 seconds
Number of updated asset objects reloaded before import = 0
Number of asset objects unloaded after import = 1
========================================================================
Received Import Request.
  Time since last request: 0.000049 seconds.
  path: Assets/Sound/Fmod_Project/Sound/Assets/Footsteps Mini Sound Pack/Flats_Metal_Grate_005.wav
  artifactKey: Guid(f71804734404dbf49a6dfeabb3e2ae9d) Importer(2089858483,0ecaa5967403d082aa24f35e1b516d23)
Start importing Assets/Sound/Fmod_Project/Sound/Assets/Footsteps Mini Sound Pack/Flats_Metal_Grate_005.wav using Guid(f71804734404dbf49a6dfeabb3e2ae9d) Importer(2089858483,0ecaa5967403d082aa24f35e1b516d23) [PhysX] Initialized MultithreadedTaskDispatcher with 10 workers.
 -> (artifact id: 'b0b5b84cdf4e43aa38e7469cb27cc4e7') in 0.012342 seconds
Number of updated asset objects reloaded before import = 0
Number of asset objects unloaded after import = 1
========================================================================
Received Import Request.
  Time since last request: 0.000128 seconds.
  path: Assets/Sound/Fmod_Project/Sound/Metadata/Asset/{c910aac8-a242-4b08-83ec-22a7ce1697b8}.xml
  artifactKey: Guid(80003a77cca3645b9b51142ed1a086ca) Importer(2089858483,0ecaa5967403d082aa24f35e1b516d23)
Start importing Assets/Sound/Fmod_Project/Sound/Metadata/Asset/{c910aac8-a242-4b08-83ec-22a7ce1697b8}.xml using Guid(80003a77cca3645b9b51142ed1a086ca) Importer(2089858483,0ecaa5967403d082aa24f35e1b516d23) [PhysX] Initialized MultithreadedTaskDispatcher with 10 workers.
 -> (artifact id: '6a1f16a76c83dbac970848bc41c8b7f9') in 0.001486 seconds
Number of updated asset objects reloaded before import = 0
Number of asset objects unloaded after import = 1
========================================================================
Received Import Request.
  Time since last request: 0.000042 seconds.
  path: Assets/Sound/Fmod_Project/Sound/Metadata/Asset/{e1a8d4e8-d017-4138-87ae-ff2ce5e33c56}.xml
  artifactKey: Guid(d1d130b60a80d475ea43702d977f84e0) Importer(2089858483,0ecaa5967403d082aa24f35e1b516d23)
Start importing Assets/Sound/Fmod_Project/Sound/Metadata/Asset/{e1a8d4e8-d017-4138-87ae-ff2ce5e33c56}.xml using Guid(d1d130b60a80d475ea43702d977f84e0) Importer(2089858483,0ecaa5967403d082aa24f35e1b516d23) [PhysX] Initialized MultithreadedTaskDispatcher with 10 workers.
 -> (artifact id: '06c0688af0fae7366f08892db802bf67') in 0.002374 seconds
Number of updated asset objects reloaded before import = 0
Number of asset objects unloaded after import = 1
========================================================================
Received Import Request.
  Time since last request: 0.000032 seconds.
  path: Assets/Sound/Fmod_Project/Sound/Metadata/AudioFile/{0101ba0d-a097-4a62-ab06-a77cb1204177}.xml
  artifactKey: Guid(0a2bd374bed8b4462b5d03719cf697a0) Importer(2089858483,0ecaa5967403d082aa24f35e1b516d23)
Start importing Assets/Sound/Fmod_Project/Sound/Metadata/AudioFile/{0101ba0d-a097-4a62-ab06-a77cb1204177}.xml using Guid(0a2bd374bed8b4462b5d03719cf697a0) Importer(2089858483,0ecaa5967403d082aa24f35e1b516d23) [PhysX] Initialized MultithreadedTaskDispatcher with 10 workers.
 -> (artifact id: '65d64f4c181c2b0693290253618358fa') in 0.001482 seconds
Number of updated asset objects reloaded before import = 0
Number of asset objects unloaded after import = 1
========================================================================
Received Import Request.
  Time since last request: 0.000032 seconds.
  path: Assets/Sound/Fmod_Project/Sound/Assets/Footsteps Mini Sound Pack/SnowSteps_03.wav
  artifactKey: Guid(021090a627483eb4eab7f05324af78ed) Importer(2089858483,0ecaa5967403d082aa24f35e1b516d23)
Start importing Assets/Sound/Fmod_Project/Sound/Assets/Footsteps Mini Sound Pack/SnowSteps_03.wav using Guid(021090a627483eb4eab7f05324af78ed) Importer(2089858483,0ecaa5967403d082aa24f35e1b516d23) [PhysX] Initialized MultithreadedTaskDispatcher with 10 workers.
 -> (artifact id: '2656ae39651c96766af182b1752854ce') in 0.012392 seconds
Number of updated asset objects reloaded before import = 0
Number of asset objects unloaded after import = 1
========================================================================
Received Import Request.
  Time since last request: 0.000035 seconds.
  path: Assets/Sound/Fmod_Project/Sound/Metadata/Asset/{a3e563cc-eaa3-496a-800a-ce9e651167a9}.xml
  artifactKey: Guid(7ccf0344c26ca4821a3bb2de9457cbce) Importer(2089858483,0ecaa5967403d082aa24f35e1b516d23)
Start importing Assets/Sound/Fmod_Project/Sound/Metadata/Asset/{a3e563cc-eaa3-496a-800a-ce9e651167a9}.xml using Guid(7ccf0344c26ca4821a3bb2de9457cbce) Importer(2089858483,0ecaa5967403d082aa24f35e1b516d23) [PhysX] Initialized MultithreadedTaskDispatcher with 10 workers.
 -> (artifact id: 'a9ffcc9e1b22542aa6397bc24b32e3d7') in 0.002495 seconds
Number of updated asset objects reloaded before import = 0
Number of asset objects unloaded after import = 1
========================================================================
Received Import Request.
  Time since last request: 0.000028 seconds.
  path: Assets/Plugins/Sortify/Modules/SortifyAttributes/Editor/TagAttributeDrawer.cs
  artifactKey: Guid(6e00d1d6c8f9889449cbe975a5a2eebb) Importer(2089858483,0ecaa5967403d082aa24f35e1b516d23)
Start importing Assets/Plugins/Sortify/Modules/SortifyAttributes/Editor/TagAttributeDrawer.cs using Guid(6e00d1d6c8f9889449cbe975a5a2eebb) Importer(2089858483,0ecaa5967403d082aa24f35e1b516d23) [PhysX] Initialized MultithreadedTaskDispatcher with 10 workers.
 -> (artifact id: 'c04d8a3d2328f82e5094533337b12a4c') in 0.001362 seconds
Number of updated asset objects reloaded before import = 0
Number of asset objects unloaded after import = 1
========================================================================
Received Import Request.
  Time since last request: 0.000028 seconds.
  path: Assets/Sound/Fmod_Project/Sound/Assets/Footsteps Mini Sound Pack/Rubber_04.wav
  artifactKey: Guid(62c8489ded9fa6c45b33c159cb3fab89) Importer(2089858483,0ecaa5967403d082aa24f35e1b516d23)
Start importing Assets/Sound/Fmod_Project/Sound/Assets/Footsteps Mini Sound Pack/Rubber_04.wav using Guid(62c8489ded9fa6c45b33c159cb3fab89) Importer(2089858483,0ecaa5967403d082aa24f35e1b516d23) [PhysX] Initialized MultithreadedTaskDispatcher with 10 workers.
 -> (artifact id: 'be37047bd17f58a9da1fde39350c551a') in 0.012285 seconds
Number of updated asset objects reloaded before import = 0
Number of asset objects unloaded after import = 1
========================================================================
Received Import Request.
  Time since last request: 0.000112 seconds.
  path: Assets/Sound/Fmod_Project/Sound/Metadata/AudioFile/{01ddfe76-0e35-4261-92d8-0a1db8d1cb4b}.xml
  artifactKey: Guid(452f3288e70d540bb802e40e945e6bd3) Importer(2089858483,0ecaa5967403d082aa24f35e1b516d23)
Start importing Assets/Sound/Fmod_Project/Sound/Metadata/AudioFile/{01ddfe76-0e35-4261-92d8-0a1db8d1cb4b}.xml using Guid(452f3288e70d540bb802e40e945e6bd3) Importer(2089858483,0ecaa5967403d082aa24f35e1b516d23) [PhysX] Initialized MultithreadedTaskDispatcher with 10 workers.
 -> (artifact id: 'f8c7659b5a22a7df3a0389271d8480cd') in 0.001397 seconds
Number of updated asset objects reloaded before import = 0
Number of asset objects unloaded after import = 1
========================================================================
Received Import Request.
  Time since last request: 0.000127 seconds.
  path: Assets/Sound/Fmod_Project/Sound/Metadata/Asset/{21926c76-26a3-4d5b-8f3e-38426a23b8ec}.xml
  artifactKey: Guid(2f5fdab2f3b0d4cb690e1a2b9cca498b) Importer(2089858483,0ecaa5967403d082aa24f35e1b516d23)
Start importing Assets/Sound/Fmod_Project/Sound/Metadata/Asset/{21926c76-26a3-4d5b-8f3e-38426a23b8ec}.xml using Guid(2f5fdab2f3b0d4cb690e1a2b9cca498b) Importer(2089858483,0ecaa5967403d082aa24f35e1b516d23) [PhysX] Initialized MultithreadedTaskDispatcher with 10 workers.
 -> (artifact id: '3d0d9e1f3a1a299ad6e91bbc818f77f1') in 0.002568 seconds
Number of updated asset objects reloaded before import = 0
Number of asset objects unloaded after import = 1
========================================================================
Received Import Request.
  Time since last request: 0.000038 seconds.
  path: Assets/Sound/Fmod_Project/Sound/Assets/Footsteps Mini Sound Pack/Undergrowth_Mono_05.wav
  artifactKey: Guid(0644ead4793f8494eb4c7389ec5bb3f7) Importer(2089858483,0ecaa5967403d082aa24f35e1b516d23)
Start importing Assets/Sound/Fmod_Project/Sound/Assets/Footsteps Mini Sound Pack/Undergrowth_Mono_05.wav using Guid(0644ead4793f8494eb4c7389ec5bb3f7) Importer(2089858483,0ecaa5967403d082aa24f35e1b516d23) [PhysX] Initialized MultithreadedTaskDispatcher with 10 workers.
 -> (artifact id: '39eab78d1ad3a4bae89533727a453a45') in 0.012408 seconds
Number of updated asset objects reloaded before import = 0
Number of asset objects unloaded after import = 1
========================================================================
Received Import Request.
  Time since last request: 0.000101 seconds.
  path: Assets/Sound/Fmod_Project/Sound/Metadata/Asset/{0a06d601-6917-434e-88c5-86204ffafa73}.xml
  artifactKey: Guid(db1a1bdd974f845ac8c0f2c94ad5dc19) Importer(2089858483,0ecaa5967403d082aa24f35e1b516d23)
Start importing Assets/Sound/Fmod_Project/Sound/Metadata/Asset/{0a06d601-6917-434e-88c5-86204ffafa73}.xml using Guid(db1a1bdd974f845ac8c0f2c94ad5dc19) Importer(2089858483,0ecaa5967403d082aa24f35e1b516d23) [PhysX] Initialized MultithreadedTaskDispatcher with 10 workers.
 -> (artifact id: 'c9bcbd33b9dce49031a266e3eb55e045') in 0.001433 seconds
Number of updated asset objects reloaded before import = 0
Number of asset objects unloaded after import = 1
========================================================================
Received Import Request.
  Time since last request: 0.000034 seconds.
  path: Assets/Plugins/FMOD/platforms/visionos/lib/libfmodstudioL_xrsimulator.a
  artifactKey: Guid(cc7984acfd746420c810ab83b89887c4) Importer(2089858483,0ecaa5967403d082aa24f35e1b516d23)
Start importing Assets/Plugins/FMOD/platforms/visionos/lib/libfmodstudioL_xrsimulator.a using Guid(cc7984acfd746420c810ab83b89887c4) Importer(2089858483,0ecaa5967403d082aa24f35e1b516d23) [PhysX] Initialized MultithreadedTaskDispatcher with 10 workers.
 -> (artifact id: 'a9f60460dd675d30f594ad3276e90f11') in 0.003473 seconds
Number of updated asset objects reloaded before import = 0
Number of asset objects unloaded after import = 1
========================================================================
Received Import Request.
  Time since last request: 0.000029 seconds.
  path: Assets/Sound/Fmod_Project/Sound/Metadata/Asset/{bbffcb9d-b60d-4192-a41f-ffe982f11b79}.xml
  artifactKey: Guid(335cf936a954949dab46260afb76948e) Importer(2089858483,0ecaa5967403d082aa24f35e1b516d23)
Start importing Assets/Sound/Fmod_Project/Sound/Metadata/Asset/{bbffcb9d-b60d-4192-a41f-ffe982f11b79}.xml using Guid(335cf936a954949dab46260afb76948e) Importer(2089858483,0ecaa5967403d082aa24f35e1b516d23) [PhysX] Initialized MultithreadedTaskDispatcher with 10 workers.
 -> (artifact id: 'd8b2453d5203b19e3edaa3ac6aff2692') in 0.001337 seconds
Number of updated asset objects reloaded before import = 0
Number of asset objects unloaded after import = 1
========================================================================
Received Import Request.
  Time since last request: 0.000080 seconds.
  path: Assets/Mirza/_VFXToolkit/_Demo/Prefabs/Primitives/Pipe.prefab
  artifactKey: Guid(33f755fef4ef2534493b18d9d06f98bd) Importer(2089858483,0ecaa5967403d082aa24f35e1b516d23)
Start importing Assets/Mirza/_VFXToolkit/_Demo/Prefabs/Primitives/Pipe.prefab using Guid(33f755fef4ef2534493b18d9d06f98bd) Importer(2089858483,0ecaa5967403d082aa24f35e1b516d23) [PhysX] Initialized MultithreadedTaskDispatcher with 10 workers.
 -> (artifact id: '47bacb6cdd5c21a21de29253bac8b3e2') in 0.005369 seconds
Number of updated asset objects reloaded before import = 0
Number of asset objects unloaded after import = 9
========================================================================
Received Import Request.
  Time since last request: 0.000042 seconds.
  path: Assets/Sound/Fmod_Project/Sound/Assets/Footsteps Mini Sound Pack/SnowSteps_04.wav
  artifactKey: Guid(1152edd17b85f6a4ea32a6974e42d345) Importer(2089858483,0ecaa5967403d082aa24f35e1b516d23)
Start importing Assets/Sound/Fmod_Project/Sound/Assets/Footsteps Mini Sound Pack/SnowSteps_04.wav using Guid(1152edd17b85f6a4ea32a6974e42d345) Importer(2089858483,0ecaa5967403d082aa24f35e1b516d23) [PhysX] Initialized MultithreadedTaskDispatcher with 10 workers.
 -> (artifact id: '237a42bb15ac2ca2baaef5ad59532f55') in 0.013333 seconds
Number of updated asset objects reloaded before import = 0
Number of asset objects unloaded after import = 1
========================================================================
Received Import Request.
  Time since last request: 0.000031 seconds.
  path: Assets/Sound/Fmod_Project/Sound/Assets/Footsteps Mini Sound Pack/Parquet_Floor_Mono_01.wav
  artifactKey: Guid(9f16f1a47f7e8af43bde4f39657b3a6a) Importer(2089858483,0ecaa5967403d082aa24f35e1b516d23)
Start importing Assets/Sound/Fmod_Project/Sound/Assets/Footsteps Mini Sound Pack/Parquet_Floor_Mono_01.wav using Guid(9f16f1a47f7e8af43bde4f39657b3a6a) Importer(2089858483,0ecaa5967403d082aa24f35e1b516d23) [PhysX] Initialized MultithreadedTaskDispatcher with 10 workers.
 -> (artifact id: '2f3fac8d92f4ab469d83ad03d7abb5e8') in 0.015589 seconds
Number of updated asset objects reloaded before import = 0
Number of asset objects unloaded after import = 1
========================================================================
Received Import Request.
  Time since last request: 0.000049 seconds.
  path: Assets/Sound/Fmod_Project/Sound/Assets/Footsteps Mini Sound Pack/Undergrowth_Mono_02.wav
  artifactKey: Guid(ba124861ef5fc454bb9d95682ed8c3b0) Importer(2089858483,0ecaa5967403d082aa24f35e1b516d23)
Start importing Assets/Sound/Fmod_Project/Sound/Assets/Footsteps Mini Sound Pack/Undergrowth_Mono_02.wav using Guid(ba124861ef5fc454bb9d95682ed8c3b0) Importer(2089858483,0ecaa5967403d082aa24f35e1b516d23) [PhysX] Initialized MultithreadedTaskDispatcher with 10 workers.
 -> (artifact id: '29c629402acefb4c67107df056ed4655') in 0.013819 seconds
Number of updated asset objects reloaded before import = 0
Number of asset objects unloaded after import = 1
========================================================================
Received Import Request.
  Time since last request: 0.000071 seconds.
  path: Assets/Sound/Fmod_Project/Sound/Assets/Footsteps Mini Sound Pack/Parquet_Floor_Mono_02.wav
  artifactKey: Guid(b48aa452ac944454c97aa2258241ddec) Importer(2089858483,0ecaa5967403d082aa24f35e1b516d23)
Start importing Assets/Sound/Fmod_Project/Sound/Assets/Footsteps Mini Sound Pack/Parquet_Floor_Mono_02.wav using Guid(b48aa452ac944454c97aa2258241ddec) Importer(2089858483,0ecaa5967403d082aa24f35e1b516d23) [PhysX] Initialized MultithreadedTaskDispatcher with 10 workers.
 -> (artifact id: '9ad13e13b155f355ee6acd5b1170990f') in 0.013392 seconds
Number of updated asset objects reloaded before import = 0
Number of asset objects unloaded after import = 1
========================================================================
Received Import Request.
  Time since last request: 0.000027 seconds.
  path: Assets/Sound/Fmod_Project/Sound/Assets/Footsteps Mini Sound Pack/SnowSteps_02.wav
  artifactKey: Guid(b8ff52265b8c06d4d8792a4e517a727d) Importer(2089858483,0ecaa5967403d082aa24f35e1b516d23)
Start importing Assets/Sound/Fmod_Project/Sound/Assets/Footsteps Mini Sound Pack/SnowSteps_02.wav using Guid(b8ff52265b8c06d4d8792a4e517a727d) Importer(2089858483,0ecaa5967403d082aa24f35e1b516d23) [PhysX] Initialized MultithreadedTaskDispatcher with 10 workers.
 -> (artifact id: '01f266f29d0033f3d0dd56a2c8e2e491') in 0.013022 seconds
Number of updated asset objects reloaded before import = 0
Number of asset objects unloaded after import = 1
========================================================================
Received Import Request.
  Time since last request: 0.000028 seconds.
  path: Assets/Sound/Fmod_Project/Sound/Assets/Footsteps Mini Sound Pack/Wet_Snow_Mono_02.wav
  artifactKey: Guid(e2aea214f62cec04289cd50f5825d5a4) Importer(2089858483,0ecaa5967403d082aa24f35e1b516d23)
Start importing Assets/Sound/Fmod_Project/Sound/Assets/Footsteps Mini Sound Pack/Wet_Snow_Mono_02.wav using Guid(e2aea214f62cec04289cd50f5825d5a4) Importer(2089858483,0ecaa5967403d082aa24f35e1b516d23) [PhysX] Initialized MultithreadedTaskDispatcher with 10 workers.
 -> (artifact id: '9f9811c6eaf590706816359ca4b6c632') in 0.013102 seconds
Number of updated asset objects reloaded before import = 0
Number of asset objects unloaded after import = 1
========================================================================
Received Import Request.
  Time since last request: 0.000029 seconds.
  path: Assets/Sound/Fmod_Project/Sound/Assets/Footsteps Mini Sound Pack/SnowSteps_01.wav
  artifactKey: Guid(9082b286e44f872468c70a51bc3c23a0) Importer(2089858483,0ecaa5967403d082aa24f35e1b516d23)
Start importing Assets/Sound/Fmod_Project/Sound/Assets/Footsteps Mini Sound Pack/SnowSteps_01.wav using Guid(9082b286e44f872468c70a51bc3c23a0) Importer(2089858483,0ecaa5967403d082aa24f35e1b516d23) [PhysX] Initialized MultithreadedTaskDispatcher with 10 workers.
 -> (artifact id: '04d8fcd69a0dac81680d07a725d84f2d') in 0.012971 seconds
Number of updated asset objects reloaded before import = 0
Number of asset objects unloaded after import = 1
========================================================================
Received Import Request.
  Time since last request: 0.000032 seconds.
  path: Assets/Sound/Fmod_Project/Sound/Assets/Footsteps Mini Sound Pack/Wet_Snow_Mono_01.wav
  artifactKey: Guid(b3455e5079771ca47944dbc0fc0f19e5) Importer(2089858483,0ecaa5967403d082aa24f35e1b516d23)
Start importing Assets/Sound/Fmod_Project/Sound/Assets/Footsteps Mini Sound Pack/Wet_Snow_Mono_01.wav using Guid(b3455e5079771ca47944dbc0fc0f19e5) Importer(2089858483,0ecaa5967403d082aa24f35e1b516d23) [PhysX] Initialized MultithreadedTaskDispatcher with 10 workers.
 -> (artifact id: 'fdfb402e55b70ce6f58851ca47b5b5f9') in 0.013129 seconds
Number of updated asset objects reloaded before import = 0
Number of asset objects unloaded after import = 1
========================================================================
Received Import Request.
  Time since last request: 0.000031 seconds.
  path: Assets/Sound/Fmod_Project/Sound/Metadata/Asset/{91cdb1e2-7272-42ef-a787-74d2f00c8479}.xml
  artifactKey: Guid(6b4056b78e17b4307b254c0fbb34362d) Importer(2089858483,0ecaa5967403d082aa24f35e1b516d23)
Start importing Assets/Sound/Fmod_Project/Sound/Metadata/Asset/{91cdb1e2-7272-42ef-a787-74d2f00c8479}.xml using Guid(6b4056b78e17b4307b254c0fbb34362d) Importer(2089858483,0ecaa5967403d082aa24f35e1b516d23) [PhysX] Initialized MultithreadedTaskDispatcher with 10 workers.
 -> (artifact id: '0abb80a56b24cd4de7e82179c939be64') in 0.001232 seconds
Number of updated asset objects reloaded before import = 0
Number of asset objects unloaded after import = 1
========================================================================
Received Import Request.
  Time since last request: 0.000037 seconds.
  path: Assets/Sound/Fmod_Project/Sound/Assets/Footsteps Mini Sound Pack/PavementTiles_Mono_01.wav
  artifactKey: Guid(8fc252ff972370241b2451ee8684b871) Importer(2089858483,0ecaa5967403d082aa24f35e1b516d23)
Start importing Assets/Sound/Fmod_Project/Sound/Assets/Footsteps Mini Sound Pack/PavementTiles_Mono_01.wav using Guid(8fc252ff972370241b2451ee8684b871) Importer(2089858483,0ecaa5967403d082aa24f35e1b516d23) [PhysX] Initialized MultithreadedTaskDispatcher with 10 workers.
 -> (artifact id: '9d5ca307b4dcf64f8979b9124f75a4cb') in 0.013405 seconds
Number of updated asset objects reloaded before import = 0
Number of asset objects unloaded after import = 1
========================================================================
Received Import Request.
  Time since last request: 0.000029 seconds.
  path: Assets/Mirza/_VFXToolkit/_Demo/Prefabs/Primitives/Barrel.prefab
  artifactKey: Guid(39806b1b39f45314d97196027c32093e) Importer(2089858483,0ecaa5967403d082aa24f35e1b516d23)
Start importing Assets/Mirza/_VFXToolkit/_Demo/Prefabs/Primitives/Barrel.prefab using Guid(39806b1b39f45314d97196027c32093e) Importer(2089858483,0ecaa5967403d082aa24f35e1b516d23) [PhysX] Initialized MultithreadedTaskDispatcher with 10 workers.
 -> (artifact id: 'efaca00385c688f946a6cb570d03d2d4') in 0.002550 seconds
Number of updated asset objects reloaded before import = 0
Number of asset objects unloaded after import = 9
========================================================================
Received Import Request.
  Time since last request: 0.000040 seconds.
  path: Assets/Sound/Fmod_Project/Sound/Metadata/Asset/{1c5521d5-42fd-4f9e-9886-e12bce7d1d1f}.xml
  artifactKey: Guid(9a77659b07c5d4fe4a97002457b7a5bc) Importer(2089858483,0ecaa5967403d082aa24f35e1b516d23)
Start importing Assets/Sound/Fmod_Project/Sound/Metadata/Asset/{1c5521d5-42fd-4f9e-9886-e12bce7d1d1f}.xml using Guid(9a77659b07c5d4fe4a97002457b7a5bc) Importer(2089858483,0ecaa5967403d082aa24f35e1b516d23) [PhysX] Initialized MultithreadedTaskDispatcher with 10 workers.
 -> (artifact id: '0494d5768db4b305c78d640d5a74d447') in 0.001353 seconds
Number of updated asset objects reloaded before import = 0
Number of asset objects unloaded after import = 1
========================================================================
Received Import Request.
  Time since last request: 0.000028 seconds.
  path: Assets/Sound/Fmod_Project/Sound/Assets/Footsteps Mini Sound Pack/Rubber_02.wav
  artifactKey: Guid(08647b02010786143a811ef3b422e5f8) Importer(2089858483,0ecaa5967403d082aa24f35e1b516d23)
Start importing Assets/Sound/Fmod_Project/Sound/Assets/Footsteps Mini Sound Pack/Rubber_02.wav using Guid(08647b02010786143a811ef3b422e5f8) Importer(2089858483,0ecaa5967403d082aa24f35e1b516d23) [PhysX] Initialized MultithreadedTaskDispatcher with 10 workers.
 -> (artifact id: 'dae0b32782c1f9f5854140c0ee5de53b') in 0.013452 seconds
Number of updated asset objects reloaded before import = 0
Number of asset objects unloaded after import = 1
========================================================================
Received Import Request.
  Time since last request: 0.000031 seconds.
  path: Assets/Sound/Fmod_Project/Sound/Assets/Footsteps Mini Sound Pack/Tall_Grass_Mono_04.wav
  artifactKey: Guid(de7e760217c5e7c42bf69b9bf512b78e) Importer(2089858483,0ecaa5967403d082aa24f35e1b516d23)
Start importing Assets/Sound/Fmod_Project/Sound/Assets/Footsteps Mini Sound Pack/Tall_Grass_Mono_04.wav using Guid(de7e760217c5e7c42bf69b9bf512b78e) Importer(2089858483,0ecaa5967403d082aa24f35e1b516d23) [PhysX] Initialized MultithreadedTaskDispatcher with 10 workers.
 -> (artifact id: '60da7b8fdc84066faa52f79edc7083a0') in 0.013231 seconds
Number of updated asset objects reloaded before import = 0
Number of asset objects unloaded after import = 1
========================================================================
Received Import Request.
  Time since last request: 0.000029 seconds.
  path: Assets/Sound/Fmod_Project/Sound/Assets/Footsteps Mini Sound Pack/PavementTiles_Mono_03.wav
  artifactKey: Guid(8a5d0caffed7ad8408762173197c89eb) Importer(2089858483,0ecaa5967403d082aa24f35e1b516d23)
Start importing Assets/Sound/Fmod_Project/Sound/Assets/Footsteps Mini Sound Pack/PavementTiles_Mono_03.wav using Guid(8a5d0caffed7ad8408762173197c89eb) Importer(2089858483,0ecaa5967403d082aa24f35e1b516d23) [PhysX] Initialized MultithreadedTaskDispatcher with 10 workers.
 -> (artifact id: '829eb27d1052f20b2ec356daac032a74') in 0.013463 seconds
Number of updated asset objects reloaded before import = 0
Number of asset objects unloaded after import = 1
========================================================================
Received Import Request.
  Time since last request: 0.000075 seconds.
  path: Assets/Sound/Fmod_Project/Sound/Metadata/Asset/{49fc0cf5-c57f-40be-a228-5065addad52f}.xml
  artifactKey: Guid(9a6c2b2d687354969986a1d6d20f5a69) Importer(2089858483,0ecaa5967403d082aa24f35e1b516d23)
Start importing Assets/Sound/Fmod_Project/Sound/Metadata/Asset/{49fc0cf5-c57f-40be-a228-5065addad52f}.xml using Guid(9a6c2b2d687354969986a1d6d20f5a69) Importer(2089858483,0ecaa5967403d082aa24f35e1b516d23) [PhysX] Initialized MultithreadedTaskDispatcher with 10 workers.
 -> (artifact id: 'f7ddcf5782a80f8bbd01e92bdd12b4c5') in 0.001351 seconds
Number of updated asset objects reloaded before import = 0
Number of asset objects unloaded after import = 1
========================================================================
Received Import Request.
  Time since last request: 0.000078 seconds.
  path: Assets/Plugins/Sortify/Modules/SortifyAttributes/Editor/ShowIfAttributeDrawer.cs
  artifactKey: Guid(5ab1643b7f43d3f419908b9158725574) Importer(2089858483,0ecaa5967403d082aa24f35e1b516d23)
Start importing Assets/Plugins/Sortify/Modules/SortifyAttributes/Editor/ShowIfAttributeDrawer.cs using Guid(5ab1643b7f43d3f419908b9158725574) Importer(2089858483,0ecaa5967403d082aa24f35e1b516d23) [PhysX] Initialized MultithreadedTaskDispatcher with 10 workers.
 -> (artifact id: '1f0e7fe98006623653da8e9ea58b41b1') in 0.001462 seconds
Number of updated asset objects reloaded before import = 0
Number of asset objects unloaded after import = 1
========================================================================
Received Import Request.
  Time since last request: 0.000067 seconds.
  path: Assets/Plugins/Sortify/Modules/SortifyAttributes/Editor/ValidateAttributeDrawer.cs
  artifactKey: Guid(b77b375ddd0490e498eba69b61da6b64) Importer(2089858483,0ecaa5967403d082aa24f35e1b516d23)
Start importing Assets/Plugins/Sortify/Modules/SortifyAttributes/Editor/ValidateAttributeDrawer.cs using Guid(b77b375ddd0490e498eba69b61da6b64) Importer(2089858483,0ecaa5967403d082aa24f35e1b516d23) [PhysX] Initialized MultithreadedTaskDispatcher with 10 workers.
 -> (artifact id: '3534baff713f38671dbb90aea21125ca') in 0.001515 seconds
Number of updated asset objects reloaded before import = 0
Number of asset objects unloaded after import = 1
========================================================================
Received Import Request.
  Time since last request: 0.000068 seconds.
  path: Assets/Mirza/_VFXToolkit/_Demo/Prefabs/Primitives/2x2.prefab
  artifactKey: Guid(bd649dfce8ac67042b498b930fb8f3c6) Importer(2089858483,0ecaa5967403d082aa24f35e1b516d23)
Start importing Assets/Mirza/_VFXToolkit/_Demo/Prefabs/Primitives/2x2.prefab using Guid(bd649dfce8ac67042b498b930fb8f3c6) Importer(2089858483,0ecaa5967403d082aa24f35e1b516d23) [PhysX] Initialized MultithreadedTaskDispatcher with 10 workers.
 -> (artifact id: 'a5a08b49f0d6991674fb55ef683aa9f9') in 0.001726 seconds
Number of updated asset objects reloaded before import = 0
Number of asset objects unloaded after import = 68
========================================================================
Received Import Request.
  Time since last request: 0.000019 seconds.
  path: Assets/Sound/Fmod_Project/Sound/Metadata/Asset/{7a6f6e1f-cb7c-4047-a887-7031da7d467f}.xml
  artifactKey: Guid(491a3515392e24bdf96c5b136fd3595d) Importer(2089858483,0ecaa5967403d082aa24f35e1b516d23)
Start importing Assets/Sound/Fmod_Project/Sound/Metadata/Asset/{7a6f6e1f-cb7c-4047-a887-7031da7d467f}.xml using Guid(491a3515392e24bdf96c5b136fd3595d) Importer(2089858483,0ecaa5967403d082aa24f35e1b516d23) [PhysX] Initialized MultithreadedTaskDispatcher with 10 workers.
 -> (artifact id: '5321c54d672766eaf9d2e8dc0d4fc8e3') in 0.001310 seconds
Number of updated asset objects reloaded before import = 0
Number of asset objects unloaded after import = 1
========================================================================
Received Import Request.
  Time since last request: 0.000052 seconds.
  path: Assets/Sound/Fmod_Project/Sound/Assets/Footsteps Mini Sound Pack/Rubber_05.wav
  artifactKey: Guid(345e5e09ec70ed542b91a060cf5632b5) Importer(2089858483,0ecaa5967403d082aa24f35e1b516d23)
Start importing Assets/Sound/Fmod_Project/Sound/Assets/Footsteps Mini Sound Pack/Rubber_05.wav using Guid(345e5e09ec70ed542b91a060cf5632b5) Importer(2089858483,0ecaa5967403d082aa24f35e1b516d23) [PhysX] Initialized MultithreadedTaskDispatcher with 10 workers.
 -> (artifact id: '6b3d0811bafb367c0cd76e9db0f552f5') in 0.012964 seconds
Number of updated asset objects reloaded before import = 0
Number of asset objects unloaded after import = 1
========================================================================
Received Import Request.
  Time since last request: 0.000051 seconds.
  path: Assets/Plugins/FMOD/platforms/tvos/lib/libfmodstudiounitypluginsimulatorL.a
  artifactKey: Guid(649598f6abf894e128aa33102756da99) Importer(2089858483,0ecaa5967403d082aa24f35e1b516d23)
Start importing Assets/Plugins/FMOD/platforms/tvos/lib/libfmodstudiounitypluginsimulatorL.a using Guid(649598f6abf894e128aa33102756da99) Importer(2089858483,0ecaa5967403d082aa24f35e1b516d23) [PhysX] Initialized MultithreadedTaskDispatcher with 10 workers.
 -> (artifact id: '8c35795b9925adddb3027e7ed62dfd6b') in 0.001689 seconds
Number of updated asset objects reloaded before import = 0
Number of asset objects unloaded after import = 1
========================================================================
Received Import Request.
  Time since last request: 0.000048 seconds.
  path: Assets/Plugins/Sortify/Modules/SortifyAttributes/Editor/MinMaxSliderAttributeDrawer.cs
  artifactKey: Guid(81bfcdfd496fdbf459ccaf34609d7799) Importer(2089858483,0ecaa5967403d082aa24f35e1b516d23)
Start importing Assets/Plugins/Sortify/Modules/SortifyAttributes/Editor/MinMaxSliderAttributeDrawer.cs using Guid(81bfcdfd496fdbf459ccaf34609d7799) Importer(2089858483,0ecaa5967403d082aa24f35e1b516d23) [PhysX] Initialized MultithreadedTaskDispatcher with 10 workers.
 -> (artifact id: '0d5e6e656b84c3294f882bb7055a7b8e') in 0.001479 seconds
Number of updated asset objects reloaded before import = 0
Number of asset objects unloaded after import = 1
========================================================================
Received Import Request.
  Time since last request: 0.000045 seconds.
  path: Assets/Sound/Fmod_Project/Sound/Build/Desktop/Master.strings.bank
  artifactKey: Guid(9a1855133189c4bdfa81705211a57277) Importer(2089858483,0ecaa5967403d082aa24f35e1b516d23)
Start importing Assets/Sound/Fmod_Project/Sound/Build/Desktop/Master.strings.bank using Guid(9a1855133189c4bdfa81705211a57277) Importer(2089858483,0ecaa5967403d082aa24f35e1b516d23) [PhysX] Initialized MultithreadedTaskDispatcher with 10 workers.
 -> (artifact id: 'b238f41060cc02340f1251dad17a7683') in 0.000933 seconds
Number of updated asset objects reloaded before import = 0
Number of asset objects unloaded after import = 1
========================================================================
Received Import Request.
  Time since last request: 0.000027 seconds.
  path: Assets/Sound/Fmod_Project/Sound/Assets/Footsteps Mini Sound Pack/DirtRoad_Mono_01.wav
  artifactKey: Guid(bd7d6d8f9efe64749a3be0dd47d8519c) Importer(2089858483,0ecaa5967403d082aa24f35e1b516d23)
Start importing Assets/Sound/Fmod_Project/Sound/Assets/Footsteps Mini Sound Pack/DirtRoad_Mono_01.wav using Guid(bd7d6d8f9efe64749a3be0dd47d8519c) Importer(2089858483,0ecaa5967403d082aa24f35e1b516d23) [PhysX] Initialized MultithreadedTaskDispatcher with 10 workers.
 -> (artifact id: 'b232ed58d3d41324ff55dc7ada621f4a') in 0.013156 seconds
Number of updated asset objects reloaded before import = 0
Number of asset objects unloaded after import = 1
========================================================================
Received Import Request.
  Time since last request: 0.000045 seconds.
  path: Assets/Mirza/_VFXToolkit/_Demo/Prefabs/Primitives/Donut.prefab
  artifactKey: Guid(5328b4cf3abea3d4c83c23bbc80fd520) Importer(2089858483,0ecaa5967403d082aa24f35e1b516d23)
Start importing Assets/Mirza/_VFXToolkit/_Demo/Prefabs/Primitives/Donut.prefab using Guid(5328b4cf3abea3d4c83c23bbc80fd520) Importer(2089858483,0ecaa5967403d082aa24f35e1b516d23) [PhysX] Initialized MultithreadedTaskDispatcher with 10 workers.
 -> (artifact id: '7a76bf83efc01beb51384841df858fd5') in 0.003530 seconds
Number of updated asset objects reloaded before import = 0
Number of asset objects unloaded after import = 9
========================================================================
Received Import Request.
  Time since last request: 0.000078 seconds.
  path: Assets/Mirza/_VFXToolkit/_Demo/Prefabs/Primitives/Plane.prefab
  artifactKey: Guid(8aa943cb837cc864a8fb0c67f8fb79d1) Importer(2089858483,0ecaa5967403d082aa24f35e1b516d23)
Start importing Assets/Mirza/_VFXToolkit/_Demo/Prefabs/Primitives/Plane.prefab using Guid(8aa943cb837cc864a8fb0c67f8fb79d1) Importer(2089858483,0ecaa5967403d082aa24f35e1b516d23) [PhysX] Initialized MultithreadedTaskDispatcher with 10 workers.
 -> (artifact id: '4a8bb95bd2471984501a79d90d2dd656') in 0.002792 seconds
Number of updated asset objects reloaded before import = 0
Number of asset objects unloaded after import = 7
========================================================================
Received Import Request.
  Time since last request: 0.000028 seconds.
  path: Assets/Sound/Fmod_Project/Sound/Assets/Footsteps Mini Sound Pack/Plastic_005.wav
  artifactKey: Guid(05386f33f1354f0419e88e5d1427362a) Importer(2089858483,0ecaa5967403d082aa24f35e1b516d23)
Start importing Assets/Sound/Fmod_Project/Sound/Assets/Footsteps Mini Sound Pack/Plastic_005.wav using Guid(05386f33f1354f0419e88e5d1427362a) Importer(2089858483,0ecaa5967403d082aa24f35e1b516d23) [PhysX] Initialized MultithreadedTaskDispatcher with 10 workers.
 -> (artifact id: 'cb2963dfb524b4d94203d2d02f35f81c') in 0.013122 seconds
Number of updated asset objects reloaded before import = 0
Number of asset objects unloaded after import = 1
========================================================================
Received Import Request.
  Time since last request: 0.000046 seconds.
  path: Assets/Plugins/FMOD/platforms/ios/lib/libresonanceaudiosimulator.a
  artifactKey: Guid(5ad1791b3b48a4ba39c30a2b4f438486) Importer(2089858483,0ecaa5967403d082aa24f35e1b516d23)
Start importing Assets/Plugins/FMOD/platforms/ios/lib/libresonanceaudiosimulator.a using Guid(5ad1791b3b48a4ba39c30a2b4f438486) Importer(2089858483,0ecaa5967403d082aa24f35e1b516d23) [PhysX] Initialized MultithreadedTaskDispatcher with 10 workers.
 -> (artifact id: 'e5bfe33d56e10aab1b937d8d359ae4d3') in 0.001713 seconds
Number of updated asset objects reloaded before import = 0
Number of asset objects unloaded after import = 1
========================================================================
Received Import Request.
  Time since last request: 0.000045 seconds.
  path: Assets/Sound/Fmod_Project/Sound/Assets/DogBarks 1.0/0003AC_S_24_PackOfVariousDogsBarking.wav
  artifactKey: Guid(f392c254e3f8744e7afd63290b8e0a13) Importer(2089858483,0ecaa5967403d082aa24f35e1b516d23)
Start importing Assets/Sound/Fmod_Project/Sound/Assets/DogBarks 1.0/0003AC_S_24_PackOfVariousDogsBarking.wav using Guid(f392c254e3f8744e7afd63290b8e0a13) Importer(2089858483,0ecaa5967403d082aa24f35e1b516d23) [PhysX] Initialized MultithreadedTaskDispatcher with 10 workers.
 -> (artifact id: 'f044c1bb0ea67c95abc9c21de4b36e42') in 0.013409 seconds
Number of updated asset objects reloaded before import = 0
Number of asset objects unloaded after import = 1
========================================================================
Received Import Request.
  Time since last request: 0.000060 seconds.
  path: Assets/Sound/Fmod_Project/Sound/Metadata/AudioFile/{00e28166-49e7-46a5-8f16-8b1c4a0ab8ab}.xml
  artifactKey: Guid(6a1f8bb25e3894a57b3d77be08acfcba) Importer(2089858483,0ecaa5967403d082aa24f35e1b516d23)
Start importing Assets/Sound/Fmod_Project/Sound/Metadata/AudioFile/{00e28166-49e7-46a5-8f16-8b1c4a0ab8ab}.xml using Guid(6a1f8bb25e3894a57b3d77be08acfcba) Importer(2089858483,0ecaa5967403d082aa24f35e1b516d23) [PhysX] Initialized MultithreadedTaskDispatcher with 10 workers.
 -> (artifact id: '29dbf9ba9e1ab70c6cf8fcd748c20776') in 0.001332 seconds
Number of updated asset objects reloaded before import = 0
Number of asset objects unloaded after import = 1
========================================================================
Received Import Request.
  Time since last request: 0.000055 seconds.
  path: Assets/Sound/Fmod_Project/Sound/Metadata/Asset/{29485967-8b0a-4607-a53f-a93b445503ab}.xml
  artifactKey: Guid(776997d803b364a71b6ef4fd92849198) Importer(2089858483,0ecaa5967403d082aa24f35e1b516d23)
Start importing Assets/Sound/Fmod_Project/Sound/Metadata/Asset/{29485967-8b0a-4607-a53f-a93b445503ab}.xml using Guid(776997d803b364a71b6ef4fd92849198) Importer(2089858483,0ecaa5967403d082aa24f35e1b516d23) [PhysX] Initialized MultithreadedTaskDispatcher with 10 workers.
 -> (artifact id: '29e3268e084d8d928a2d4d2e4b88131b') in 0.001206 seconds
Number of updated asset objects reloaded before import = 0
Number of asset objects unloaded after import = 1
========================================================================
Received Import Request.
  Time since last request: 0.000025 seconds.
  path: Assets/Sound/Fmod_Project/Sound/Metadata/Asset/{1e2a2cfc-2755-4791-b049-2c83f636c00e}.xml
  artifactKey: Guid(97f2daf11e18d49d69f079e3c9121579) Importer(2089858483,0ecaa5967403d082aa24f35e1b516d23)
Start importing Assets/Sound/Fmod_Project/Sound/Metadata/Asset/{1e2a2cfc-2755-4791-b049-2c83f636c00e}.xml using Guid(97f2daf11e18d49d69f079e3c9121579) Importer(2089858483,0ecaa5967403d082aa24f35e1b516d23) [PhysX] Initialized MultithreadedTaskDispatcher with 10 workers.
 -> (artifact id: 'b739bda11839424a5dbb4b7990db6615') in 0.001173 seconds
Number of updated asset objects reloaded before import = 0
Number of asset objects unloaded after import = 1
========================================================================
Received Import Request.
  Time since last request: 0.000052 seconds.
  path: Assets/Sound/Fmod_Project/Sound/Metadata/Asset/{4f028765-7e12-4a65-af6b-b9fffaef19c4}.xml
  artifactKey: Guid(4e150f479a99649879422fde1a74e508) Importer(2089858483,0ecaa5967403d082aa24f35e1b516d23)
Start importing Assets/Sound/Fmod_Project/Sound/Metadata/Asset/{4f028765-7e12-4a65-af6b-b9fffaef19c4}.xml using Guid(4e150f479a99649879422fde1a74e508) Importer(2089858483,0ecaa5967403d082aa24f35e1b516d23) [PhysX] Initialized MultithreadedTaskDispatcher with 10 workers.
 -> (artifact id: 'ab1d723b9ba0d71c10500b37ce3e50d5') in 0.001183 seconds
Number of updated asset objects reloaded before import = 0
Number of asset objects unloaded after import = 1
========================================================================
Received Import Request.
  Time since last request: 0.000049 seconds.
  path: Assets/Sound/Fmod_Project/Sound/Assets/Footsteps Mini Sound Pack/Tile_Mono_02.wav
  artifactKey: Guid(ca9147c51084cee4a8772c819f2be558) Importer(2089858483,0ecaa5967403d082aa24f35e1b516d23)
Start importing Assets/Sound/Fmod_Project/Sound/Assets/Footsteps Mini Sound Pack/Tile_Mono_02.wav using Guid(ca9147c51084cee4a8772c819f2be558) Importer(2089858483,0ecaa5967403d082aa24f35e1b516d23) [PhysX] Initialized MultithreadedTaskDispatcher with 10 workers.
 -> (artifact id: 'c4db4fbda2f1e25c40c4fdc2f357ccbe') in 0.013117 seconds
Number of updated asset objects reloaded before import = 0
Number of asset objects unloaded after import = 1
========================================================================
Received Import Request.
  Time since last request: 0.000064 seconds.
  path: Assets/Plugins/FMOD/platforms/ios/lib/libfmodstudiounitypluginL.a
  artifactKey: Guid(5aa4057a8deee1c45a69677125e2c241) Importer(2089858483,0ecaa5967403d082aa24f35e1b516d23)
Start importing Assets/Plugins/FMOD/platforms/ios/lib/libfmodstudiounitypluginL.a using Guid(5aa4057a8deee1c45a69677125e2c241) Importer(2089858483,0ecaa5967403d082aa24f35e1b516d23) [PhysX] Initialized MultithreadedTaskDispatcher with 10 workers.
 -> (artifact id: '5fe8c7ae561524fcf99cbbdc0f52a409') in 0.001592 seconds
Number of updated asset objects reloaded before import = 0
Number of asset objects unloaded after import = 1
========================================================================
Received Import Request.
  Time since last request: 0.000048 seconds.
  path: Assets/Sound/Fmod_Project/Sound/Assets/Footsteps Mini Sound Pack/Linoleum_Mono_05.wav
  artifactKey: Guid(666dd43c32cbbfa49a9bf0bd519027e4) Importer(2089858483,0ecaa5967403d082aa24f35e1b516d23)
Start importing Assets/Sound/Fmod_Project/Sound/Assets/Footsteps Mini Sound Pack/Linoleum_Mono_05.wav using Guid(666dd43c32cbbfa49a9bf0bd519027e4) Importer(2089858483,0ecaa5967403d082aa24f35e1b516d23) [PhysX] Initialized MultithreadedTaskDispatcher with 10 workers.
 -> (artifact id: '2b02210d9f55768c8808e4dcdc6aa573') in 0.013154 seconds
Number of updated asset objects reloaded before import = 0
Number of asset objects unloaded after import = 1
========================================================================
Received Import Request.
  Time since last request: 1.944192 seconds.
  path: Assets/Sound/Fmod_Project/Sound/Metadata/AudioFile/{044f8390-a29a-4317-9632-77c487b3956a}.xml
  artifactKey: Guid(b54ccaaa04fc942fabc44aa7a5fc48ba) Importer(2089858483,0ecaa5967403d082aa24f35e1b516d23)
Start importing Assets/Sound/Fmod_Project/Sound/Metadata/AudioFile/{044f8390-a29a-4317-9632-77c487b3956a}.xml using Guid(b54ccaaa04fc942fabc44aa7a5fc48ba) Importer(2089858483,0ecaa5967403d082aa24f35e1b516d23) [PhysX] Initialized MultithreadedTaskDispatcher with 10 workers.
 -> (artifact id: '85c74ece61bce4bfcc43f4cd73633b2b') in 0.002512 seconds
Number of updated asset objects reloaded before import = 0
Number of asset objects unloaded after import = 1
========================================================================
Received Import Request.
  Time since last request: 0.000067 seconds.
  path: Assets/Sound/Fmod_Project/Sound/Metadata/AudioFile/{29a19b47-a13e-4ac7-8bb6-eab4d92a5ec3}.xml
  artifactKey: Guid(43927bc93bb3545cbbeade445e545f73) Importer(2089858483,0ecaa5967403d082aa24f35e1b516d23)
Start importing Assets/Sound/Fmod_Project/Sound/Metadata/AudioFile/{29a19b47-a13e-4ac7-8bb6-eab4d92a5ec3}.xml using Guid(43927bc93bb3545cbbeade445e545f73) Importer(2089858483,0ecaa5967403d082aa24f35e1b516d23) [PhysX] Initialized MultithreadedTaskDispatcher with 10 workers.
 -> (artifact id: 'd4deaeb084834dc525ef20ec92d1339d') in 0.002981 seconds
Number of updated asset objects reloaded before import = 0
Number of asset objects unloaded after import = 1
========================================================================
Received Import Request.
  Time since last request: 0.000115 seconds.
  path: Assets/Sound/Fmod_Project/Sound/Metadata/AudioFile/{17aa66b6-1517-495d-8b36-b663cf5c3c10}.xml
  artifactKey: Guid(99eda36f57514435bab6acc403c9a2d5) Importer(2089858483,0ecaa5967403d082aa24f35e1b516d23)
Start importing Assets/Sound/Fmod_Project/Sound/Metadata/AudioFile/{17aa66b6-1517-495d-8b36-b663cf5c3c10}.xml using Guid(99eda36f57514435bab6acc403c9a2d5) Importer(2089858483,0ecaa5967403d082aa24f35e1b516d23) [PhysX] Initialized MultithreadedTaskDispatcher with 10 workers.
 -> (artifact id: '9841c2a1709614a09f500cb0148e99b7') in 0.002639 seconds
Number of updated asset objects reloaded before import = 0
Number of asset objects unloaded after import = 1
========================================================================
Received Import Request.
  Time since last request: 0.000081 seconds.
  path: Assets/Sound/Fmod_Project/Sound/Metadata/AudioFile/{1e090cb0-91cb-43ba-858c-50320ce735c9}.xml
  artifactKey: Guid(c467bd989815044eb89ba59488fbf95b) Importer(2089858483,0ecaa5967403d082aa24f35e1b516d23)
Start importing Assets/Sound/Fmod_Project/Sound/Metadata/AudioFile/{1e090cb0-91cb-43ba-858c-50320ce735c9}.xml using Guid(c467bd989815044eb89ba59488fbf95b) Importer(2089858483,0ecaa5967403d082aa24f35e1b516d23) [PhysX] Initialized MultithreadedTaskDispatcher with 10 workers.
 -> (artifact id: 'fa2c4bde03a2cb26a9d36baa9cbfba85') in 0.002307 seconds
Number of updated asset objects reloaded before import = 0
Number of asset objects unloaded after import = 1
========================================================================
Received Import Request.
  Time since last request: 0.000076 seconds.
  path: Assets/Sound/Fmod_Project/Sound/Metadata/AudioFile/{2136f329-8244-4119-8d94-cf6b80b0839e}.xml
  artifactKey: Guid(a3f3bef1964b1445f97fabc1d06f7a5a) Importer(2089858483,0ecaa5967403d082aa24f35e1b516d23)
Start importing Assets/Sound/Fmod_Project/Sound/Metadata/AudioFile/{2136f329-8244-4119-8d94-cf6b80b0839e}.xml using Guid(a3f3bef1964b1445f97fabc1d06f7a5a) Importer(2089858483,0ecaa5967403d082aa24f35e1b516d23) [PhysX] Initialized MultithreadedTaskDispatcher with 10 workers.
 -> (artifact id: '39857683e2523b24754c43dd7ee9d0cf') in 0.003242 seconds
Number of updated asset objects reloaded before import = 0
Number of asset objects unloaded after import = 1
========================================================================
Received Import Request.
  Time since last request: 0.000118 seconds.
  path: Assets/Sound/Fmod_Project/Sound/Metadata/AudioFile/{1f400b16-5152-4c20-9c13-768769e0a12a}.xml
  artifactKey: Guid(47f569985af3a4aedb906c7dd3d653d6) Importer(2089858483,0ecaa5967403d082aa24f35e1b516d23)
Start importing Assets/Sound/Fmod_Project/Sound/Metadata/AudioFile/{1f400b16-5152-4c20-9c13-768769e0a12a}.xml using Guid(47f569985af3a4aedb906c7dd3d653d6) Importer(2089858483,0ecaa5967403d082aa24f35e1b516d23) [PhysX] Initialized MultithreadedTaskDispatcher with 10 workers.
 -> (artifact id: '23efac17549eb5086dfff2466c2bd08f') in 0.002106 seconds
Number of updated asset objects reloaded before import = 0
Number of asset objects unloaded after import = 1
========================================================================
Received Import Request.
  Time since last request: 0.000175 seconds.
  path: Assets/Sound/Fmod_Project/Sound/Metadata/AudioFile/{2fa23888-fd32-48da-80bd-6267924889ee}.xml
  artifactKey: Guid(6496eed4bac7144d4a1c74e87ff2a89b) Importer(2089858483,0ecaa5967403d082aa24f35e1b516d23)
Start importing Assets/Sound/Fmod_Project/Sound/Metadata/AudioFile/{2fa23888-fd32-48da-80bd-6267924889ee}.xml using Guid(6496eed4bac7144d4a1c74e87ff2a89b) Importer(2089858483,0ecaa5967403d082aa24f35e1b516d23) [PhysX] Initialized MultithreadedTaskDispatcher with 10 workers.
 -> (artifact id: '700d8d53a2ba500e4ddef0c3dbbee546') in 0.002481 seconds
Number of updated asset objects reloaded before import = 0
Number of asset objects unloaded after import = 1
========================================================================
Received Import Request.
  Time since last request: 0.000134 seconds.
  path: Assets/Sound/Fmod_Project/Sound/Metadata/AudioFile/{24fb7191-9cbc-4e9d-92ca-8ebe749f1d3b}.xml
  artifactKey: Guid(6472905347e864ae59afdae85d8d62de) Importer(2089858483,0ecaa5967403d082aa24f35e1b516d23)
Start importing Assets/Sound/Fmod_Project/Sound/Metadata/AudioFile/{24fb7191-9cbc-4e9d-92ca-8ebe749f1d3b}.xml using Guid(6472905347e864ae59afdae85d8d62de) Importer(2089858483,0ecaa5967403d082aa24f35e1b516d23) [PhysX] Initialized MultithreadedTaskDispatcher with 10 workers.
 -> (artifact id: 'bd716771675097b0812ced09ff3beb91') in 0.002507 seconds
Number of updated asset objects reloaded before import = 0
Number of asset objects unloaded after import = 1
========================================================================
Received Import Request.
  Time since last request: 0.000231 seconds.
  path: Assets/Sound/Fmod_Project/Sound/Metadata/AudioFile/{2e95905d-cad2-43bf-ad01-bf128e6fd1e0}.xml
  artifactKey: Guid(ca7127679ec574204928fa808b2938b7) Importer(2089858483,0ecaa5967403d082aa24f35e1b516d23)
Start importing Assets/Sound/Fmod_Project/Sound/Metadata/AudioFile/{2e95905d-cad2-43bf-ad01-bf128e6fd1e0}.xml using Guid(ca7127679ec574204928fa808b2938b7) Importer(2089858483,0ecaa5967403d082aa24f35e1b516d23) [PhysX] Initialized MultithreadedTaskDispatcher with 10 workers.
 -> (artifact id: '8055979bfe167a148205a4fb5cae9b0b') in 0.003611 seconds
Number of updated asset objects reloaded before import = 0
Number of asset objects unloaded after import = 1
========================================================================
Received Import Request.
  Time since last request: 0.000238 seconds.
  path: Assets/Sound/Fmod_Project/Sound/Metadata/AudioFile/{3915a778-6da6-49e4-9682-f8bf2fba1551}.xml
  artifactKey: Guid(708e012065bc2478dae20744e159ce22) Importer(2089858483,0ecaa5967403d082aa24f35e1b516d23)
Start importing Assets/Sound/Fmod_Project/Sound/Metadata/AudioFile/{3915a778-6da6-49e4-9682-f8bf2fba1551}.xml using Guid(708e012065bc2478dae20744e159ce22) Importer(2089858483,0ecaa5967403d082aa24f35e1b516d23) [PhysX] Initialized MultithreadedTaskDispatcher with 10 workers.
 -> (artifact id: 'ebd6f9bfbab654f24f1dbab6e8f69b05') in 0.002114 seconds
Number of updated asset objects reloaded before import = 0
Number of asset objects unloaded after import = 1
========================================================================
Received Import Request.
  Time since last request: 0.000203 seconds.
  path: Assets/Sound/Fmod_Project/Sound/Metadata/AudioFile/{08d2057b-7ec0-471e-ad2f-cad134ff23dc}.xml
  artifactKey: Guid(d7468b35c26ea4b50b528fdc9cd1a355) Importer(2089858483,0ecaa5967403d082aa24f35e1b516d23)
Start importing Assets/Sound/Fmod_Project/Sound/Metadata/AudioFile/{08d2057b-7ec0-471e-ad2f-cad134ff23dc}.xml using Guid(d7468b35c26ea4b50b528fdc9cd1a355) Importer(2089858483,0ecaa5967403d082aa24f35e1b516d23) [PhysX] Initialized MultithreadedTaskDispatcher with 10 workers.
 -> (artifact id: '4ccc1ddf3c833410b140365c0e243f66') in 0.001812 seconds
Number of updated asset objects reloaded before import = 0
Number of asset objects unloaded after import = 1
========================================================================
Received Import Request.
  Time since last request: 0.000082 seconds.
  path: Assets/Sound/Fmod_Project/Sound/Metadata/AudioFile/{1aa5e0b5-b04a-4e87-8945-41d299c62650}.xml
  artifactKey: Guid(e316e7d6a4e904159b240e6c2c3309f9) Importer(2089858483,0ecaa5967403d082aa24f35e1b516d23)
Start importing Assets/Sound/Fmod_Project/Sound/Metadata/AudioFile/{1aa5e0b5-b04a-4e87-8945-41d299c62650}.xml using Guid(e316e7d6a4e904159b240e6c2c3309f9) Importer(2089858483,0ecaa5967403d082aa24f35e1b516d23) [PhysX] Initialized MultithreadedTaskDispatcher with 10 workers.
 -> (artifact id: '9285c07b0597e2bf9030b30916a2b347') in 0.001740 seconds
Number of updated asset objects reloaded before import = 0
Number of asset objects unloaded after import = 1
========================================================================
Received Import Request.
  Time since last request: 0.000034 seconds.
  path: Assets/Sound/Fmod_Project/Sound/Metadata/AudioFile/{12bad021-845a-44af-a7f5-d16d99f069ff}.xml
  artifactKey: Guid(004c30e609fcc42dab5c4a5572162a7d) Importer(2089858483,0ecaa5967403d082aa24f35e1b516d23)
Start importing Assets/Sound/Fmod_Project/Sound/Metadata/AudioFile/{12bad021-845a-44af-a7f5-d16d99f069ff}.xml using Guid(004c30e609fcc42dab5c4a5572162a7d) Importer(2089858483,0ecaa5967403d082aa24f35e1b516d23) [PhysX] Initialized MultithreadedTaskDispatcher with 10 workers.
 -> (artifact id: '5a6b0f279c7909c054c1e28837a7778b') in 0.001703 seconds
Number of updated asset objects reloaded before import = 0
Number of asset objects unloaded after import = 1
========================================================================
Received Import Request.
  Time since last request: 0.000052 seconds.
  path: Assets/Sound/Fmod_Project/Sound/Metadata/AudioFile/{0faed708-1790-4b9f-b33b-89b03602bd9e}.xml
  artifactKey: Guid(ba4b054fbc33a4524ba3b652aa2b9171) Importer(2089858483,0ecaa5967403d082aa24f35e1b516d23)
Start importing Assets/Sound/Fmod_Project/Sound/Metadata/AudioFile/{0faed708-1790-4b9f-b33b-89b03602bd9e}.xml using Guid(ba4b054fbc33a4524ba3b652aa2b9171) Importer(2089858483,0ecaa5967403d082aa24f35e1b516d23) [PhysX] Initialized MultithreadedTaskDispatcher with 10 workers.
 -> (artifact id: '322419e0481a85a733c192460c9364dd') in 0.001766 seconds
Number of updated asset objects reloaded before import = 0
Number of asset objects unloaded after import = 1
========================================================================
Received Import Request.
  Time since last request: 0.000073 seconds.
  path: Assets/Sound/Fmod_Project/Sound/Metadata/AudioFile/{20fdd40c-4aea-49fd-bfd4-158e00098d4b}.xml
  artifactKey: Guid(83c9af8758b604c76a6af572ff9c3a14) Importer(2089858483,0ecaa5967403d082aa24f35e1b516d23)
Start importing Assets/Sound/Fmod_Project/Sound/Metadata/AudioFile/{20fdd40c-4aea-49fd-bfd4-158e00098d4b}.xml using Guid(83c9af8758b604c76a6af572ff9c3a14) Importer(2089858483,0ecaa5967403d082aa24f35e1b516d23) [PhysX] Initialized MultithreadedTaskDispatcher with 10 workers.
 -> (artifact id: '496060b70e9045eb1ed211da11467e9d') in 0.001685 seconds
Number of updated asset objects reloaded before import = 0
Number of asset objects unloaded after import = 1
========================================================================
Received Import Request.
  Time since last request: 0.000101 seconds.
  path: Assets/Sound/Fmod_Project/Sound/Metadata/AudioFile/{0f2c58f6-aad4-4f35-b0e2-7966826030a0}.xml
  artifactKey: Guid(6aa034c3e2243475da6ad77b97bf0a75) Importer(2089858483,0ecaa5967403d082aa24f35e1b516d23)
Start importing Assets/Sound/Fmod_Project/Sound/Metadata/AudioFile/{0f2c58f6-aad4-4f35-b0e2-7966826030a0}.xml using Guid(6aa034c3e2243475da6ad77b97bf0a75) Importer(2089858483,0ecaa5967403d082aa24f35e1b516d23) [PhysX] Initialized MultithreadedTaskDispatcher with 10 workers.
 -> (artifact id: '8635126f6c64eacdafd9cf2232c4ee1b') in 0.001603 seconds
Number of updated asset objects reloaded before import = 0
Number of asset objects unloaded after import = 1
========================================================================
Received Import Request.
  Time since last request: 0.000087 seconds.
  path: Assets/Sound/Fmod_Project/Sound/Metadata/AudioFile/{2d0e9521-0462-4460-b5e4-24aa0b106447}.xml
  artifactKey: Guid(1d8defa5989b7423188d0619a3f3b51d) Importer(2089858483,0ecaa5967403d082aa24f35e1b516d23)
Start importing Assets/Sound/Fmod_Project/Sound/Metadata/AudioFile/{2d0e9521-0462-4460-b5e4-24aa0b106447}.xml using Guid(1d8defa5989b7423188d0619a3f3b51d) Importer(2089858483,0ecaa5967403d082aa24f35e1b516d23) [PhysX] Initialized MultithreadedTaskDispatcher with 10 workers.
 -> (artifact id: 'a4e028a49a7d205b69dbfd52e62cc328') in 0.001696 seconds
Number of updated asset objects reloaded before import = 0
Number of asset objects unloaded after import = 1
========================================================================
Received Import Request.
  Time since last request: 0.000086 seconds.
  path: Assets/Sound/Fmod_Project/Sound/Metadata/AudioFile/{0bc6452e-af05-49a5-9fb6-656197a669d3}.xml
  artifactKey: Guid(00979f5e744c149c4af5d624a24a3d41) Importer(2089858483,0ecaa5967403d082aa24f35e1b516d23)
Start importing Assets/Sound/Fmod_Project/Sound/Metadata/AudioFile/{0bc6452e-af05-49a5-9fb6-656197a669d3}.xml using Guid(00979f5e744c149c4af5d624a24a3d41) Importer(2089858483,0ecaa5967403d082aa24f35e1b516d23) [PhysX] Initialized MultithreadedTaskDispatcher with 10 workers.
 -> (artifact id: '992105d7f7af05a716a4e0a32cbb231f') in 0.001647 seconds
Number of updated asset objects reloaded before import = 0
Number of asset objects unloaded after import = 1
========================================================================
Received Import Request.
  Time since last request: 0.000038 seconds.
  path: Assets/Sound/Fmod_Project/Sound/Metadata/AudioFile/{12da1f5d-317a-4ba7-8c38-fb19fa3bfa7e}.xml
  artifactKey: Guid(1725abf6f05934ffc85048f03536f32d) Importer(2089858483,0ecaa5967403d082aa24f35e1b516d23)
Start importing Assets/Sound/Fmod_Project/Sound/Metadata/AudioFile/{12da1f5d-317a-4ba7-8c38-fb19fa3bfa7e}.xml using Guid(1725abf6f05934ffc85048f03536f32d) Importer(2089858483,0ecaa5967403d082aa24f35e1b516d23) [PhysX] Initialized MultithreadedTaskDispatcher with 10 workers.
 -> (artifact id: 'f851c70ac2f762ac29da5895e211190b') in 0.001684 seconds
Number of updated asset objects reloaded before import = 0
Number of asset objects unloaded after import = 1
========================================================================
Received Import Request.
  Time since last request: 0.000074 seconds.
  path: Assets/Sound/Fmod_Project/Sound/Metadata/AudioFile/{304e1415-79d7-4c63-8c88-c4a441d12b2e}.xml
  artifactKey: Guid(7b212083558974db88e6f87bf0a1f1b4) Importer(2089858483,0ecaa5967403d082aa24f35e1b516d23)
Start importing Assets/Sound/Fmod_Project/Sound/Metadata/AudioFile/{304e1415-79d7-4c63-8c88-c4a441d12b2e}.xml using Guid(7b212083558974db88e6f87bf0a1f1b4) Importer(2089858483,0ecaa5967403d082aa24f35e1b516d23) [PhysX] Initialized MultithreadedTaskDispatcher with 10 workers.
 -> (artifact id: '35b6eec28935344d7749323317282f46') in 0.002760 seconds
Number of updated asset objects reloaded before import = 0
Number of asset objects unloaded after import = 1
========================================================================
Received Import Request.
  Time since last request: 0.000123 seconds.
  path: Assets/Sound/Fmod_Project/Sound/Metadata/AudioFile/{175bfc07-b0c5-49f5-9548-675c179a1a96}.xml
  artifactKey: Guid(397ad326222f64e71a547124e44feeb1) Importer(2089858483,0ecaa5967403d082aa24f35e1b516d23)
Start importing Assets/Sound/Fmod_Project/Sound/Metadata/AudioFile/{175bfc07-b0c5-49f5-9548-675c179a1a96}.xml using Guid(397ad326222f64e71a547124e44feeb1) Importer(2089858483,0ecaa5967403d082aa24f35e1b516d23) [PhysX] Initialized MultithreadedTaskDispatcher with 10 workers.
 -> (artifact id: 'c61201ec162c4d2dd100a8282f0be96f') in 0.001392 seconds
Number of updated asset objects reloaded before import = 0
Number of asset objects unloaded after import = 1
========================================================================
Received Import Request.
  Time since last request: 0.000098 seconds.
  path: Assets/Sound/Fmod_Project/Sound/Metadata/AudioFile/{304f983f-79d1-42d2-853d-4d5ce6ac2b27}.xml
  artifactKey: Guid(a2f5070b630fd4a629cd14d39916a68f) Importer(2089858483,0ecaa5967403d082aa24f35e1b516d23)
Start importing Assets/Sound/Fmod_Project/Sound/Metadata/AudioFile/{304f983f-79d1-42d2-853d-4d5ce6ac2b27}.xml using Guid(a2f5070b630fd4a629cd14d39916a68f) Importer(2089858483,0ecaa5967403d082aa24f35e1b516d23) [PhysX] Initialized MultithreadedTaskDispatcher with 10 workers.
 -> (artifact id: 'f3da52ef70a8c8c9183906e0b56bc977') in 0.001568 seconds
Number of updated asset objects reloaded before import = 0
Number of asset objects unloaded after import = 1
========================================================================
Received Import Request.
  Time since last request: 0.000057 seconds.
  path: Assets/Sound/Fmod_Project/Sound/Metadata/AudioFile/{30b8103c-bb2f-4c88-9478-ce530a96c706}.xml
  artifactKey: Guid(f1c0a7ab6cc8f4d2a83d1b09f356dee6) Importer(2089858483,0ecaa5967403d082aa24f35e1b516d23)
Start importing Assets/Sound/Fmod_Project/Sound/Metadata/AudioFile/{30b8103c-bb2f-4c88-9478-ce530a96c706}.xml using Guid(f1c0a7ab6cc8f4d2a83d1b09f356dee6) Importer(2089858483,0ecaa5967403d082aa24f35e1b516d23) [PhysX] Initialized MultithreadedTaskDispatcher with 10 workers.
 -> (artifact id: '2adfbbbf572aefe178afcc33c68bcd2e') in 0.001715 seconds
Number of updated asset objects reloaded before import = 0
Number of asset objects unloaded after import = 1
========================================================================
Received Import Request.
  Time since last request: 0.000105 seconds.
  path: Assets/Sound/Fmod_Project/Sound/Metadata/AudioFile/{174141d2-f20c-4155-ba45-f7c976d9208d}.xml
  artifactKey: Guid(82976d8ac79bb41749deddc23310a242) Importer(2089858483,0ecaa5967403d082aa24f35e1b516d23)
Start importing Assets/Sound/Fmod_Project/Sound/Metadata/AudioFile/{174141d2-f20c-4155-ba45-f7c976d9208d}.xml using Guid(82976d8ac79bb41749deddc23310a242) Importer(2089858483,0ecaa5967403d082aa24f35e1b516d23) [PhysX] Initialized MultithreadedTaskDispatcher with 10 workers.
 -> (artifact id: 'c70608d34960006f478bdc03ce51fdee') in 0.001584 seconds
Number of updated asset objects reloaded before import = 0
Number of asset objects unloaded after import = 1
========================================================================
Received Import Request.
  Time since last request: 0.000067 seconds.
  path: Assets/Sound/Fmod_Project/Sound/Metadata/AudioFile/{17214987-cd95-4d7e-83a6-f0ad1fc92ef9}.xml
  artifactKey: Guid(632240456b3bd457cb8b4a7876dc4afe) Importer(2089858483,0ecaa5967403d082aa24f35e1b516d23)
Start importing Assets/Sound/Fmod_Project/Sound/Metadata/AudioFile/{17214987-cd95-4d7e-83a6-f0ad1fc92ef9}.xml using Guid(632240456b3bd457cb8b4a7876dc4afe) Importer(2089858483,0ecaa5967403d082aa24f35e1b516d23) [PhysX] Initialized MultithreadedTaskDispatcher with 10 workers.
 -> (artifact id: 'd600010d30f87d39c9f31de1827bbd2e') in 0.001782 seconds
Number of updated asset objects reloaded before import = 0
Number of asset objects unloaded after import = 1
========================================================================
Received Import Request.
  Time since last request: 0.000059 seconds.
  path: Assets/Sound/Fmod_Project/Sound/Metadata/AudioFile/{24fd6937-751f-498e-aba7-518cd90e21df}.xml
  artifactKey: Guid(43b42d193dc2a4b978c2d65dd82c617b) Importer(2089858483,0ecaa5967403d082aa24f35e1b516d23)
Start importing Assets/Sound/Fmod_Project/Sound/Metadata/AudioFile/{24fd6937-751f-498e-aba7-518cd90e21df}.xml using Guid(43b42d193dc2a4b978c2d65dd82c617b) Importer(2089858483,0ecaa5967403d082aa24f35e1b516d23) [PhysX] Initialized MultithreadedTaskDispatcher with 10 workers.
 -> (artifact id: '7b054ca217350aa429f2dc40a41cdb3a') in 0.001611 seconds
Number of updated asset objects reloaded before import = 0
Number of asset objects unloaded after import = 1
========================================================================
Received Import Request.
  Time since last request: 0.000086 seconds.
  path: Assets/Sound/Fmod_Project/Sound/Metadata/AudioFile/{362d3cd1-935a-41bb-a797-4407f20f5822}.xml
  artifactKey: Guid(77c577299d88847698d0767925b11d6e) Importer(2089858483,0ecaa5967403d082aa24f35e1b516d23)
Start importing Assets/Sound/Fmod_Project/Sound/Metadata/AudioFile/{362d3cd1-935a-41bb-a797-4407f20f5822}.xml using Guid(77c577299d88847698d0767925b11d6e) Importer(2089858483,0ecaa5967403d082aa24f35e1b516d23) [PhysX] Initialized MultithreadedTaskDispatcher with 10 workers.
 -> (artifact id: '12ea05920a5ea6682710ba4675660d95') in 0.001737 seconds
Number of updated asset objects reloaded before import = 0
Number of asset objects unloaded after import = 1
========================================================================
Received Import Request.
  Time since last request: 0.000080 seconds.
  path: Assets/Sound/Fmod_Project/Sound/Metadata/AudioFile/{3634bbaf-cf28-4ebb-9553-4e3fcad6a5de}.xml
  artifactKey: Guid(2e2ff66af8a8e4e9fb8255fad76ba5aa) Importer(2089858483,0ecaa5967403d082aa24f35e1b516d23)
Start importing Assets/Sound/Fmod_Project/Sound/Metadata/AudioFile/{3634bbaf-cf28-4ebb-9553-4e3fcad6a5de}.xml using Guid(2e2ff66af8a8e4e9fb8255fad76ba5aa) Importer(2089858483,0ecaa5967403d082aa24f35e1b516d23) [PhysX] Initialized MultithreadedTaskDispatcher with 10 workers.
 -> (artifact id: 'fdab2b9c746b3e09885d81cdff5d7ee3') in 0.001572 seconds
Number of updated asset objects reloaded before import = 0
Number of asset objects unloaded after import = 1
========================================================================
Received Import Request.
  Time since last request: 0.000047 seconds.
  path: Assets/Sound/Fmod_Project/Sound/Metadata/AudioFile/{28cd3e26-819d-46e3-a988-18307bffd7a9}.xml
  artifactKey: Guid(b07a4c6ad7cdc457dad58100ceb520da) Importer(2089858483,0ecaa5967403d082aa24f35e1b516d23)
Start importing Assets/Sound/Fmod_Project/Sound/Metadata/AudioFile/{28cd3e26-819d-46e3-a988-18307bffd7a9}.xml using Guid(b07a4c6ad7cdc457dad58100ceb520da) Importer(2089858483,0ecaa5967403d082aa24f35e1b516d23) [PhysX] Initialized MultithreadedTaskDispatcher with 10 workers.
 -> (artifact id: 'dc4d2a009fec35222b1129300ba1e6d0') in 0.001599 seconds
Number of updated asset objects reloaded before import = 0
Number of asset objects unloaded after import = 1
========================================================================
Received Import Request.
  Time since last request: 0.000053 seconds.
  path: Assets/Sound/Fmod_Project/Sound/Metadata/AudioFile/{1c16b88d-2f45-4a29-b2b5-5fcab85d0ef7}.xml
  artifactKey: Guid(297eaa6307bf140758c52e89a2653847) Importer(2089858483,0ecaa5967403d082aa24f35e1b516d23)
Start importing Assets/Sound/Fmod_Project/Sound/Metadata/AudioFile/{1c16b88d-2f45-4a29-b2b5-5fcab85d0ef7}.xml using Guid(297eaa6307bf140758c52e89a2653847) Importer(2089858483,0ecaa5967403d082aa24f35e1b516d23) [PhysX] Initialized MultithreadedTaskDispatcher with 10 workers.
 -> (artifact id: 'c86796a64baa6d49599746a7adb463d9') in 0.001606 seconds
Number of updated asset objects reloaded before import = 0
Number of asset objects unloaded after import = 1
========================================================================
Received Import Request.
  Time since last request: 0.000074 seconds.
  path: Assets/Sound/Fmod_Project/Sound/Metadata/AudioFile/{3dde175f-6341-4556-bfca-587bb23cc9e8}.xml
  artifactKey: Guid(37805485273bc443b8eca94ea0763e02) Importer(2089858483,0ecaa5967403d082aa24f35e1b516d23)
Start importing Assets/Sound/Fmod_Project/Sound/Metadata/AudioFile/{3dde175f-6341-4556-bfca-587bb23cc9e8}.xml using Guid(37805485273bc443b8eca94ea0763e02) Importer(2089858483,0ecaa5967403d082aa24f35e1b516d23) [PhysX] Initialized MultithreadedTaskDispatcher with 10 workers.
 -> (artifact id: '026df38c2140777f405011356983bd24') in 0.001444 seconds
Number of updated asset objects reloaded before import = 0
Number of asset objects unloaded after import = 1
========================================================================
Received Import Request.
  Time since last request: 0.000085 seconds.
  path: Assets/Sound/Fmod_Project/Sound/Metadata/AudioFile/{04b88c10-a1ea-4a21-84a6-c4cb8240a81c}.xml
  artifactKey: Guid(8263e808ae8804e27a172a647c8661ee) Importer(2089858483,0ecaa5967403d082aa24f35e1b516d23)
Start importing Assets/Sound/Fmod_Project/Sound/Metadata/AudioFile/{04b88c10-a1ea-4a21-84a6-c4cb8240a81c}.xml using Guid(8263e808ae8804e27a172a647c8661ee) Importer(2089858483,0ecaa5967403d082aa24f35e1b516d23) [PhysX] Initialized MultithreadedTaskDispatcher with 10 workers.
 -> (artifact id: '8d298187a251aa90e1d049cb858658be') in 0.002646 seconds
Number of updated asset objects reloaded before import = 0
Number of asset objects unloaded after import = 1
========================================================================
Received Import Request.
  Time since last request: 0.000039 seconds.
  path: Assets/Sound/Fmod_Project/Sound/Metadata/AudioFile/{0afc657f-28f5-4972-8c02-b8b1dd20d042}.xml
  artifactKey: Guid(705fc695edfaa45d4979ef9cd255fe2c) Importer(2089858483,0ecaa5967403d082aa24f35e1b516d23)
Start importing Assets/Sound/Fmod_Project/Sound/Metadata/AudioFile/{0afc657f-28f5-4972-8c02-b8b1dd20d042}.xml using Guid(705fc695edfaa45d4979ef9cd255fe2c) Importer(2089858483,0ecaa5967403d082aa24f35e1b516d23) [PhysX] Initialized MultithreadedTaskDispatcher with 10 workers.
 -> (artifact id: '9fdb22e199680110362b3285339034c7') in 0.001449 seconds
Number of updated asset objects reloaded before import = 0
Number of asset objects unloaded after import = 1
========================================================================
Received Import Request.
  Time since last request: 0.000068 seconds.
  path: Assets/Sound/Fmod_Project/Sound/Metadata/AudioFile/{23f92e66-5b5d-4f99-a2a7-4aa41a264c17}.xml
  artifactKey: Guid(8451f8d0f4813475bb8a637eae4e6de6) Importer(2089858483,0ecaa5967403d082aa24f35e1b516d23)
Start importing Assets/Sound/Fmod_Project/Sound/Metadata/AudioFile/{23f92e66-5b5d-4f99-a2a7-4aa41a264c17}.xml using Guid(8451f8d0f4813475bb8a637eae4e6de6) Importer(2089858483,0ecaa5967403d082aa24f35e1b516d23) [PhysX] Initialized MultithreadedTaskDispatcher with 10 workers.
 -> (artifact id: 'e6d73dccda7e94a2c2d24705f0191b3e') in 0.001646 seconds
Number of updated asset objects reloaded before import = 0
Number of asset objects unloaded after import = 1
========================================================================
Received Import Request.
  Time since last request: 0.000062 seconds.
  path: Assets/Sound/Fmod_Project/Sound/Metadata/AudioFile/{3795b059-4851-4094-a1e4-8d1a26ab51ba}.xml
  artifactKey: Guid(5b0be48d5b47f473c804f92e54b1ae16) Importer(2089858483,0ecaa5967403d082aa24f35e1b516d23)
Start importing Assets/Sound/Fmod_Project/Sound/Metadata/AudioFile/{3795b059-4851-4094-a1e4-8d1a26ab51ba}.xml using Guid(5b0be48d5b47f473c804f92e54b1ae16) Importer(2089858483,0ecaa5967403d082aa24f35e1b516d23) [PhysX] Initialized MultithreadedTaskDispatcher with 10 workers.
 -> (artifact id: '66f858b242f615b2295836d446fa5f9c') in 0.001679 seconds
Number of updated asset objects reloaded before import = 0
Number of asset objects unloaded after import = 1
========================================================================
Received Import Request.
  Time since last request: 0.000047 seconds.
  path: Assets/Sound/Fmod_Project/Sound/Metadata/AudioFile/{06e1df9d-1bbf-467b-ab1f-0426ee12a928}.xml
  artifactKey: Guid(2f2f034ec73e84bf09218ce0682557b3) Importer(2089858483,0ecaa5967403d082aa24f35e1b516d23)
Start importing Assets/Sound/Fmod_Project/Sound/Metadata/AudioFile/{06e1df9d-1bbf-467b-ab1f-0426ee12a928}.xml using Guid(2f2f034ec73e84bf09218ce0682557b3) Importer(2089858483,0ecaa5967403d082aa24f35e1b516d23) [PhysX] Initialized MultithreadedTaskDispatcher with 10 workers.
 -> (artifact id: 'f0944bfb477693e537102fe944358b47') in 0.001502 seconds
Number of updated asset objects reloaded before import = 0
Number of asset objects unloaded after import = 1
========================================================================
Received Import Request.
  Time since last request: 0.000066 seconds.
  path: Assets/Sound/Fmod_Project/Sound/Metadata/AudioFile/{0d703a49-1f68-4b25-9d9e-dd94159f3ba9}.xml
  artifactKey: Guid(0b8cc695ae6c8434e92b1ae0dbdc01ee) Importer(2089858483,0ecaa5967403d082aa24f35e1b516d23)
Start importing Assets/Sound/Fmod_Project/Sound/Metadata/AudioFile/{0d703a49-1f68-4b25-9d9e-dd94159f3ba9}.xml using Guid(0b8cc695ae6c8434e92b1ae0dbdc01ee) Importer(2089858483,0ecaa5967403d082aa24f35e1b516d23) [PhysX] Initialized MultithreadedTaskDispatcher with 10 workers.
 -> (artifact id: '549370a56bbdaaeef89082dae15291a3') in 0.001619 seconds
Number of updated asset objects reloaded before import = 0
Number of asset objects unloaded after import = 1
========================================================================
Received Import Request.
  Time since last request: 0.000067 seconds.
  path: Assets/Sound/Fmod_Project/Sound/Metadata/AudioFile/{36c3ad1c-fc69-4abb-8841-bf93c272d685}.xml
  artifactKey: Guid(ba7b025d24aba459d82b13129df935b8) Importer(2089858483,0ecaa5967403d082aa24f35e1b516d23)
Start importing Assets/Sound/Fmod_Project/Sound/Metadata/AudioFile/{36c3ad1c-fc69-4abb-8841-bf93c272d685}.xml using Guid(ba7b025d24aba459d82b13129df935b8) Importer(2089858483,0ecaa5967403d082aa24f35e1b516d23) [PhysX] Initialized MultithreadedTaskDispatcher with 10 workers.
 -> (artifact id: '8ff0a31b0286ad2bf16f9e89ecc3c5ea') in 0.001645 seconds
Number of updated asset objects reloaded before import = 0
Number of asset objects unloaded after import = 1
========================================================================
Received Import Request.
  Time since last request: 0.000065 seconds.
  path: Assets/Sound/Fmod_Project/Sound/Metadata/AudioFile/{2afd01f0-8637-4e2b-b30c-5a37c0ab1c6b}.xml
  artifactKey: Guid(fbf6bbf99440846e4aa286652321a8d0) Importer(2089858483,0ecaa5967403d082aa24f35e1b516d23)
Start importing Assets/Sound/Fmod_Project/Sound/Metadata/AudioFile/{2afd01f0-8637-4e2b-b30c-5a37c0ab1c6b}.xml using Guid(fbf6bbf99440846e4aa286652321a8d0) Importer(2089858483,0ecaa5967403d082aa24f35e1b516d23) [PhysX] Initialized MultithreadedTaskDispatcher with 10 workers.
 -> (artifact id: '394df365d394edcd6d1c4ace867dd449') in 0.001533 seconds
Number of updated asset objects reloaded before import = 0
Number of asset objects unloaded after import = 1
========================================================================
Received Import Request.
  Time since last request: 0.000052 seconds.
  path: Assets/Sound/Fmod_Project/Sound/Metadata/AudioFile/{2756acd8-42e9-4565-a422-7190ad36f942}.xml
  artifactKey: Guid(4b6a4070c92a34d019a53a8e80a4de8c) Importer(2089858483,0ecaa5967403d082aa24f35e1b516d23)
Start importing Assets/Sound/Fmod_Project/Sound/Metadata/AudioFile/{2756acd8-42e9-4565-a422-7190ad36f942}.xml using Guid(4b6a4070c92a34d019a53a8e80a4de8c) Importer(2089858483,0ecaa5967403d082aa24f35e1b516d23) [PhysX] Initialized MultithreadedTaskDispatcher with 10 workers.
 -> (artifact id: 'a16f70a7cc92f815be0dcad98de5d094') in 0.001448 seconds
Number of updated asset objects reloaded before import = 0
Number of asset objects unloaded after import = 1
========================================================================
Received Import Request.
  Time since last request: 0.000073 seconds.
  path: Assets/Sound/Fmod_Project/Sound/Metadata/AudioFile/{23fe60f1-528c-48b7-b575-801bfdf76bfe}.xml
  artifactKey: Guid(6e31983c55a8b4306a0f179d5429388f) Importer(2089858483,0ecaa5967403d082aa24f35e1b516d23)
Start importing Assets/Sound/Fmod_Project/Sound/Metadata/AudioFile/{23fe60f1-528c-48b7-b575-801bfdf76bfe}.xml using Guid(6e31983c55a8b4306a0f179d5429388f) Importer(2089858483,0ecaa5967403d082aa24f35e1b516d23) [PhysX] Initialized MultithreadedTaskDispatcher with 10 workers.
 -> (artifact id: 'cd585366e03d55d00f292a9fd0aacbd8') in 0.001602 seconds
Number of updated asset objects reloaded before import = 0
Number of asset objects unloaded after import = 1
========================================================================
Received Import Request.
  Time since last request: 0.000063 seconds.
  path: Assets/Sound/Fmod_Project/Sound/Metadata/AudioFile/{113e63ea-17e1-4fa3-939e-ca57b085fbf9}.xml
  artifactKey: Guid(ea6bf06f4040e437ba0a67760dcef8bd) Importer(2089858483,0ecaa5967403d082aa24f35e1b516d23)
Start importing Assets/Sound/Fmod_Project/Sound/Metadata/AudioFile/{113e63ea-17e1-4fa3-939e-ca57b085fbf9}.xml using Guid(ea6bf06f4040e437ba0a67760dcef8bd) Importer(2089858483,0ecaa5967403d082aa24f35e1b516d23) [PhysX] Initialized MultithreadedTaskDispatcher with 10 workers.
 -> (artifact id: '1a197ef4fd5d93662615987b4a26b2df') in 0.001624 seconds
Number of updated asset objects reloaded before import = 0
Number of asset objects unloaded after import = 1
========================================================================
Received Import Request.
  Time since last request: 0.000046 seconds.
  path: Assets/Sound/Fmod_Project/Sound/Metadata/AudioFile/{219c93f1-32df-4a8d-b89f-21f057b096c6}.xml
  artifactKey: Guid(9c01f932411844fc5b0ce726d6b33abf) Importer(2089858483,0ecaa5967403d082aa24f35e1b516d23)
Start importing Assets/Sound/Fmod_Project/Sound/Metadata/AudioFile/{219c93f1-32df-4a8d-b89f-21f057b096c6}.xml using Guid(9c01f932411844fc5b0ce726d6b33abf) Importer(2089858483,0ecaa5967403d082aa24f35e1b516d23) [PhysX] Initialized MultithreadedTaskDispatcher with 10 workers.
 -> (artifact id: '1bb0746e41f2591f51facf52153cb565') in 0.001580 seconds
Number of updated asset objects reloaded before import = 0
Number of asset objects unloaded after import = 1
========================================================================
Received Import Request.
  Time since last request: 0.000070 seconds.
  path: Assets/Sound/Fmod_Project/Sound/Metadata/AudioFile/{372c200a-9a57-4f38-ac97-0859ebcea1ff}.xml
  artifactKey: Guid(1a27c72a095e0421ab49b4deba115c8e) Importer(2089858483,0ecaa5967403d082aa24f35e1b516d23)
Start importing Assets/Sound/Fmod_Project/Sound/Metadata/AudioFile/{372c200a-9a57-4f38-ac97-0859ebcea1ff}.xml using Guid(1a27c72a095e0421ab49b4deba115c8e) Importer(2089858483,0ecaa5967403d082aa24f35e1b516d23) [PhysX] Initialized MultithreadedTaskDispatcher with 10 workers.
 -> (artifact id: 'b72b61dcc5ec32083149ccb41a3f63fd') in 0.004814 seconds
Number of updated asset objects reloaded before import = 0
Number of asset objects unloaded after import = 1
========================================================================
Received Import Request.
  Time since last request: 0.000051 seconds.
  path: Assets/Sound/Fmod_Project/Sound/Metadata/AudioFile/{263caafd-4a52-4df8-b90c-84fae1d53b68}.xml
  artifactKey: Guid(5319af19e78ee4858808d7b093bced76) Importer(2089858483,0ecaa5967403d082aa24f35e1b516d23)
Start importing Assets/Sound/Fmod_Project/Sound/Metadata/AudioFile/{263caafd-4a52-4df8-b90c-84fae1d53b68}.xml using Guid(5319af19e78ee4858808d7b093bced76) Importer(2089858483,0ecaa5967403d082aa24f35e1b516d23) [PhysX] Initialized MultithreadedTaskDispatcher with 10 workers.
 -> (artifact id: '7ca0d748528f75354fe508898d867fcd') in 0.001530 seconds
Number of updated asset objects reloaded before import = 0
Number of asset objects unloaded after import = 1
========================================================================
Received Import Request.
  Time since last request: 0.000117 seconds.
  path: Assets/Sound/Fmod_Project/Sound/Metadata/AudioFile/{1b86b678-7ddf-4ffa-8d90-66cc7dafaaed}.xml
  artifactKey: Guid(ed054e5487f0541a487539b9c49bf4f7) Importer(2089858483,0ecaa5967403d082aa24f35e1b516d23)
Start importing Assets/Sound/Fmod_Project/Sound/Metadata/AudioFile/{1b86b678-7ddf-4ffa-8d90-66cc7dafaaed}.xml using Guid(ed054e5487f0541a487539b9c49bf4f7) Importer(2089858483,0ecaa5967403d082aa24f35e1b516d23) [PhysX] Initialized MultithreadedTaskDispatcher with 10 workers.
 -> (artifact id: 'e4e9dfe38d7deb434ca57397234f26b6') in 0.003638 seconds
Number of updated asset objects reloaded before import = 0
Number of asset objects unloaded after import = 1
========================================================================
Received Import Request.
  Time since last request: 0.000044 seconds.
  path: Assets/Sound/Fmod_Project/Sound/Metadata/AudioFile/{0b04876c-f787-4515-9326-2595948529a2}.xml
  artifactKey: Guid(668dd6a5d0ef94b4696337c1f3904562) Importer(2089858483,0ecaa5967403d082aa24f35e1b516d23)
Start importing Assets/Sound/Fmod_Project/Sound/Metadata/AudioFile/{0b04876c-f787-4515-9326-2595948529a2}.xml using Guid(668dd6a5d0ef94b4696337c1f3904562) Importer(2089858483,0ecaa5967403d082aa24f35e1b516d23) [PhysX] Initialized MultithreadedTaskDispatcher with 10 workers.
 -> (artifact id: '0d0b320251e9b109b453600cfdaf7709') in 0.001466 seconds
Number of updated asset objects reloaded before import = 0
Number of asset objects unloaded after import = 1
========================================================================
Received Import Request.
  Time since last request: 0.000051 seconds.
  path: Assets/Sound/Fmod_Project/Sound/Metadata/AudioFile/{365a697e-efd6-47db-bc9f-f306c1843925}.xml
  artifactKey: Guid(4e358db3a78af438f82e22a408fe584f) Importer(2089858483,0ecaa5967403d082aa24f35e1b516d23)
Start importing Assets/Sound/Fmod_Project/Sound/Metadata/AudioFile/{365a697e-efd6-47db-bc9f-f306c1843925}.xml using Guid(4e358db3a78af438f82e22a408fe584f) Importer(2089858483,0ecaa5967403d082aa24f35e1b516d23) [PhysX] Initialized MultithreadedTaskDispatcher with 10 workers.
 -> (artifact id: '227f7309115d5ca8befafad63f6f0d20') in 0.001512 seconds
Number of updated asset objects reloaded before import = 0
Number of asset objects unloaded after import = 1
========================================================================
Received Import Request.
  Time since last request: 0.000076 seconds.
  path: Assets/Sound/Fmod_Project/Sound/Metadata/AudioFile/{04c33d22-c646-4e71-bee7-3edfa6ff7782}.xml
  artifactKey: Guid(ec6f9c058888e420281c1e9ed1ee7c4e) Importer(2089858483,0ecaa5967403d082aa24f35e1b516d23)
Start importing Assets/Sound/Fmod_Project/Sound/Metadata/AudioFile/{04c33d22-c646-4e71-bee7-3edfa6ff7782}.xml using Guid(ec6f9c058888e420281c1e9ed1ee7c4e) Importer(2089858483,0ecaa5967403d082aa24f35e1b516d23) [PhysX] Initialized MultithreadedTaskDispatcher with 10 workers.
 -> (artifact id: '502f70e7d60fe3a2cd346385aecc5596') in 0.001597 seconds
Number of updated asset objects reloaded before import = 0
Number of asset objects unloaded after import = 1
========================================================================
Received Import Request.
  Time since last request: 0.000033 seconds.
  path: Assets/Sound/Fmod_Project/Sound/Metadata/AudioFile/{16590c31-dbc3-4d4e-a7ed-2d26a50bc639}.xml
  artifactKey: Guid(b8343b98f8bc34a108f96453bcf93f60) Importer(2089858483,0ecaa5967403d082aa24f35e1b516d23)
Start importing Assets/Sound/Fmod_Project/Sound/Metadata/AudioFile/{16590c31-dbc3-4d4e-a7ed-2d26a50bc639}.xml using Guid(b8343b98f8bc34a108f96453bcf93f60) Importer(2089858483,0ecaa5967403d082aa24f35e1b516d23) [PhysX] Initialized MultithreadedTaskDispatcher with 10 workers.
 -> (artifact id: '4fcb7734679520871bc6a02d3e0360ea') in 0.001445 seconds
Number of updated asset objects reloaded before import = 0
Number of asset objects unloaded after import = 1
========================================================================
Received Import Request.
  Time since last request: 0.000059 seconds.
  path: Assets/Sound/Fmod_Project/Sound/Metadata/AudioFile/{26e59d14-4a7e-494f-ac9e-2aa9cc71cd50}.xml
  artifactKey: Guid(ff00ab5c2ffff40c889fa7a68d1ce38d) Importer(2089858483,0ecaa5967403d082aa24f35e1b516d23)
Start importing Assets/Sound/Fmod_Project/Sound/Metadata/AudioFile/{26e59d14-4a7e-494f-ac9e-2aa9cc71cd50}.xml using Guid(ff00ab5c2ffff40c889fa7a68d1ce38d) Importer(2089858483,0ecaa5967403d082aa24f35e1b516d23) [PhysX] Initialized MultithreadedTaskDispatcher with 10 workers.
 -> (artifact id: 'c0d744cfc80becc4518e546ed979cbdc') in 0.001286 seconds
Number of updated asset objects reloaded before import = 0
Number of asset objects unloaded after import = 1
========================================================================
Received Import Request.
  Time since last request: 0.000068 seconds.
  path: Assets/Sound/Fmod_Project/Sound/Metadata/AudioFile/{2d83b06d-68af-4184-85c7-4c3e5d8e6efa}.xml
  artifactKey: Guid(f11cca53b16784bbe9df57b436cc8fb4) Importer(2089858483,0ecaa5967403d082aa24f35e1b516d23)
Start importing Assets/Sound/Fmod_Project/Sound/Metadata/AudioFile/{2d83b06d-68af-4184-85c7-4c3e5d8e6efa}.xml using Guid(f11cca53b16784bbe9df57b436cc8fb4) Importer(2089858483,0ecaa5967403d082aa24f35e1b516d23) [PhysX] Initialized MultithreadedTaskDispatcher with 10 workers.
 -> (artifact id: 'c56c17d7748f1d8c2702fad15669ce0f') in 0.001202 seconds
Number of updated asset objects reloaded before import = 0
Number of asset objects unloaded after import = 1
========================================================================
Received Import Request.
  Time since last request: 0.000046 seconds.
  path: Assets/Sound/Fmod_Project/Sound/Metadata/AudioFile/{2287dec4-d2e9-4114-88df-9f7499b4724f}.xml
  artifactKey: Guid(d6b5a0b2973fd4f68bd31c096bc5802b) Importer(2089858483,0ecaa5967403d082aa24f35e1b516d23)
Start importing Assets/Sound/Fmod_Project/Sound/Metadata/AudioFile/{2287dec4-d2e9-4114-88df-9f7499b4724f}.xml using Guid(d6b5a0b2973fd4f68bd31c096bc5802b) Importer(2089858483,0ecaa5967403d082aa24f35e1b516d23) [PhysX] Initialized MultithreadedTaskDispatcher with 10 workers.
 -> (artifact id: '0998f0cbced73e9ff1ef98ed8c6e4e6e') in 0.001455 seconds
Number of updated asset objects reloaded before import = 0
Number of asset objects unloaded after import = 1
========================================================================
Received Import Request.
  Time since last request: 0.000052 seconds.
  path: Assets/Sound/Fmod_Project/Sound/Metadata/AudioFile/{285acfe1-0110-4649-b123-183ce0cb7234}.xml
  artifactKey: Guid(cb4482c8559c9492ba4192e739e3fff4) Importer(2089858483,0ecaa5967403d082aa24f35e1b516d23)
Start importing Assets/Sound/Fmod_Project/Sound/Metadata/AudioFile/{285acfe1-0110-4649-b123-183ce0cb7234}.xml using Guid(cb4482c8559c9492ba4192e739e3fff4) Importer(2089858483,0ecaa5967403d082aa24f35e1b516d23) [PhysX] Initialized MultithreadedTaskDispatcher with 10 workers.
 -> (artifact id: 'e313743e8091813ac632778c4fa4e9f4') in 0.001564 seconds
Number of updated asset objects reloaded before import = 0
Number of asset objects unloaded after import = 1
========================================================================
Received Import Request.
  Time since last request: 0.000090 seconds.
  path: Assets/Sound/Fmod_Project/Sound/Metadata/AudioFile/{17aa1762-4830-40a9-820f-f9b03d79e505}.xml
  artifactKey: Guid(4b0340acfd11242798d4374e66642669) Importer(2089858483,0ecaa5967403d082aa24f35e1b516d23)
Start importing Assets/Sound/Fmod_Project/Sound/Metadata/AudioFile/{17aa1762-4830-40a9-820f-f9b03d79e505}.xml using Guid(4b0340acfd11242798d4374e66642669) Importer(2089858483,0ecaa5967403d082aa24f35e1b516d23) [PhysX] Initialized MultithreadedTaskDispatcher with 10 workers.
 -> (artifact id: '48abe36ea2e1c223760ae77365571381') in 0.001371 seconds
Number of updated asset objects reloaded before import = 0
Number of asset objects unloaded after import = 1
========================================================================
Received Import Request.
  Time since last request: 0.000051 seconds.
  path: Assets/Sound/Fmod_Project/Sound/Metadata/AudioFile/{2579729e-923d-4ca8-9125-59f167fc4d91}.xml
  artifactKey: Guid(f43f69ce081d042b6a7a0f1f89f1f625) Importer(2089858483,0ecaa5967403d082aa24f35e1b516d23)
Start importing Assets/Sound/Fmod_Project/Sound/Metadata/AudioFile/{2579729e-923d-4ca8-9125-59f167fc4d91}.xml using Guid(f43f69ce081d042b6a7a0f1f89f1f625) Importer(2089858483,0ecaa5967403d082aa24f35e1b516d23) [PhysX] Initialized MultithreadedTaskDispatcher with 10 workers.
 -> (artifact id: 'ea1fcdd5e83efc58ae5d41ac906cca18') in 0.001360 seconds
Number of updated asset objects reloaded before import = 0
Number of asset objects unloaded after import = 1
========================================================================
Received Import Request.
  Time since last request: 0.000076 seconds.
  path: Assets/Sound/Fmod_Project/Sound/Metadata/AudioFile/{32cd3548-92d9-4d6a-8454-6b9cf9374389}.xml
  artifactKey: Guid(dffe459ba8cd04cd5909e503e9134126) Importer(2089858483,0ecaa5967403d082aa24f35e1b516d23)
Start importing Assets/Sound/Fmod_Project/Sound/Metadata/AudioFile/{32cd3548-92d9-4d6a-8454-6b9cf9374389}.xml using Guid(dffe459ba8cd04cd5909e503e9134126) Importer(2089858483,0ecaa5967403d082aa24f35e1b516d23) [PhysX] Initialized MultithreadedTaskDispatcher with 10 workers.
 -> (artifact id: '6b6f7be8e449b8b40f771cea3a1e44ad') in 0.002683 seconds
Number of updated asset objects reloaded before import = 0
Number of asset objects unloaded after import = 1
========================================================================
Received Import Request.
  Time since last request: 0.000074 seconds.
  path: Assets/Sound/Fmod_Project/Sound/Metadata/AudioFile/{2d37f4bd-702e-45d5-9946-aa83daf47900}.xml
  artifactKey: Guid(504e1db9e724c49b19f57fce00a24366) Importer(2089858483,0ecaa5967403d082aa24f35e1b516d23)
Start importing Assets/Sound/Fmod_Project/Sound/Metadata/AudioFile/{2d37f4bd-702e-45d5-9946-aa83daf47900}.xml using Guid(504e1db9e724c49b19f57fce00a24366) Importer(2089858483,0ecaa5967403d082aa24f35e1b516d23) [PhysX] Initialized MultithreadedTaskDispatcher with 10 workers.
 -> (artifact id: 'a4632123ada8063a02cfdd95ae0f4736') in 0.001509 seconds
Number of updated asset objects reloaded before import = 0
Number of asset objects unloaded after import = 1
========================================================================
Received Import Request.
  Time since last request: 0.000055 seconds.
  path: Assets/Sound/Fmod_Project/Sound/Metadata/AudioFile/{3db35365-1882-4461-b280-75fd1f10d4d3}.xml
  artifactKey: Guid(8a542d4c51039472485fd4ac1b9eb468) Importer(2089858483,0ecaa5967403d082aa24f35e1b516d23)
Start importing Assets/Sound/Fmod_Project/Sound/Metadata/AudioFile/{3db35365-1882-4461-b280-75fd1f10d4d3}.xml using Guid(8a542d4c51039472485fd4ac1b9eb468) Importer(2089858483,0ecaa5967403d082aa24f35e1b516d23) [PhysX] Initialized MultithreadedTaskDispatcher with 10 workers.
 -> (artifact id: '5c0d1b89a235b692802dcb2274865f4f') in 0.001430 seconds
Number of updated asset objects reloaded before import = 0
Number of asset objects unloaded after import = 1
========================================================================
Received Import Request.
  Time since last request: 0.000060 seconds.
  path: Assets/Sound/Fmod_Project/Sound/Metadata/AudioFile/{25de8ec4-2fd9-4f1d-ab4f-5d48ddbc4ca8}.xml
  artifactKey: Guid(5b17e885129834c1199b8aa06709ea5c) Importer(2089858483,0ecaa5967403d082aa24f35e1b516d23)
Start importing Assets/Sound/Fmod_Project/Sound/Metadata/AudioFile/{25de8ec4-2fd9-4f1d-ab4f-5d48ddbc4ca8}.xml using Guid(5b17e885129834c1199b8aa06709ea5c) Importer(2089858483,0ecaa5967403d082aa24f35e1b516d23) [PhysX] Initialized MultithreadedTaskDispatcher with 10 workers.
 -> (artifact id: 'f58254bad9425f3ff7fe9bb7c26c5f8e') in 0.001502 seconds
Number of updated asset objects reloaded before import = 0
Number of asset objects unloaded after import = 1
========================================================================
Received Import Request.
  Time since last request: 0.000085 seconds.
  path: Assets/Sound/Fmod_Project/Sound/Metadata/AudioFile/{34c35437-58c1-4695-a8c0-10fea1a49454}.xml
  artifactKey: Guid(5b1c44bf5550c468282d74510f807fc4) Importer(2089858483,0ecaa5967403d082aa24f35e1b516d23)
Start importing Assets/Sound/Fmod_Project/Sound/Metadata/AudioFile/{34c35437-58c1-4695-a8c0-10fea1a49454}.xml using Guid(5b1c44bf5550c468282d74510f807fc4) Importer(2089858483,0ecaa5967403d082aa24f35e1b516d23) [PhysX] Initialized MultithreadedTaskDispatcher with 10 workers.
 -> (artifact id: '45ef1b6a3fb0520940b39b058b327c64') in 0.001382 seconds
Number of updated asset objects reloaded before import = 0
Number of asset objects unloaded after import = 1
========================================================================
Received Import Request.
  Time since last request: 0.000043 seconds.
  path: Assets/Sound/Fmod_Project/Sound/Metadata/AudioFile/{2542cd2b-e836-4529-9990-6a34e6373311}.xml
  artifactKey: Guid(1318d87deb62c489c9cf39b9e75aef38) Importer(2089858483,0ecaa5967403d082aa24f35e1b516d23)
Start importing Assets/Sound/Fmod_Project/Sound/Metadata/AudioFile/{2542cd2b-e836-4529-9990-6a34e6373311}.xml using Guid(1318d87deb62c489c9cf39b9e75aef38) Importer(2089858483,0ecaa5967403d082aa24f35e1b516d23) [PhysX] Initialized MultithreadedTaskDispatcher with 10 workers.
 -> (artifact id: '4d55840f7d6d5559745cdcceb8d49ac5') in 0.001382 seconds
Number of updated asset objects reloaded before import = 0
Number of asset objects unloaded after import = 1
========================================================================
Received Import Request.
  Time since last request: 0.000052 seconds.
  path: Assets/Sound/Fmod_Project/Sound/Metadata/AudioFile/{399913c9-1aed-4732-a2f7-76798ce3035d}.xml
  artifactKey: Guid(e45b40dc9c04342f99ba9384cb5e024f) Importer(2089858483,0ecaa5967403d082aa24f35e1b516d23)
Start importing Assets/Sound/Fmod_Project/Sound/Metadata/AudioFile/{399913c9-1aed-4732-a2f7-76798ce3035d}.xml using Guid(e45b40dc9c04342f99ba9384cb5e024f) Importer(2089858483,0ecaa5967403d082aa24f35e1b516d23) [PhysX] Initialized MultithreadedTaskDispatcher with 10 workers.
 -> (artifact id: '801af708a9ef9f1ff8c4adb80b4b8057') in 0.001423 seconds
Number of updated asset objects reloaded before import = 0
Number of asset objects unloaded after import = 1
========================================================================
Received Import Request.
  Time since last request: 0.000066 seconds.
  path: Assets/Sound/Fmod_Project/Sound/Metadata/AudioFile/{152ded55-d178-49e8-9b99-b52199e73cd8}.xml
  artifactKey: Guid(6612b24e7cceb4d38bcd6efacf8922cb) Importer(2089858483,0ecaa5967403d082aa24f35e1b516d23)
Start importing Assets/Sound/Fmod_Project/Sound/Metadata/AudioFile/{152ded55-d178-49e8-9b99-b52199e73cd8}.xml using Guid(6612b24e7cceb4d38bcd6efacf8922cb) Importer(2089858483,0ecaa5967403d082aa24f35e1b516d23) [PhysX] Initialized MultithreadedTaskDispatcher with 10 workers.
 -> (artifact id: '45b944e9b027ac481970c174b3afef82') in 0.001439 seconds
Number of updated asset objects reloaded before import = 0
Number of asset objects unloaded after import = 1
========================================================================
Received Import Request.
  Time since last request: 0.000051 seconds.
  path: Assets/Sound/Fmod_Project/Sound/Metadata/AudioFile/{33d64879-065f-4256-8525-39d69d4d76ba}.xml
  artifactKey: Guid(fea3df7a758c64f5d8ea8b20b2e75349) Importer(2089858483,0ecaa5967403d082aa24f35e1b516d23)
Start importing Assets/Sound/Fmod_Project/Sound/Metadata/AudioFile/{33d64879-065f-4256-8525-39d69d4d76ba}.xml using Guid(fea3df7a758c64f5d8ea8b20b2e75349) Importer(2089858483,0ecaa5967403d082aa24f35e1b516d23) [PhysX] Initialized MultithreadedTaskDispatcher with 10 workers.
 -> (artifact id: '34bff17c42f2ea6b6d6664ccacdc0d73') in 0.001475 seconds
Number of updated asset objects reloaded before import = 0
Number of asset objects unloaded after import = 1
========================================================================
Received Import Request.
  Time since last request: 0.000081 seconds.
  path: Assets/Sound/Fmod_Project/Sound/Metadata/AudioFile/{10f0c9ae-23f9-4cdc-8af0-153bc4772dbd}.xml
  artifactKey: Guid(814dfeb3dfbc242cd9e7b5fa2eaa197d) Importer(2089858483,0ecaa5967403d082aa24f35e1b516d23)
Start importing Assets/Sound/Fmod_Project/Sound/Metadata/AudioFile/{10f0c9ae-23f9-4cdc-8af0-153bc4772dbd}.xml using Guid(814dfeb3dfbc242cd9e7b5fa2eaa197d) Importer(2089858483,0ecaa5967403d082aa24f35e1b516d23) [PhysX] Initialized MultithreadedTaskDispatcher with 10 workers.
 -> (artifact id: '0ec586e7dd8afe4e6cd09f6b3361dfe2') in 0.001567 seconds
Number of updated asset objects reloaded before import = 0
Number of asset objects unloaded after import = 1
========================================================================
Received Import Request.
  Time since last request: 0.000070 seconds.
  path: Assets/Sound/Fmod_Project/Sound/Metadata/AudioFile/{08d43abe-0a24-4f3d-a2f3-bb5eec64175d}.xml
  artifactKey: Guid(f24b38bdb2b9a42a5ba68844eb9d35d1) Importer(2089858483,0ecaa5967403d082aa24f35e1b516d23)
Start importing Assets/Sound/Fmod_Project/Sound/Metadata/AudioFile/{08d43abe-0a24-4f3d-a2f3-bb5eec64175d}.xml using Guid(f24b38bdb2b9a42a5ba68844eb9d35d1) Importer(2089858483,0ecaa5967403d082aa24f35e1b516d23) [PhysX] Initialized MultithreadedTaskDispatcher with 10 workers.
 -> (artifact id: '47d18fb5d7ba3af5c2967966413feb14') in 0.001537 seconds
Number of updated asset objects reloaded before import = 0
Number of asset objects unloaded after import = 1
========================================================================
Received Import Request.
  Time since last request: 0.000053 seconds.
  path: Assets/Sound/Fmod_Project/Sound/Metadata/AudioFile/{38f88f5f-8dc8-40f2-af87-c3add198bc72}.xml
  artifactKey: Guid(fa94e25132dad47f7a85ba898408c646) Importer(2089858483,0ecaa5967403d082aa24f35e1b516d23)
Start importing Assets/Sound/Fmod_Project/Sound/Metadata/AudioFile/{38f88f5f-8dc8-40f2-af87-c3add198bc72}.xml using Guid(fa94e25132dad47f7a85ba898408c646) Importer(2089858483,0ecaa5967403d082aa24f35e1b516d23) [PhysX] Initialized MultithreadedTaskDispatcher with 10 workers.
 -> (artifact id: '74e4999230c301f6af1ae86933843837') in 0.002917 seconds
Number of updated asset objects reloaded before import = 0
Number of asset objects unloaded after import = 1
========================================================================
Received Import Request.
  Time since last request: 0.000030 seconds.
  path: Assets/Sound/Fmod_Project/Sound/Metadata/AudioFile/{1b3aff22-b0dc-4b63-8e18-770e99c5329a}.xml
  artifactKey: Guid(d85e7f5a34892405dbbed69d2057f387) Importer(2089858483,0ecaa5967403d082aa24f35e1b516d23)
Start importing Assets/Sound/Fmod_Project/Sound/Metadata/AudioFile/{1b3aff22-b0dc-4b63-8e18-770e99c5329a}.xml using Guid(d85e7f5a34892405dbbed69d2057f387) Importer(2089858483,0ecaa5967403d082aa24f35e1b516d23) [PhysX] Initialized MultithreadedTaskDispatcher with 10 workers.
 -> (artifact id: '8ef8c6ef78951a3501d2b5f2f685ad21') in 0.001362 seconds
Number of updated asset objects reloaded before import = 0
Number of asset objects unloaded after import = 1
========================================================================
Received Import Request.
  Time since last request: 0.000066 seconds.
  path: Assets/Sound/Fmod_Project/Sound/Metadata/AudioFile/{3384594e-5dde-4c79-b256-4e201bd4718e}.xml
  artifactKey: Guid(4db7a1cc289c44cdcb9ec81215497374) Importer(2089858483,0ecaa5967403d082aa24f35e1b516d23)
Start importing Assets/Sound/Fmod_Project/Sound/Metadata/AudioFile/{3384594e-5dde-4c79-b256-4e201bd4718e}.xml using Guid(4db7a1cc289c44cdcb9ec81215497374) Importer(2089858483,0ecaa5967403d082aa24f35e1b516d23) [PhysX] Initialized MultithreadedTaskDispatcher with 10 workers.
 -> (artifact id: 'b1883611a40bc0b2910c9aa402fead78') in 0.001328 seconds
Number of updated asset objects reloaded before import = 0
Number of asset objects unloaded after import = 1
========================================================================
Received Import Request.
  Time since last request: 0.000063 seconds.
  path: Assets/Sound/Fmod_Project/Sound/Metadata/AudioFile/{1ecd5eda-cff6-4cbd-94bd-b821aa8d688e}.xml
  artifactKey: Guid(cc11cf242021b44708669afb8eb8c689) Importer(2089858483,0ecaa5967403d082aa24f35e1b516d23)
Start importing Assets/Sound/Fmod_Project/Sound/Metadata/AudioFile/{1ecd5eda-cff6-4cbd-94bd-b821aa8d688e}.xml using Guid(cc11cf242021b44708669afb8eb8c689) Importer(2089858483,0ecaa5967403d082aa24f35e1b516d23) [PhysX] Initialized MultithreadedTaskDispatcher with 10 workers.
 -> (artifact id: 'd442d1495bae4f889b642932120b81be') in 0.001382 seconds
Number of updated asset objects reloaded before import = 0
Number of asset objects unloaded after import = 1
========================================================================
Received Import Request.
  Time since last request: 0.000060 seconds.
  path: Assets/Sound/Fmod_Project/Sound/Metadata/AudioFile/{12a505c9-73f2-408e-9a2d-52b4e3f741f8}.xml
  artifactKey: Guid(4e48c9afeff874f509eae8a52264ac8e) Importer(2089858483,0ecaa5967403d082aa24f35e1b516d23)
Start importing Assets/Sound/Fmod_Project/Sound/Metadata/AudioFile/{12a505c9-73f2-408e-9a2d-52b4e3f741f8}.xml using Guid(4e48c9afeff874f509eae8a52264ac8e) Importer(2089858483,0ecaa5967403d082aa24f35e1b516d23) [PhysX] Initialized MultithreadedTaskDispatcher with 10 workers.
 -> (artifact id: '114b226e959d52be96f8e743f703bbee') in 0.001498 seconds
Number of updated asset objects reloaded before import = 0
Number of asset objects unloaded after import = 1
========================================================================
Received Import Request.
  Time since last request: 0.000071 seconds.
  path: Assets/Sound/Fmod_Project/Sound/Metadata/AudioFile/{1c60e37c-4011-4eb8-b655-aa89f5071603}.xml
  artifactKey: Guid(87b2d60a9e1d742809d9ef37ed24631b) Importer(2089858483,0ecaa5967403d082aa24f35e1b516d23)
Start importing Assets/Sound/Fmod_Project/Sound/Metadata/AudioFile/{1c60e37c-4011-4eb8-b655-aa89f5071603}.xml using Guid(87b2d60a9e1d742809d9ef37ed24631b) Importer(2089858483,0ecaa5967403d082aa24f35e1b516d23) [PhysX] Initialized MultithreadedTaskDispatcher with 10 workers.
 -> (artifact id: '2f5e99cc622d0c764bfedda708cf55e0') in 0.001682 seconds
Number of updated asset objects reloaded before import = 0
Number of asset objects unloaded after import = 1
========================================================================
Received Import Request.
  Time since last request: 0.000051 seconds.
  path: Assets/Sound/Fmod_Project/Sound/Metadata/AudioFile/{21183e11-42e8-4f8f-bf40-440716e5772e}.xml
  artifactKey: Guid(9d5440767333245ab87f3d9a06f3f075) Importer(2089858483,0ecaa5967403d082aa24f35e1b516d23)
Start importing Assets/Sound/Fmod_Project/Sound/Metadata/AudioFile/{21183e11-42e8-4f8f-bf40-440716e5772e}.xml using Guid(9d5440767333245ab87f3d9a06f3f075) Importer(2089858483,0ecaa5967403d082aa24f35e1b516d23) [PhysX] Initialized MultithreadedTaskDispatcher with 10 workers.
 -> (artifact id: '79e5a581a50e31f2b9908e9f52d50fcb') in 0.001496 seconds
Number of updated asset objects reloaded before import = 0
Number of asset objects unloaded after import = 1
========================================================================
Received Import Request.
  Time since last request: 0.000062 seconds.
  path: Assets/Sound/Fmod_Project/Sound/Metadata/AudioFile/{0a7f8b1e-985f-4a0e-9256-01a8f3ad65bd}.xml
  artifactKey: Guid(166fd8d79f0ae498892bfd6aa3447fa0) Importer(2089858483,0ecaa5967403d082aa24f35e1b516d23)
Start importing Assets/Sound/Fmod_Project/Sound/Metadata/AudioFile/{0a7f8b1e-985f-4a0e-9256-01a8f3ad65bd}.xml using Guid(166fd8d79f0ae498892bfd6aa3447fa0) Importer(2089858483,0ecaa5967403d082aa24f35e1b516d23) [PhysX] Initialized MultithreadedTaskDispatcher with 10 workers.
 -> (artifact id: '60fe74189ec29417d89ecaf9275cfe6e') in 0.001503 seconds
Number of updated asset objects reloaded before import = 0
Number of asset objects unloaded after import = 1
========================================================================
Received Prepare
Caller must complete domain reload
Begin MonoManager ReloadAssembly
Thread 0x17f2c7000 may have been prematurely finalized
- Loaded All Assemblies, in  0.207 seconds
Native extension for OSXStandalone target not found
Mono: successfully reloaded assembly
- Finished resetting the current domain, in  0.797 seconds
Domain Reload Profiling: 1005ms
	BeginReloadAssembly (68ms)
		ExecutionOrderSort (0ms)
		DisableScriptedObjects (2ms)
		BackupInstance (0ms)
		ReleaseScriptingObjects (0ms)
		CreateAndSetChildDomain (23ms)
	RebuildCommonClasses (16ms)
	RebuildNativeTypeToScriptingClass (5ms)
	initialDomainReloadingComplete (9ms)
	LoadAllAssembliesAndSetupDomain (108ms)
		LoadAssemblies (120ms)
		RebuildTransferFunctionScriptingTraits (0ms)
		AnalyzeDomain (12ms)
			TypeCache.Refresh (5ms)
				TypeCache.ScanAssembly (0ms)
			ScanForSourceGeneratedMonoScriptInfo (0ms)
			ResolveRequiredComponents (6ms)
	FinalizeReload (798ms)
		ReleaseScriptCaches (0ms)
		RebuildScriptCaches (0ms)
		SetupLoadedEditorAssemblies (219ms)
			LogAssemblyErrors (0ms)
			InitializePlatformSupportModulesInManaged (2ms)
			SetLoadedEditorAssemblies (2ms)
			RefreshPlugins (0ms)
			BeforeProcessingInitializeOnLoad (30ms)
			ProcessInitializeOnLoadAttributes (162ms)
			ProcessInitializeOnLoadMethodAttributes (24ms)
			AfterProcessingInitializeOnLoad (0ms)
			EditorAssembliesLoaded (0ms)
		ExecutionOrderSort2 (0ms)
		AwakeInstancesAfterBackupRestoration (7ms)
WARNING: Shader Unsupported: 'Universal Render Pipeline/VR/SpatialMapping/Wireframe' - All subshaders removed
WARNING: Shader Did you use #pragma only_renderers and omit this platform?
WARNING: Shader If subshaders removal was intentional, you may have forgotten turning Fallback off?
WARNING: Shader Unsupported: 'Universal Render Pipeline/VR/SpatialMapping/Wireframe' - All subshaders removed
WARNING: Shader Did you use #pragma only_renderers and omit this platform?
WARNING: Shader If subshaders removal was intentional, you may have forgotten turning Fallback off?
WARNING: Shader Unsupported: 'Hidden/Builtin_TerrainVisualization' - All subshaders removed
WARNING: Shader Did you use #pragma only_renderers and omit this platform?
WARNING: Shader If subshaders removal was intentional, you may have forgotten turning Fallback off?
WARNING: Shader Unsupported: 'Hidden/Builtin_TerrainVisualization' - All subshaders removed
WARNING: Shader Did you use #pragma only_renderers and omit this platform?
WARNING: Shader If subshaders removal was intentional, you may have forgotten turning Fallback off?
Refreshing native plugins compatible for Editor in 4.84 ms, found 5 plugins.
Preloading 0 native plugins for Editor in 0.00 ms.
Unloading 5612 Unused Serialized files (Serialized files now loaded: 0)
Unloading 49 unused Assets / (3.7 MB). Loaded Objects now: 6319.
Memory consumption went from 230.5 MB to 226.8 MB.
Total: 3.364875 ms (FindLiveObjects: 0.184500 ms CreateObjectMapping: 0.057792 ms MarkObjects: 2.634625 ms  DeleteObjects: 0.487458 ms)

Prepare: number of updated asset objects reloaded= 0
AssetImportParameters requested are different than current active one (requested -> active):
  custom:container-demuxer-ogg: 62fdf1f143b41e24485cea50d1cbac27 -> 
  custom:scripting/monoscript/fileName/CRTDataObject.cs: f1de7395209245cd93b30dd15005e602 -> 
  custom:scripting/monoscript/fileName/CRTCameraBehaviour.cs: 30ff3bb5a6d12bf7a3270d52e64fce8c -> 
  custom:video-decoder-ogg-theora: a1e56fd34408186e4bbccfd4996cb3dc -> 
  custom:scripting/monoscript/fileName/NewBehaviourScript.cs: 0bbf274f239518c006152eda55c74178 -> 
  custom:scripting/monoscript/fileName/Quad_controller.cs: f7f54a4dcd6a885b0486938ad49f3362 -> 
  custom:CustomObjectIndexerAttribute: 3ead1caaecf1c488f20bcfeb224b6af5 -> 
  custom:container-demuxer-webm: 4f35f7cbe854078d1ac9338744f61a02 -> 
  custom:container-muxer-webm: aa71ff27fc2769a1b78a27578f13a17b -> 
  custom:video-decoder-webm-vp8: 9c59270c3fd7afecdb556c50c9e8de78 -> 
  custom:SearchIndexIgnoredProperties: e643bd26f0fe6173181afceb89e7c659 -> 
  custom:AudioImporter_EditorPlatform: 3918e3fc78b5a79bad01e8451be0beb8 -> 
  custom:scripting/monoscript/fileName/CRTRenderSettingsObject.cs: 24bb0e83561f29e599898e7a5864aecc -> 
  custom:framework-osx-AVFoundation: e770b220cccbd017edd2c1fefb359320 -> 
  custom:video-encoder-webm-vp8: eb34c28f22e8b96e1ab97ce403110664 -> 
  custom:scripting/monoscript/fileName/CRTDemoBehaviour.cs: 20f57549ec3eef6393f5bf74787367c9 -> 
  custom:audio-decoder-ogg-vorbis: bf7c407c2cedff20999df2af8eb42d56 -> 
  custom:audio-encoder-webm-vorbis: bf7c407c2cedff20999df2af8eb42d56 -> 
