Unity Editor version:    2022.3.62f2 (7670c08855a9)
Branch:                  2022.3/respin/2022.3.62f2-4af31df585-v2
Build type:              Release
Batch mode:              YES
macOS version:           Version 26.3.1 (a) (Build 25D771280a)
Darwin version:          25.3.0
Architecture:            arm64
Running under Rosetta:   NO
Available memory:        16384 MB
Using pre-set license
Pro License: YES

COMMAND LINE ARGUMENTS:
/Applications/Unity/Hub/Editor/2022.3.62f2/Unity.app/Contents/MacOS/Unity
-adb2
-batchMode
-noUpm
-name
AssetImportWorker15
-projectPath
/Users/magdalenaplawinska/LicencjatCDV
-logFile
Logs/AssetImportWorker15.log
-srvPort
51014
Successfully changed project path to: /Users/magdalenaplawinska/LicencjatCDV
/Users/magdalenaplawinska/LicencjatCDV
[UnityMemory] Configuration Parameters - Can be set up in boot.config
    "memorysetup-bucket-allocator-granularity=16"
    "memorysetup-bucket-allocator-bucket-count=8"
    "memorysetup-bucket-allocator-block-size=33554432"
    "memorysetup-bucket-allocator-block-count=8"
    "memorysetup-main-allocator-block-size=16777216"
    "memorysetup-thread-allocator-block-size=16777216"
    "memorysetup-gfx-main-allocator-block-size=16777216"
    "memorysetup-gfx-thread-allocator-block-size=16777216"
    "memorysetup-cache-allocator-block-size=4194304"
    "memorysetup-typetree-allocator-block-size=2097152"
    "memorysetup-profiler-bucket-allocator-granularity=16"
    "memorysetup-profiler-bucket-allocator-bucket-count=8"
    "memorysetup-profiler-bucket-allocator-block-size=33554432"
    "memorysetup-profiler-bucket-allocator-block-count=8"
    "memorysetup-profiler-allocator-block-size=16777216"
    "memorysetup-profiler-editor-allocator-block-size=1048576"
    "memorysetup-temp-allocator-size-main=16777216"
    "memorysetup-job-temp-allocator-block-size=2097152"
    "memorysetup-job-temp-allocator-block-size-background=1048576"
    "memorysetup-job-temp-allocator-reduction-small-platforms=262144"
    "memorysetup-allocator-temp-initial-block-size-main=262144"
    "memorysetup-allocator-temp-initial-block-size-worker=262144"
    "memorysetup-temp-allocator-size-background-worker=32768"
    "memorysetup-temp-allocator-size-job-worker=262144"
    "memorysetup-temp-allocator-size-preload-manager=33554432"
    "memorysetup-temp-allocator-size-nav-mesh-worker=65536"
    "memorysetup-temp-allocator-size-audio-worker=65536"
    "memorysetup-temp-allocator-size-cloud-worker=32768"
    "memorysetup-temp-allocator-size-gi-baking-worker=262144"
    "memorysetup-temp-allocator-size-gfx=262144"
Player connection [8340467968]  Target information:

Player connection [8340467968]  * "[IP] 192.168.0.32 [Port] 0 [Flags] 2 [Guid] 2931797446 [EditorId] 2931797446 [Version] 1048832 [Id] OSXEditor(0,MacMiniMagda.local) [Debug] 1 [PackageName] OSXEditor [ProjectName] Editor" 

Player connection [8340467968] Host joined multi-casting on [225.0.0.222:54997]...
Player connection [8340467968] Host joined alternative multi-casting on [225.0.0.222:34997]...
Input System module state changed to: Initialized.
[PhysX] Initialized MultithreadedTaskDispatcher with 10 workers.
Refreshing native plugins compatible for Editor in 17.81 ms, found 5 plugins.
Preloading 0 native plugins for Editor in 0.00 ms.
Initialize engine version: 2022.3.62f2 (7670c08855a9)
[Subsystems] Discovering subsystems at path /Applications/Unity/Hub/Editor/2022.3.62f2/Unity.app/Contents/Resources/UnitySubsystems
[Subsystems] Discovering subsystems at path /Users/magdalenaplawinska/LicencjatCDV/Assets
GfxDevice: creating device client; threaded=0; jobified=0
 preferred device: Apple M4 (high power)
Metal devices available: 1
0: Apple M4 (high power)
Using device Apple M4 (high power)
Initializing Metal device caps: Apple M4
Initialize mono
Mono path[0] = '/Applications/Unity/Hub/Editor/2022.3.62f2/Unity.app/Contents/Managed'
Mono path[1] = '/Applications/Unity/Hub/Editor/2022.3.62f2/Unity.app/Contents/MonoBleedingEdge/lib/mono/unityjit-macos'
Mono config path = '/Applications/Unity/Hub/Editor/2022.3.62f2/Unity.app/Contents/MonoBleedingEdge/etc'
Using monoOptions --debugger-agent=transport=dt_socket,embedding=1,server=y,suspend=n,address=127.0.0.1:56851
Begin MonoManager ReloadAssembly
Registering precompiled unity dll's ...
Register platform support module: /Applications/Unity/Hub/Editor/2022.3.62f2/Unity.app/Contents/PlaybackEngines/MacStandaloneSupport/UnityEditor.OSXStandalone.Extensions.dll
Registered in 0.001452 seconds.
- Loaded All Assemblies, in  0.159 seconds
Native extension for OSXStandalone target not found
Mono: successfully reloaded assembly
- Finished resetting the current domain, in  0.101 seconds
Domain Reload Profiling: 260ms
	BeginReloadAssembly (61ms)
		ExecutionOrderSort (0ms)
		DisableScriptedObjects (0ms)
		BackupInstance (0ms)
		ReleaseScriptingObjects (0ms)
		CreateAndSetChildDomain (0ms)
	RebuildCommonClasses (14ms)
	RebuildNativeTypeToScriptingClass (5ms)
	initialDomainReloadingComplete (20ms)
	LoadAllAssembliesAndSetupDomain (59ms)
		LoadAssemblies (61ms)
		RebuildTransferFunctionScriptingTraits (0ms)
		AnalyzeDomain (58ms)
			TypeCache.Refresh (57ms)
				TypeCache.ScanAssembly (51ms)
			ScanForSourceGeneratedMonoScriptInfo (0ms)
			ResolveRequiredComponents (0ms)
	FinalizeReload (101ms)
		ReleaseScriptCaches (0ms)
		RebuildScriptCaches (0ms)
		SetupLoadedEditorAssemblies (81ms)
			LogAssemblyErrors (0ms)
			InitializePlatformSupportModulesInManaged (4ms)
			SetLoadedEditorAssemblies (3ms)
			RefreshPlugins (0ms)
			BeforeProcessingInitializeOnLoad (1ms)
			ProcessInitializeOnLoadAttributes (56ms)
			ProcessInitializeOnLoadMethodAttributes (18ms)
			AfterProcessingInitializeOnLoad (0ms)
			EditorAssembliesLoaded (0ms)
		ExecutionOrderSort2 (0ms)
		AwakeInstancesAfterBackupRestoration (0ms)
========================================================================
Worker process is ready to serve import requests
Caller must complete domain reload
Begin MonoManager ReloadAssembly
- Loaded All Assemblies, in  0.372 seconds
Native extension for OSXStandalone target not found
Mono: successfully reloaded assembly
- Finished resetting the current domain, in  0.361 seconds
Domain Reload Profiling: 734ms
	BeginReloadAssembly (56ms)
		ExecutionOrderSort (0ms)
		DisableScriptedObjects (2ms)
		BackupInstance (0ms)
		ReleaseScriptingObjects (0ms)
		CreateAndSetChildDomain (9ms)
	RebuildCommonClasses (16ms)
	RebuildNativeTypeToScriptingClass (6ms)
	initialDomainReloadingComplete (18ms)
	LoadAllAssembliesAndSetupDomain (276ms)
		LoadAssemblies (182ms)
		RebuildTransferFunctionScriptingTraits (0ms)
		AnalyzeDomain (121ms)
			TypeCache.Refresh (104ms)
				TypeCache.ScanAssembly (94ms)
			ScanForSourceGeneratedMonoScriptInfo (10ms)
			ResolveRequiredComponents (6ms)
	FinalizeReload (362ms)
		ReleaseScriptCaches (0ms)
		RebuildScriptCaches (0ms)
		SetupLoadedEditorAssemblies (278ms)
			LogAssemblyErrors (0ms)
			InitializePlatformSupportModulesInManaged (2ms)
			SetLoadedEditorAssemblies (2ms)
			RefreshPlugins (0ms)
			BeforeProcessingInitializeOnLoad (32ms)
			ProcessInitializeOnLoadAttributes (213ms)
			ProcessInitializeOnLoadMethodAttributes (28ms)
			AfterProcessingInitializeOnLoad (1ms)
			EditorAssembliesLoaded (0ms)
		ExecutionOrderSort2 (0ms)
		AwakeInstancesAfterBackupRestoration (2ms)
WARNING: Shader Unsupported: 'Universal Render Pipeline/VR/SpatialMapping/Wireframe' - All subshaders removed
WARNING: Shader Did you use #pragma only_renderers and omit this platform?
WARNING: Shader If subshaders removal was intentional, you may have forgotten turning Fallback off?
WARNING: Shader Unsupported: 'Universal Render Pipeline/VR/SpatialMapping/Wireframe' - All subshaders removed
WARNING: Shader Did you use #pragma only_renderers and omit this platform?
WARNING: Shader If subshaders removal was intentional, you may have forgotten turning Fallback off?
WARNING: Shader Unsupported: 'Hidden/Builtin_TerrainVisualization' - All subshaders removed
WARNING: Shader Did you use #pragma only_renderers and omit this platform?
WARNING: Shader If subshaders removal was intentional, you may have forgotten turning Fallback off?
WARNING: Shader Unsupported: 'Hidden/Builtin_TerrainVisualization' - All subshaders removed
WARNING: Shader Did you use #pragma only_renderers and omit this platform?
WARNING: Shader If subshaders removal was intentional, you may have forgotten turning Fallback off?
Launching external process: /Applications/Unity/Hub/Editor/2022.3.62f2/Unity.app/Contents/Tools/UnityShaderCompiler
Launched and connected shader compiler UnityShaderCompiler after 0.02 seconds
Refreshing native plugins compatible for Editor in 3.50 ms, found 5 plugins.
Preloading 0 native plugins for Editor in 0.00 ms.
Unloading 5839 Unused Serialized files (Serialized files now loaded: 0)
Unloading 75 unused Assets / (3.7 MB). Loaded Objects now: 6299.
Memory consumption went from 267.1 MB to 263.4 MB.
Total: 3.428334 ms (FindLiveObjects: 0.232708 ms CreateObjectMapping: 0.064792 ms MarkObjects: 2.452375 ms  DeleteObjects: 0.677875 ms)

AssetImportParameters requested are different than current active one (requested -> active):
  custom:container-demuxer-ogg: 62fdf1f143b41e24485cea50d1cbac27 -> 
  custom:scripting/monoscript/fileName/CRTDataObject.cs: f1de7395209245cd93b30dd15005e602 -> 
  custom:scripting/monoscript/fileName/CRTCameraBehaviour.cs: 30ff3bb5a6d12bf7a3270d52e64fce8c -> 
  custom:video-decoder-ogg-theora: a1e56fd34408186e4bbccfd4996cb3dc -> 
  custom:scripting/monoscript/fileName/NewBehaviourScript.cs: 0bbf274f239518c006152eda55c74178 -> 
  custom:scripting/monoscript/fileName/Quad_controller.cs: f7f54a4dcd6a885b0486938ad49f3362 -> 
  custom:CustomObjectIndexerAttribute: 3ead1caaecf1c488f20bcfeb224b6af5 -> 
  custom:container-demuxer-webm: 4f35f7cbe854078d1ac9338744f61a02 -> 
  custom:container-muxer-webm: aa71ff27fc2769a1b78a27578f13a17b -> 
  custom:video-decoder-webm-vp8: 9c59270c3fd7afecdb556c50c9e8de78 -> 
  custom:SearchIndexIgnoredProperties: e643bd26f0fe6173181afceb89e7c659 -> 
  custom:AudioImporter_EditorPlatform: 3918e3fc78b5a79bad01e8451be0beb8 -> 
  custom:scripting/monoscript/fileName/CRTRenderSettingsObject.cs: 24bb0e83561f29e599898e7a5864aecc -> 
  custom:framework-osx-AVFoundation: e770b220cccbd017edd2c1fefb359320 -> 
  custom:video-encoder-webm-vp8: eb34c28f22e8b96e1ab97ce403110664 -> 
  custom:scripting/monoscript/fileName/CRTDemoBehaviour.cs: 20f57549ec3eef6393f5bf74787367c9 -> 
  custom:audio-decoder-ogg-vorbis: bf7c407c2cedff20999df2af8eb42d56 -> 
  custom:audio-encoder-webm-vorbis: bf7c407c2cedff20999df2af8eb42d56 -> 
========================================================================
Received Import Request.
  Time since last request: 1248056.120415 seconds.
  path: Assets/New Terrain.asset
  artifactKey: Guid(16eb1a3048bae4a03967210ac979874b) Importer(2089858483,0ecaa5967403d082aa24f35e1b516d23)
Start importing Assets/New Terrain.asset using Guid(16eb1a3048bae4a03967210ac979874b) Importer(2089858483,0ecaa5967403d082aa24f35e1b516d23) [PhysX] Initialized MultithreadedTaskDispatcher with 10 workers.
 -> (artifact id: 'a428766f42697c41e354b49f8f094d52') in 0.104275 seconds
Number of updated asset objects reloaded before import = 0
Number of asset objects unloaded after import = 8
========================================================================
Received Import Request.
  Time since last request: 0.000090 seconds.
  path: Assets/Art/Materials/FBX_Window.mat
  artifactKey: Guid(66463a4187782458595691df6b173718) Importer(2089858483,0ecaa5967403d082aa24f35e1b516d23)
Start importing Assets/Art/Materials/FBX_Window.mat using Guid(66463a4187782458595691df6b173718) Importer(2089858483,0ecaa5967403d082aa24f35e1b516d23) [PhysX] Initialized MultithreadedTaskDispatcher with 10 workers.
 -> (artifact id: 'c00e4a6d52e302ccb7beaf31c96be656') in 0.014983 seconds
Number of updated asset objects reloaded before import = 0
Number of asset objects unloaded after import = 2
========================================================================
Received Import Request.
  Time since last request: 0.000082 seconds.
  path: Assets/Art/Materials/FBX_Chimney.mat
  artifactKey: Guid(d13e3b5e96096461f9c00d58cd6cf6bf) Importer(2089858483,0ecaa5967403d082aa24f35e1b516d23)
Start importing Assets/Art/Materials/FBX_Chimney.mat using Guid(d13e3b5e96096461f9c00d58cd6cf6bf) Importer(2089858483,0ecaa5967403d082aa24f35e1b516d23) [PhysX] Initialized MultithreadedTaskDispatcher with 10 workers.
 -> (artifact id: '6ada37fdba40bc2cfe924371ad90f694') in 0.004796 seconds
Number of updated asset objects reloaded before import = 0
Number of asset objects unloaded after import = 2
========================================================================
Received Import Request.
  Time since last request: 0.000166 seconds.
  path: Assets/Art/FX/Texture_particle.png
  artifactKey: Guid(785290caea5cb40288dc1b01c4852e56) Importer(2089858483,0ecaa5967403d082aa24f35e1b516d23)
Start importing Assets/Art/FX/Texture_particle.png using Guid(785290caea5cb40288dc1b01c4852e56) Importer(2089858483,0ecaa5967403d082aa24f35e1b516d23) [PhysX] Initialized MultithreadedTaskDispatcher with 10 workers.
 -> (artifact id: '4a718131c71082535a0bbcb5fbc33f2c') in 0.024784 seconds
Number of updated asset objects reloaded before import = 0
Number of asset objects unloaded after import = 1
========================================================================
Received Import Request.
  Time since last request: 0.000082 seconds.
  path: Assets/prefabs/Wood Chips.prefab
  artifactKey: Guid(f5d0198ba93ab4a68b839fa233576a45) Importer(2089858483,0ecaa5967403d082aa24f35e1b516d23)
Start importing Assets/prefabs/Wood Chips.prefab using Guid(f5d0198ba93ab4a68b839fa233576a45) Importer(2089858483,0ecaa5967403d082aa24f35e1b516d23) [PhysX] Initialized MultithreadedTaskDispatcher with 10 workers.
 -> (artifact id: '1bd7d357609dc652f205d652d8a75204') in 0.009729 seconds
Number of updated asset objects reloaded before import = 0
Number of asset objects unloaded after import = 8
========================================================================
Received Import Request.
  Time since last request: 0.000048 seconds.
  path: Assets/Art/Materials/FBX_Table.mat
  artifactKey: Guid(30fcfc68b8dd84f66a90d6b7ce02fef3) Importer(2089858483,0ecaa5967403d082aa24f35e1b516d23)
Start importing Assets/Art/Materials/FBX_Table.mat using Guid(30fcfc68b8dd84f66a90d6b7ce02fef3) Importer(2089858483,0ecaa5967403d082aa24f35e1b516d23) [PhysX] Initialized MultithreadedTaskDispatcher with 10 workers.
 -> (artifact id: 'ddf8d4d3be34625687a4080e9de58ccd') in 0.004247 seconds
Number of updated asset objects reloaded before import = 0
Number of asset objects unloaded after import = 2
========================================================================
Received Import Request.
  Time since last request: 0.000170 seconds.
  path: Assets/Scripts/Global Events.cs
  artifactKey: Guid(a42f9721c89b0c04788b2823b04f54d3) Importer(2089858483,0ecaa5967403d082aa24f35e1b516d23)
Start importing Assets/Scripts/Global Events.cs using Guid(a42f9721c89b0c04788b2823b04f54d3) Importer(2089858483,0ecaa5967403d082aa24f35e1b516d23) [PhysX] Initialized MultithreadedTaskDispatcher with 10 workers.
 -> (artifact id: '2de8973dd7bb0754d6663ec7398621c7') in 0.003850 seconds
Number of updated asset objects reloaded before import = 0
Number of asset objects unloaded after import = 1
========================================================================
Received Import Request.
  Time since last request: 0.000113 seconds.
  path: Assets/Art/Shader/New Shader Graph.shadergraph
  artifactKey: Guid(f4d5ef791165d447ca37d35aab4e6356) Importer(2089858483,0ecaa5967403d082aa24f35e1b516d23)
Start importing Assets/Art/Shader/New Shader Graph.shadergraph using Guid(f4d5ef791165d447ca37d35aab4e6356) Importer(2089858483,0ecaa5967403d082aa24f35e1b516d23) [PhysX] Initialized MultithreadedTaskDispatcher with 10 workers.
 -> (artifact id: 'f74be04a0adbbdba3fe6fb49bcb137b4') in 0.012508 seconds
Number of updated asset objects reloaded before import = 0
Number of asset objects unloaded after import = 3
========================================================================
Received Import Request.
  Time since last request: 0.000069 seconds.
  path: Assets/Art/Materials/road.mat
  artifactKey: Guid(4c634613939f74b86a19554c27cdf19f) Importer(2089858483,0ecaa5967403d082aa24f35e1b516d23)
Start importing Assets/Art/Materials/road.mat using Guid(4c634613939f74b86a19554c27cdf19f) Importer(2089858483,0ecaa5967403d082aa24f35e1b516d23) [PhysX] Initialized MultithreadedTaskDispatcher with 10 workers.
 -> (artifact id: '71e66154328039548b02b059b4965752') in 0.004196 seconds
Number of updated asset objects reloaded before import = 0
Number of asset objects unloaded after import = 3
========================================================================
Received Import Request.
  Time since last request: 0.000138 seconds.
  path: Assets/Art/Materials/walls 1.mat
  artifactKey: Guid(5f49e0d829a34435fa2b6e6dd109cc25) Importer(2089858483,0ecaa5967403d082aa24f35e1b516d23)
Start importing Assets/Art/Materials/walls 1.mat using Guid(5f49e0d829a34435fa2b6e6dd109cc25) Importer(2089858483,0ecaa5967403d082aa24f35e1b516d23) [PhysX] Initialized MultithreadedTaskDispatcher with 10 workers.
 -> (artifact id: 'aa06dfe67046e7b3df299ec7400a5a94') in 0.005720 seconds
Number of updated asset objects reloaded before import = 0
Number of asset objects unloaded after import = 3
========================================================================
Received Import Request.
  Time since last request: 0.000380 seconds.
  path: Assets/Art/Materials/PLANKS_home.mat
  artifactKey: Guid(1c56ad0faf8e24201aa1c0507523f8bb) Importer(2089858483,0ecaa5967403d082aa24f35e1b516d23)
Start importing Assets/Art/Materials/PLANKS_home.mat using Guid(1c56ad0faf8e24201aa1c0507523f8bb) Importer(2089858483,0ecaa5967403d082aa24f35e1b516d23) [PhysX] Initialized MultithreadedTaskDispatcher with 10 workers.
 -> (artifact id: 'a65a1606f0591367fc99acb4565e70bd') in 0.006549 seconds
Number of updated asset objects reloaded before import = 0
Number of asset objects unloaded after import = 2
========================================================================
Received Import Request.
  Time since last request: 0.000102 seconds.
  path: Assets/Art/Materials/FBX_Ball.mat
  artifactKey: Guid(114a37dea1e9e431484377224d2b1c14) Importer(2089858483,0ecaa5967403d082aa24f35e1b516d23)
Start importing Assets/Art/Materials/FBX_Ball.mat using Guid(114a37dea1e9e431484377224d2b1c14) Importer(2089858483,0ecaa5967403d082aa24f35e1b516d23) [PhysX] Initialized MultithreadedTaskDispatcher with 10 workers.
 -> (artifact id: '8d72d0a379ce39f3164c8261348d82bc') in 0.004275 seconds
Number of updated asset objects reloaded before import = 0
Number of asset objects unloaded after import = 2
========================================================================
Received Import Request.
  Time since last request: 0.000078 seconds.
  path: Assets/Art/Shader/New Material.mat
  artifactKey: Guid(2c06a8195f46b422683e6476fe503e13) Importer(2089858483,0ecaa5967403d082aa24f35e1b516d23)
Start importing Assets/Art/Shader/New Material.mat using Guid(2c06a8195f46b422683e6476fe503e13) Importer(2089858483,0ecaa5967403d082aa24f35e1b516d23) [PhysX] Initialized MultithreadedTaskDispatcher with 10 workers.
 -> (artifact id: 'c67760ff9259f64d708dc42721b39985') in 0.004295 seconds
Number of updated asset objects reloaded before import = 0
Number of asset objects unloaded after import = 2
========================================================================
Received Import Request.
  Time since last request: 0.000059 seconds.
  path: Assets/Art/Textures/AI_symbols_brain.png
  artifactKey: Guid(7f20d9cd7c1a3441dad4c8aef0c01c39) Importer(2089858483,0ecaa5967403d082aa24f35e1b516d23)
Start importing Assets/Art/Textures/AI_symbols_brain.png using Guid(7f20d9cd7c1a3441dad4c8aef0c01c39) Importer(2089858483,0ecaa5967403d082aa24f35e1b516d23) [PhysX] Initialized MultithreadedTaskDispatcher with 10 workers.
 -> (artifact id: 'c6a4b95010799bd5ccc0f614426fcef0') in 0.005316 seconds
Number of updated asset objects reloaded before import = 0
Number of asset objects unloaded after import = 1
========================================================================
Received Import Request.
  Time since last request: 0.000072 seconds.
  path: Assets/UI/AttachQuadToCanvas.cs
  artifactKey: Guid(5c3a21c10b0d94f7c8580287dff4ee9b) Importer(2089858483,0ecaa5967403d082aa24f35e1b516d23)
Start importing Assets/UI/AttachQuadToCanvas.cs using Guid(5c3a21c10b0d94f7c8580287dff4ee9b) Importer(2089858483,0ecaa5967403d082aa24f35e1b516d23) [PhysX] Initialized MultithreadedTaskDispatcher with 10 workers.
 -> (artifact id: '9153629f19b64500a93f35d13edec07d') in 0.001895 seconds
Number of updated asset objects reloaded before import = 0
Number of asset objects unloaded after import = 1
========================================================================
Received Import Request.
  Time since last request: 0.000056 seconds.
  path: Assets/Art/Materials/FBX_Tree.mat
  artifactKey: Guid(5421dbc70c6304b5e94b8f8c1421131d) Importer(2089858483,0ecaa5967403d082aa24f35e1b516d23)
Start importing Assets/Art/Materials/FBX_Tree.mat using Guid(5421dbc70c6304b5e94b8f8c1421131d) Importer(2089858483,0ecaa5967403d082aa24f35e1b516d23) [PhysX] Initialized MultithreadedTaskDispatcher with 10 workers.
 -> (artifact id: '2708c985f3be43d1cac8e16b0e68fbe7') in 0.005641 seconds
Number of updated asset objects reloaded before import = 0
Number of asset objects unloaded after import = 3
========================================================================
Received Import Request.
  Time since last request: 0.000331 seconds.
  path: Assets/Art/Shader/OutlinesInclude.hlsl
  artifactKey: Guid(58d407c00cb024bb0aedef0976541017) Importer(2089858483,0ecaa5967403d082aa24f35e1b516d23)
Start importing Assets/Art/Shader/OutlinesInclude.hlsl using Guid(58d407c00cb024bb0aedef0976541017) Importer(2089858483,0ecaa5967403d082aa24f35e1b516d23) [PhysX] Initialized MultithreadedTaskDispatcher with 10 workers.
 -> (artifact id: '61cb34cf02e207e760578359f3bc57a5') in 0.002185 seconds
Number of updated asset objects reloaded before import = 0
Number of asset objects unloaded after import = 1
========================================================================
Received Import Request.
  Time since last request: 0.000067 seconds.
  path: Assets/Art/Grass/IL3DN_Plant_Grass_02.fbx
  artifactKey: Guid(c54ee1ee3685b4abcbb4bc8acea21314) Importer(2089858483,0ecaa5967403d082aa24f35e1b516d23)
Start importing Assets/Art/Grass/IL3DN_Plant_Grass_02.fbx using Guid(c54ee1ee3685b4abcbb4bc8acea21314) Importer(2089858483,0ecaa5967403d082aa24f35e1b516d23) [PhysX] Initialized MultithreadedTaskDispatcher with 10 workers.
 -> (artifact id: '06ba9be280cfa5d84fa1d773bee0bb71') in 0.018827 seconds
Number of updated asset objects reloaded before import = 0
Number of asset objects unloaded after import = 20
========================================================================
Received Import Request.
  Time since last request: 0.000117 seconds.
  path: Assets/Art/Shader/Lit Cartoon.shadergraph
  artifactKey: Guid(55e38c833184643cb9ce555cf3c5e83e) Importer(2089858483,0ecaa5967403d082aa24f35e1b516d23)
Start importing Assets/Art/Shader/Lit Cartoon.shadergraph using Guid(55e38c833184643cb9ce555cf3c5e83e) Importer(2089858483,0ecaa5967403d082aa24f35e1b516d23) [PhysX] Initialized MultithreadedTaskDispatcher with 10 workers.
 -> (artifact id: '3d3ef505261743553c2cae2878c93de4') in 0.004074 seconds
Number of updated asset objects reloaded before import = 0
Number of asset objects unloaded after import = 3
========================================================================
Received Import Request.
  Time since last request: 0.000068 seconds.
  path: Assets/Art/FX/Particle.mat
  artifactKey: Guid(b4e829592e66c436aac87a435d0380e9) Importer(2089858483,0ecaa5967403d082aa24f35e1b516d23)
Start importing Assets/Art/FX/Particle.mat using Guid(b4e829592e66c436aac87a435d0380e9) Importer(2089858483,0ecaa5967403d082aa24f35e1b516d23) [PhysX] Initialized MultithreadedTaskDispatcher with 10 workers.
 -> (artifact id: 'adfcc47af61e166df36225792171889a') in 0.002841 seconds
Number of updated asset objects reloaded before import = 0
Number of asset objects unloaded after import = 2
========================================================================
Received Import Request.
  Time since last request: 0.000067 seconds.
  path: Assets/UniversalRenderPipelineGlobalSettings.asset
  artifactKey: Guid(1a81a33a4cc184eabb1a8f65fe135d87) Importer(2089858483,0ecaa5967403d082aa24f35e1b516d23)
Start importing Assets/UniversalRenderPipelineGlobalSettings.asset using Guid(1a81a33a4cc184eabb1a8f65fe135d87) Importer(2089858483,0ecaa5967403d082aa24f35e1b516d23) [PhysX] Initialized MultithreadedTaskDispatcher with 10 workers.
 -> (artifact id: 'f453fcf6940a3a8753d726ef8811bf1e') in 0.007320 seconds
Number of updated asset objects reloaded before import = 0
Number of asset objects unloaded after import = 1
========================================================================
Received Import Request.
  Time since last request: 0.000092 seconds.
  path: Assets/prefabs/fire_light.prefab
  artifactKey: Guid(f08e41cc35d844153b5e34977670ed23) Importer(2089858483,0ecaa5967403d082aa24f35e1b516d23)
Start importing Assets/prefabs/fire_light.prefab using Guid(f08e41cc35d844153b5e34977670ed23) Importer(2089858483,0ecaa5967403d082aa24f35e1b516d23) [PhysX] Initialized MultithreadedTaskDispatcher with 10 workers.
 -> (artifact id: 'ad9fbcc09c46825785572eb1c505dab5') in 0.002020 seconds
Number of updated asset objects reloaded before import = 0
Number of asset objects unloaded after import = 8
========================================================================
Received Import Request.
  Time since last request: 0.000093 seconds.
  path: Assets/Art/Materials/PLANKS.mat
  artifactKey: Guid(bca07ffb573844d778382c6c4959a6c2) Importer(2089858483,0ecaa5967403d082aa24f35e1b516d23)
Start importing Assets/Art/Materials/PLANKS.mat using Guid(bca07ffb573844d778382c6c4959a6c2) Importer(2089858483,0ecaa5967403d082aa24f35e1b516d23) [PhysX] Initialized MultithreadedTaskDispatcher with 10 workers.
 -> (artifact id: '24432b782190c0dec077e44e451e18f4') in 0.004037 seconds
Number of updated asset objects reloaded before import = 0
Number of asset objects unloaded after import = 3
========================================================================
Received Import Request.
  Time since last request: 0.000091 seconds.
  path: Assets/Art/Materials/insidewalls 2.mat
  artifactKey: Guid(ee19d751f0ef747bfab73b686f55118f) Importer(2089858483,0ecaa5967403d082aa24f35e1b516d23)
Start importing Assets/Art/Materials/insidewalls 2.mat using Guid(ee19d751f0ef747bfab73b686f55118f) Importer(2089858483,0ecaa5967403d082aa24f35e1b516d23) [PhysX] Initialized MultithreadedTaskDispatcher with 10 workers.
 -> (artifact id: '4e9044135dbc49f4d09b75372e1c8b1b') in 0.002920 seconds
Number of updated asset objects reloaded before import = 0
Number of asset objects unloaded after import = 2
========================================================================
Received Import Request.
  Time since last request: 0.000103 seconds.
  path: Assets/Art/Materials/ROOF.mat
  artifactKey: Guid(143f218d456704865954c55a856702b7) Importer(2089858483,0ecaa5967403d082aa24f35e1b516d23)
Start importing Assets/Art/Materials/ROOF.mat using Guid(143f218d456704865954c55a856702b7) Importer(2089858483,0ecaa5967403d082aa24f35e1b516d23) [PhysX] Initialized MultithreadedTaskDispatcher with 10 workers.
 -> (artifact id: '45c0d8cc81f2e7f5aa2565afd1173d35') in 0.005384 seconds
Number of updated asset objects reloaded before import = 0
Number of asset objects unloaded after import = 4
========================================================================
Received Import Request.
  Time since last request: 0.000077 seconds.
  path: Assets/Art/Materials/Clouds_layer_2.mat
  artifactKey: Guid(bf057a4f318a94ac1919b27400c3683b) Importer(2089858483,0ecaa5967403d082aa24f35e1b516d23)
Start importing Assets/Art/Materials/Clouds_layer_2.mat using Guid(bf057a4f318a94ac1919b27400c3683b) Importer(2089858483,0ecaa5967403d082aa24f35e1b516d23) [PhysX] Initialized MultithreadedTaskDispatcher with 10 workers.
 -> (artifact id: '4ec2b1d76731ff25b994ce7e0355f3a7') in 0.003032 seconds
Number of updated asset objects reloaded before import = 0
Number of asset objects unloaded after import = 2
========================================================================
Received Import Request.
  Time since last request: 0.000186 seconds.
  path: Assets/prefabs/Destructable plank.prefab
  artifactKey: Guid(669b3498fd346a84ba79ce7e4f9e5a05) Importer(2089858483,0ecaa5967403d082aa24f35e1b516d23)
Start importing Assets/prefabs/Destructable plank.prefab using Guid(669b3498fd346a84ba79ce7e4f9e5a05) Importer(2089858483,0ecaa5967403d082aa24f35e1b516d23) [PhysX] Initialized MultithreadedTaskDispatcher with 10 workers.
 -> (artifact id: '338265d311eb3deed326d2a5a70dc5a0') in 0.006082 seconds
Number of updated asset objects reloaded before import = 0
Number of asset objects unloaded after import = 12
========================================================================
Received Import Request.
  Time since last request: 0.000359 seconds.
  path: Assets/prefabs/back_house.prefab
  artifactKey: Guid(08754e5792f4c4451ba82f5f81c07a9a) Importer(2089858483,0ecaa5967403d082aa24f35e1b516d23)
Start importing Assets/prefabs/back_house.prefab using Guid(08754e5792f4c4451ba82f5f81c07a9a) Importer(2089858483,0ecaa5967403d082aa24f35e1b516d23) [PhysX] Initialized MultithreadedTaskDispatcher with 10 workers.
 -> (artifact id: '44aef9a50c3ccd9cf78c91af5465c185') in 0.003788 seconds
Number of updated asset objects reloaded before import = 0
Number of asset objects unloaded after import = 33
========================================================================
Received Import Request.
  Time since last request: 0.000037 seconds.
  path: Assets/Art/Materials/FBX_bush.mat
  artifactKey: Guid(b783028b1135c467db087c80b1bdd813) Importer(2089858483,0ecaa5967403d082aa24f35e1b516d23)
Start importing Assets/Art/Materials/FBX_bush.mat using Guid(b783028b1135c467db087c80b1bdd813) Importer(2089858483,0ecaa5967403d082aa24f35e1b516d23) [PhysX] Initialized MultithreadedTaskDispatcher with 10 workers.
 -> (artifact id: '73daa3f1359bfc700a1d3563467e9e12') in 0.004302 seconds
Number of updated asset objects reloaded before import = 0
Number of asset objects unloaded after import = 2
========================================================================
Received Import Request.
  Time since last request: 0.000089 seconds.
  path: Assets/Art/Materials/FBX_TRASHCAN.mat
  artifactKey: Guid(297adf81d1bb740198f44351360bd23d) Importer(2089858483,0ecaa5967403d082aa24f35e1b516d23)
Start importing Assets/Art/Materials/FBX_TRASHCAN.mat using Guid(297adf81d1bb740198f44351360bd23d) Importer(2089858483,0ecaa5967403d082aa24f35e1b516d23) [PhysX] Initialized MultithreadedTaskDispatcher with 10 workers.
 -> (artifact id: '041439d2fc28875fe3d9c3fcc1a3df84') in 0.008703 seconds
Number of updated asset objects reloaded before import = 0
Number of asset objects unloaded after import = 2
========================================================================
Received Import Request.
  Time since last request: 0.000074 seconds.
  path: Assets/Art/Materials/ball.mat
  artifactKey: Guid(02070cc19e2984c5b92f0f0735b1e19d) Importer(2089858483,0ecaa5967403d082aa24f35e1b516d23)
Start importing Assets/Art/Materials/ball.mat using Guid(02070cc19e2984c5b92f0f0735b1e19d) Importer(2089858483,0ecaa5967403d082aa24f35e1b516d23) [PhysX] Initialized MultithreadedTaskDispatcher with 10 workers.
 -> (artifact id: 'a8d686d64c84c1528a7b63274d7b7854') in 0.002594 seconds
Number of updated asset objects reloaded before import = 0
Number of asset objects unloaded after import = 2
========================================================================
Received Import Request.
  Time since last request: 0.000132 seconds.
  path: Assets/UI/Options.prefab
  artifactKey: Guid(023de43a3fce06746b44833226383986) Importer(2089858483,0ecaa5967403d082aa24f35e1b516d23)
Start importing Assets/UI/Options.prefab using Guid(023de43a3fce06746b44833226383986) Importer(2089858483,0ecaa5967403d082aa24f35e1b516d23) [PhysX] Initialized MultithreadedTaskDispatcher with 10 workers.
 -> (artifact id: 'dad9f48f685e80bf81fc52013d6f4d58') in 0.032179 seconds
Number of updated asset objects reloaded before import = 0
Number of asset objects unloaded after import = 124
========================================================================
Received Import Request.
  Time since last request: 0.000042 seconds.
  path: Assets/Art/Shader/CustomLighting.hlsl
  artifactKey: Guid(5c09ec492074d214fbe1a19781ad15e8) Importer(2089858483,0ecaa5967403d082aa24f35e1b516d23)
Start importing Assets/Art/Shader/CustomLighting.hlsl using Guid(5c09ec492074d214fbe1a19781ad15e8) Importer(2089858483,0ecaa5967403d082aa24f35e1b516d23) [PhysX] Initialized MultithreadedTaskDispatcher with 10 workers.
 -> (artifact id: '1fd57e01c45105db29a508cf98656191') in 0.001778 seconds
Number of updated asset objects reloaded before import = 0
Number of asset objects unloaded after import = 1
========================================================================
Received Import Request.
  Time since last request: 0.000078 seconds.
  path: Assets/Art/Grass/IL3DN_Grass_02.psd
  artifactKey: Guid(2038a37a87e1eff4fa5efd69c9d1312e) Importer(2089858483,0ecaa5967403d082aa24f35e1b516d23)
Start importing Assets/Art/Grass/IL3DN_Grass_02.psd using Guid(2038a37a87e1eff4fa5efd69c9d1312e) Importer(2089858483,0ecaa5967403d082aa24f35e1b516d23) [PhysX] Initialized MultithreadedTaskDispatcher with 10 workers.
 -> (artifact id: 'b6787d46d64ff87fac377165dd95c55f') in 0.006333 seconds
Number of updated asset objects reloaded before import = 0
Number of asset objects unloaded after import = 1
========================================================================
Received Import Request.
  Time since last request: 0.000111 seconds.
  path: Assets/Art/Shader/DecodeDepthNormals.hlsl
  artifactKey: Guid(1af5810b1590949e0a016d6cdeefe87f) Importer(2089858483,0ecaa5967403d082aa24f35e1b516d23)
Start importing Assets/Art/Shader/DecodeDepthNormals.hlsl using Guid(1af5810b1590949e0a016d6cdeefe87f) Importer(2089858483,0ecaa5967403d082aa24f35e1b516d23) [PhysX] Initialized MultithreadedTaskDispatcher with 10 workers.
 -> (artifact id: '13ac7bbf9326ebbf58d2fcbdea8f0194') in 0.001458 seconds
Number of updated asset objects reloaded before import = 0
Number of asset objects unloaded after import = 1
========================================================================
Received Import Request.
  Time since last request: 0.000125 seconds.
  path: Assets/Art/Shader/New Universal Render Pipeline Asset.asset
  artifactKey: Guid(8f731740a03c44fe1b58016a8e8c2c16) Importer(2089858483,0ecaa5967403d082aa24f35e1b516d23)
Start importing Assets/Art/Shader/New Universal Render Pipeline Asset.asset using Guid(8f731740a03c44fe1b58016a8e8c2c16) Importer(2089858483,0ecaa5967403d082aa24f35e1b516d23) [PhysX] Initialized MultithreadedTaskDispatcher with 10 workers.
 -> (artifact id: '73789bd6277c0c1bbd47147839d2bc58') in 0.012416 seconds
Number of updated asset objects reloaded before import = 0
Number of asset objects unloaded after import = 1
========================================================================
Received Import Request.
  Time since last request: 0.000085 seconds.
  path: Assets/Art/Materials/rock.mat
  artifactKey: Guid(da3919fa5e7c944eda97083c8841b5b8) Importer(2089858483,0ecaa5967403d082aa24f35e1b516d23)
Start importing Assets/Art/Materials/rock.mat using Guid(da3919fa5e7c944eda97083c8841b5b8) Importer(2089858483,0ecaa5967403d082aa24f35e1b516d23) [PhysX] Initialized MultithreadedTaskDispatcher with 10 workers.
 -> (artifact id: 'c476cc3826fa6777781f436b4224befd') in 0.002690 seconds
Number of updated asset objects reloaded before import = 0
Number of asset objects unloaded after import = 2
========================================================================
Received Import Request.
  Time since last request: 0.000082 seconds.
  path: Assets/Art/Materials/METAL_MATT_2.mat
  artifactKey: Guid(642620eeddab640d9bc0f1565b3370b2) Importer(2089858483,0ecaa5967403d082aa24f35e1b516d23)
Start importing Assets/Art/Materials/METAL_MATT_2.mat using Guid(642620eeddab640d9bc0f1565b3370b2) Importer(2089858483,0ecaa5967403d082aa24f35e1b516d23) [PhysX] Initialized MultithreadedTaskDispatcher with 10 workers.
 -> (artifact id: '44c0f8dc289c29391347d7113b9ae228') in 0.005028 seconds
Number of updated asset objects reloaded before import = 0
Number of asset objects unloaded after import = 3
========================================================================
Received Import Request.
  Time since last request: 0.000043 seconds.
  path: Assets/Art/Materials/Texture_wallpaper.mat
  artifactKey: Guid(6089c57bff27245f89322e70b89e421d) Importer(2089858483,0ecaa5967403d082aa24f35e1b516d23)
Start importing Assets/Art/Materials/Texture_wallpaper.mat using Guid(6089c57bff27245f89322e70b89e421d) Importer(2089858483,0ecaa5967403d082aa24f35e1b516d23) [PhysX] Initialized MultithreadedTaskDispatcher with 10 workers.
 -> (artifact id: 'f0a3d3a815806664192119fec4854cfe') in 0.004485 seconds
Number of updated asset objects reloaded before import = 0
Number of asset objects unloaded after import = 2
========================================================================
Received Import Request.
  Time since last request: 0.000102 seconds.
  path: Assets/Art/Materials/Background.mat
  artifactKey: Guid(83da6125648af40abadd65278638cb18) Importer(2089858483,0ecaa5967403d082aa24f35e1b516d23)
Start importing Assets/Art/Materials/Background.mat using Guid(83da6125648af40abadd65278638cb18) Importer(2089858483,0ecaa5967403d082aa24f35e1b516d23) [PhysX] Initialized MultithreadedTaskDispatcher with 10 workers.
 -> (artifact id: 'b839b5519f238187a8d4b3b733957e7c') in 0.005935 seconds
Number of updated asset objects reloaded before import = 0
Number of asset objects unloaded after import = 2
========================================================================
Received Import Request.
  Time since last request: 0.000074 seconds.
  path: Assets/Art/Materials/AI_symbols_easterEgg.mat
  artifactKey: Guid(35d8bdc45d22a434285017adce35d188) Importer(2089858483,0ecaa5967403d082aa24f35e1b516d23)
Start importing Assets/Art/Materials/AI_symbols_easterEgg.mat using Guid(35d8bdc45d22a434285017adce35d188) Importer(2089858483,0ecaa5967403d082aa24f35e1b516d23) [PhysX] Initialized MultithreadedTaskDispatcher with 10 workers.
 -> (artifact id: 'e585e1f80c8c765cc447815556644e2f') in 0.002064 seconds
Number of updated asset objects reloaded before import = 0
Number of asset objects unloaded after import = 1
========================================================================
Received Import Request.
  Time since last request: 0.000092 seconds.
  path: Assets/Art/Materials/FBX_PhotoFrame.mat
  artifactKey: Guid(531fefc35af23408fbee8f8d6c2e5b51) Importer(2089858483,0ecaa5967403d082aa24f35e1b516d23)
Start importing Assets/Art/Materials/FBX_PhotoFrame.mat using Guid(531fefc35af23408fbee8f8d6c2e5b51) Importer(2089858483,0ecaa5967403d082aa24f35e1b516d23) [PhysX] Initialized MultithreadedTaskDispatcher with 10 workers.
 -> (artifact id: 'e7daa045865348e74f54abc5d712955d') in 0.005795 seconds
Number of updated asset objects reloaded before import = 0
Number of asset objects unloaded after import = 3
========================================================================
Received Import Request.
  Time since last request: 0.000096 seconds.
  path: Assets/UI/OptionsScreen.cs
  artifactKey: Guid(85388a204ce2936409b76faf4df56830) Importer(2089858483,0ecaa5967403d082aa24f35e1b516d23)
Start importing Assets/UI/OptionsScreen.cs using Guid(85388a204ce2936409b76faf4df56830) Importer(2089858483,0ecaa5967403d082aa24f35e1b516d23) [PhysX] Initialized MultithreadedTaskDispatcher with 10 workers.
 -> (artifact id: '238715fe2e23ab679c42ce77b14ad802') in 0.001498 seconds
Number of updated asset objects reloaded before import = 0
Number of asset objects unloaded after import = 1
========================================================================
Received Import Request.
  Time since last request: 0.000092 seconds.
  path: Assets/Art/Materials/FBX_Door.mat
  artifactKey: Guid(11adfb2cfa1ed4cc1ac48a7ce71393ca) Importer(2089858483,0ecaa5967403d082aa24f35e1b516d23)
Start importing Assets/Art/Materials/FBX_Door.mat using Guid(11adfb2cfa1ed4cc1ac48a7ce71393ca) Importer(2089858483,0ecaa5967403d082aa24f35e1b516d23) [PhysX] Initialized MultithreadedTaskDispatcher with 10 workers.
 -> (artifact id: '1c1b87af158d1e4a8df5076b772c28b4') in 0.002202 seconds
Number of updated asset objects reloaded before import = 0
Number of asset objects unloaded after import = 2
========================================================================
Received Import Request.
  Time since last request: 0.000064 seconds.
  path: Assets/Art/Grass/Grass.mat
  artifactKey: Guid(20bd7e9c80c3448ecaed0f1a8fdb99e6) Importer(2089858483,0ecaa5967403d082aa24f35e1b516d23)
Start importing Assets/Art/Grass/Grass.mat using Guid(20bd7e9c80c3448ecaed0f1a8fdb99e6) Importer(2089858483,0ecaa5967403d082aa24f35e1b516d23) [PhysX] Initialized MultithreadedTaskDispatcher with 10 workers.
 -> (artifact id: 'ff840d44f88f2441d65776c36aee8c85') in 0.002339 seconds
Number of updated asset objects reloaded before import = 0
Number of asset objects unloaded after import = 2
========================================================================
Received Import Request.
  Time since last request: 0.000076 seconds.
  path: Assets/Art/Materials/Tree_house.mat
  artifactKey: Guid(093f73abd045b425c8f484105714b449) Importer(2089858483,0ecaa5967403d082aa24f35e1b516d23)
Start importing Assets/Art/Materials/Tree_house.mat using Guid(093f73abd045b425c8f484105714b449) Importer(2089858483,0ecaa5967403d082aa24f35e1b516d23) [PhysX] Initialized MultithreadedTaskDispatcher with 10 workers.
 -> (artifact id: '0731a89a3b94a48ddf5ac3d98d95aaf3') in 0.003361 seconds
Number of updated asset objects reloaded before import = 0
Number of asset objects unloaded after import = 2
========================================================================
Received Import Request.
  Time since last request: 0.000073 seconds.
  path: Assets/Art/Materials/insidewalls.mat
  artifactKey: Guid(9c1cb5dbe5384491b884058f5e554a40) Importer(2089858483,0ecaa5967403d082aa24f35e1b516d23)
Start importing Assets/Art/Materials/insidewalls.mat using Guid(9c1cb5dbe5384491b884058f5e554a40) Importer(2089858483,0ecaa5967403d082aa24f35e1b516d23) [PhysX] Initialized MultithreadedTaskDispatcher with 10 workers.
 -> (artifact id: 'c49534e838cbe1054ec047c5d8bf0103') in 0.004644 seconds
Number of updated asset objects reloaded before import = 0
Number of asset objects unloaded after import = 2
========================================================================
Received Import Request.
  Time since last request: 0.000084 seconds.
  path: Assets/Art/Shader/clouds.shadergraph
  artifactKey: Guid(9651f088f382e4f89abd81f325e024a8) Importer(2089858483,0ecaa5967403d082aa24f35e1b516d23)
Start importing Assets/Art/Shader/clouds.shadergraph using Guid(9651f088f382e4f89abd81f325e024a8) Importer(2089858483,0ecaa5967403d082aa24f35e1b516d23) [PhysX] Initialized MultithreadedTaskDispatcher with 10 workers.
 -> (artifact id: 'ba23898212e19fd5f20919431b11cdaa') in 0.003052 seconds
Number of updated asset objects reloaded before import = 0
Number of asset objects unloaded after import = 3
========================================================================
Received Import Request.
  Time since last request: 0.000098 seconds.
  path: Assets/Scripts/Interactable.cs
  artifactKey: Guid(250e2690c01f4aa438b12cadee525df9) Importer(2089858483,0ecaa5967403d082aa24f35e1b516d23)
Start importing Assets/Scripts/Interactable.cs using Guid(250e2690c01f4aa438b12cadee525df9) Importer(2089858483,0ecaa5967403d082aa24f35e1b516d23) [PhysX] Initialized MultithreadedTaskDispatcher with 10 workers.
 -> (artifact id: 'c5952153cf2dfacf52169cb3c6f92d90') in 0.001781 seconds
Number of updated asset objects reloaded before import = 0
Number of asset objects unloaded after import = 1
========================================================================
Received Import Request.
  Time since last request: 0.000074 seconds.
  path: Assets/Art/Materials/FENCE BALCONY.mat
  artifactKey: Guid(eda6aa1a5f2f64ff4b42d2a825417c39) Importer(2089858483,0ecaa5967403d082aa24f35e1b516d23)
Start importing Assets/Art/Materials/FENCE BALCONY.mat using Guid(eda6aa1a5f2f64ff4b42d2a825417c39) Importer(2089858483,0ecaa5967403d082aa24f35e1b516d23) [PhysX] Initialized MultithreadedTaskDispatcher with 10 workers.
 -> (artifact id: 'd9886b767fbca013e4f2280feedc41bd') in 0.004094 seconds
Number of updated asset objects reloaded before import = 0
Number of asset objects unloaded after import = 3
========================================================================
Received Import Request.
  Time since last request: 0.000105 seconds.
  path: Assets/Scripts/Ledge.cs
  artifactKey: Guid(f54de25c2e3a7d34489ea0504a9b2d87) Importer(2089858483,0ecaa5967403d082aa24f35e1b516d23)
Start importing Assets/Scripts/Ledge.cs using Guid(f54de25c2e3a7d34489ea0504a9b2d87) Importer(2089858483,0ecaa5967403d082aa24f35e1b516d23) [PhysX] Initialized MultithreadedTaskDispatcher with 10 workers.
 -> (artifact id: '877ae69dade93f8a27b2c8b4d0722542') in 0.002416 seconds
Number of updated asset objects reloaded before import = 0
Number of asset objects unloaded after import = 1
========================================================================
Received Import Request.
  Time since last request: 0.000066 seconds.
  path: Assets/Art/FX/VFX_Smoke.prefab
  artifactKey: Guid(fbd7f99bda91941f3a23c2e1078d518f) Importer(2089858483,0ecaa5967403d082aa24f35e1b516d23)
Start importing Assets/Art/FX/VFX_Smoke.prefab using Guid(fbd7f99bda91941f3a23c2e1078d518f) Importer(2089858483,0ecaa5967403d082aa24f35e1b516d23) [PhysX] Initialized MultithreadedTaskDispatcher with 10 workers.
 -> (artifact id: 'ef9a817218f7ed14d23efa527cfac8da') in 0.004041 seconds
Number of updated asset objects reloaded before import = 0
Number of asset objects unloaded after import = 8
========================================================================
Received Import Request.
  Time since last request: 0.000247 seconds.
  path: Assets/Scenes/Tutorial.unity
  artifactKey: Guid(8c5c19846697b44afb1d84f89df3ca76) Importer(2089858483,0ecaa5967403d082aa24f35e1b516d23)
Start importing Assets/Scenes/Tutorial.unity using Guid(8c5c19846697b44afb1d84f89df3ca76) Importer(2089858483,0ecaa5967403d082aa24f35e1b516d23) [PhysX] Initialized MultithreadedTaskDispatcher with 10 workers.
 -> (artifact id: '1ae1ad6733f56d60a4738fdd7cfdb89b') in 0.001331 seconds
Number of updated asset objects reloaded before import = 0
Number of asset objects unloaded after import = 1
========================================================================
Received Import Request.
  Time since last request: 0.000087 seconds.
  path: Assets/Art/Materials/AI_symbols_brain.mat
  artifactKey: Guid(4e345ded7ab67424a8ab67e93c6a758a) Importer(2089858483,0ecaa5967403d082aa24f35e1b516d23)
Start importing Assets/Art/Materials/AI_symbols_brain.mat using Guid(4e345ded7ab67424a8ab67e93c6a758a) Importer(2089858483,0ecaa5967403d082aa24f35e1b516d23) [PhysX] Initialized MultithreadedTaskDispatcher with 10 workers.
 -> (artifact id: 'ef3bb7412469aabb4c2eec3e1e31f647') in 0.002434 seconds
Number of updated asset objects reloaded before import = 0
Number of asset objects unloaded after import = 1
========================================================================
Received Import Request.
  Time since last request: 0.000044 seconds.
  path: Assets/Art/Shader/DepthNormalsFeature.cs
  artifactKey: Guid(b3db3565dc3754d25a85095fbd79b913) Importer(2089858483,0ecaa5967403d082aa24f35e1b516d23)
Start importing Assets/Art/Shader/DepthNormalsFeature.cs using Guid(b3db3565dc3754d25a85095fbd79b913) Importer(2089858483,0ecaa5967403d082aa24f35e1b516d23) [PhysX] Initialized MultithreadedTaskDispatcher with 10 workers.
 -> (artifact id: '6122c5f4a386e97645d5577c8771aa74') in 0.002314 seconds
Number of updated asset objects reloaded before import = 0
Number of asset objects unloaded after import = 1
========================================================================
Received Import Request.
  Time since last request: 0.000088 seconds.
  path: Assets/Art/Materials/FBX_Cabinet_for_shoes.mat
  artifactKey: Guid(21248b2b42b7f49b495b0972fcda94ad) Importer(2089858483,0ecaa5967403d082aa24f35e1b516d23)
Start importing Assets/Art/Materials/FBX_Cabinet_for_shoes.mat using Guid(21248b2b42b7f49b495b0972fcda94ad) Importer(2089858483,0ecaa5967403d082aa24f35e1b516d23) [PhysX] Initialized MultithreadedTaskDispatcher with 10 workers.
 -> (artifact id: 'fdc2a999048ad1e415d9de999a348139') in 0.005399 seconds
Number of updated asset objects reloaded before import = 0
Number of asset objects unloaded after import = 2
========================================================================
Received Import Request.
  Time since last request: 0.000056 seconds.
  path: Assets/UI/Start.prefab
  artifactKey: Guid(95fa02d00b4674f1399308620c384225) Importer(2089858483,0ecaa5967403d082aa24f35e1b516d23)
Start importing Assets/UI/Start.prefab using Guid(95fa02d00b4674f1399308620c384225) Importer(2089858483,0ecaa5967403d082aa24f35e1b516d23) [PhysX] Initialized MultithreadedTaskDispatcher with 10 workers.
 -> (artifact id: '892fe90384ac46cc8c6c64000b026f2b') in 0.024545 seconds
Number of updated asset objects reloaded before import = 0
Number of asset objects unloaded after import = 21
========================================================================
Received Import Request.
  Time since last request: 0.000110 seconds.
  path: Assets/Art/Materials/Clouds_Layer_3.mat
  artifactKey: Guid(4df2b2957373c4d0da87a5e1c6483066) Importer(2089858483,0ecaa5967403d082aa24f35e1b516d23)
Start importing Assets/Art/Materials/Clouds_Layer_3.mat using Guid(4df2b2957373c4d0da87a5e1c6483066) Importer(2089858483,0ecaa5967403d082aa24f35e1b516d23) [PhysX] Initialized MultithreadedTaskDispatcher with 10 workers.
 -> (artifact id: '9a9ff551c304b194d8822ccdae8e98fd') in 0.003563 seconds
Number of updated asset objects reloaded before import = 0
Number of asset objects unloaded after import = 2
========================================================================
Received Import Request.
  Time since last request: 0.000124 seconds.
  path: Assets/Things/New Animator Controller.controller
  artifactKey: Guid(7737960c2a93169438ae4eb28d418c47) Importer(2089858483,0ecaa5967403d082aa24f35e1b516d23)
Start importing Assets/Things/New Animator Controller.controller using Guid(7737960c2a93169438ae4eb28d418c47) Importer(2089858483,0ecaa5967403d082aa24f35e1b516d23) [PhysX] Initialized MultithreadedTaskDispatcher with 10 workers.
 -> (artifact id: '0c1a18b7ebc4eb4b66c2c8972c2717e9') in 0.009498 seconds
Number of updated asset objects reloaded before import = 0
Number of asset objects unloaded after import = 24
========================================================================
Received Import Request.
  Time since last request: 2.949908 seconds.
  path: Assets/Art/Textures/AI_symbols_easterEgg.png
  artifactKey: Guid(c2e28dae5eefb42b0a49932155bb19fe) Importer(2089858483,0ecaa5967403d082aa24f35e1b516d23)
Start importing Assets/Art/Textures/AI_symbols_easterEgg.png using Guid(c2e28dae5eefb42b0a49932155bb19fe) Importer(2089858483,0ecaa5967403d082aa24f35e1b516d23) [PhysX] Initialized MultithreadedTaskDispatcher with 10 workers.
 -> (artifact id: '2a9cd09d60a5920f6c3e0f83ccf7b6a5') in 0.008066 seconds
Number of updated asset objects reloaded before import = 0
Number of asset objects unloaded after import = 1
========================================================================
Received Import Request.
  Time since last request: 0.000088 seconds.
  path: Assets/TextMesh Pro/Resources/LineBreaking Leading Characters.txt
  artifactKey: Guid(d82c1b31c7e74239bff1220585707d2b) Importer(2089858483,0ecaa5967403d082aa24f35e1b516d23)
Start importing Assets/TextMesh Pro/Resources/LineBreaking Leading Characters.txt using Guid(d82c1b31c7e74239bff1220585707d2b) Importer(2089858483,0ecaa5967403d082aa24f35e1b516d23) [PhysX] Initialized MultithreadedTaskDispatcher with 10 workers.
 -> (artifact id: '865872ec1027eb35ab9f08b808b11e9a') in 0.003212 seconds
Number of updated asset objects reloaded before import = 0
Number of asset objects unloaded after import = 1
========================================================================
Received Import Request.
  Time since last request: 0.000076 seconds.
  path: Assets/Art/Textures/Texture_clouds_third.png
  artifactKey: Guid(e65e96822c8cc487dbea947b71c8160f) Importer(2089858483,0ecaa5967403d082aa24f35e1b516d23)
Start importing Assets/Art/Textures/Texture_clouds_third.png using Guid(e65e96822c8cc487dbea947b71c8160f) Importer(2089858483,0ecaa5967403d082aa24f35e1b516d23) [PhysX] Initialized MultithreadedTaskDispatcher with 10 workers.
 -> (artifact id: 'badb55d75df79ed2c9d6caa78615aec9') in 0.008038 seconds
Number of updated asset objects reloaded before import = 0
Number of asset objects unloaded after import = 1
========================================================================
Received Import Request.
  Time since last request: 0.000152 seconds.
  path: Assets/Plugins/FMOD/platform_ios.mm
  artifactKey: Guid(fc7eb3c9194584004bdf04921e5cb057) Importer(2089858483,0ecaa5967403d082aa24f35e1b516d23)
Start importing Assets/Plugins/FMOD/platform_ios.mm using Guid(fc7eb3c9194584004bdf04921e5cb057) Importer(2089858483,0ecaa5967403d082aa24f35e1b516d23) [PhysX] Initialized MultithreadedTaskDispatcher with 10 workers.
 -> (artifact id: '49b97ade9e7a40deb15ea1981021a1ef') in 0.003461 seconds
Number of updated asset objects reloaded before import = 0
Number of asset objects unloaded after import = 1
========================================================================
Received Import Request.
  Time since last request: 0.000102 seconds.
  path: Assets/Art/Wojtek nowe modele/Siekierka.fbx
  artifactKey: Guid(9882955db605e6a46855ff835706c4ea) Importer(2089858483,0ecaa5967403d082aa24f35e1b516d23)
Start importing Assets/Art/Wojtek nowe modele/Siekierka.fbx using Guid(9882955db605e6a46855ff835706c4ea) Importer(2089858483,0ecaa5967403d082aa24f35e1b516d23) [PhysX] Initialized MultithreadedTaskDispatcher with 10 workers.
 -> (artifact id: 'e96d0088df80069969520c8845e11e1d') in 0.012707 seconds
Number of updated asset objects reloaded before import = 0
Number of asset objects unloaded after import = 8
========================================================================
Received Import Request.
  Time since last request: 0.000113 seconds.
  path: Assets/Art/Textures/Texture_clouds_second.png
  artifactKey: Guid(3a3c8bdb0c8664334b112714ed601582) Importer(2089858483,0ecaa5967403d082aa24f35e1b516d23)
Start importing Assets/Art/Textures/Texture_clouds_second.png using Guid(3a3c8bdb0c8664334b112714ed601582) Importer(2089858483,0ecaa5967403d082aa24f35e1b516d23) [PhysX] Initialized MultithreadedTaskDispatcher with 10 workers.
 -> (artifact id: '060d71365a3cbccde94a9581d8b16e41') in 0.006221 seconds
Number of updated asset objects reloaded before import = 0
Number of asset objects unloaded after import = 1
========================================================================
Received Import Request.
  Time since last request: 0.000148 seconds.
  path: Assets/Art/models/FBX_Lamp_main.fbx
  artifactKey: Guid(f2d3a90c649f94ff097ee764b08badb3) Importer(2089858483,0ecaa5967403d082aa24f35e1b516d23)
Start importing Assets/Art/models/FBX_Lamp_main.fbx using Guid(f2d3a90c649f94ff097ee764b08badb3) Importer(2089858483,0ecaa5967403d082aa24f35e1b516d23) [PhysX] Initialized MultithreadedTaskDispatcher with 10 workers.
 -> (artifact id: 'b12cb5dc6e173dacdf7ec252183b5f13') in 0.008065 seconds
Number of updated asset objects reloaded before import = 0
Number of asset objects unloaded after import = 7
========================================================================
Received Import Request.
  Time since last request: 0.000060 seconds.
  path: Assets/Art/Textures/Dialog_image_wife.png
  artifactKey: Guid(e6fcf3b138970480d8967a4234ec5fa4) Importer(2089858483,0ecaa5967403d082aa24f35e1b516d23)
Start importing Assets/Art/Textures/Dialog_image_wife.png using Guid(e6fcf3b138970480d8967a4234ec5fa4) Importer(2089858483,0ecaa5967403d082aa24f35e1b516d23) [PhysX] Initialized MultithreadedTaskDispatcher with 10 workers.
 -> (artifact id: 'da75b6bae7250eb27000ce1baedcce96') in 0.007776 seconds
Number of updated asset objects reloaded before import = 0
Number of asset objects unloaded after import = 1
========================================================================
Received Import Request.
  Time since last request: 0.000137 seconds.
  path: Assets/Art/Textures/WALL.png
  artifactKey: Guid(a648476d1786b449baef5cf8df08d898) Importer(2089858483,0ecaa5967403d082aa24f35e1b516d23)
Start importing Assets/Art/Textures/WALL.png using Guid(a648476d1786b449baef5cf8df08d898) Importer(2089858483,0ecaa5967403d082aa24f35e1b516d23) [PhysX] Initialized MultithreadedTaskDispatcher with 10 workers.
 -> (artifact id: 'ab658891a40bffb9359ac55cc17ef51d') in 0.005524 seconds
Number of updated asset objects reloaded before import = 0
Number of asset objects unloaded after import = 1
========================================================================
Received Import Request.
  Time since last request: 0.000174 seconds.
  path: Assets/TextMesh Pro/Shaders/TMP_Bitmap-Custom-Atlas.shader
  artifactKey: Guid(48bb5f55d8670e349b6e614913f9d910) Importer(2089858483,0ecaa5967403d082aa24f35e1b516d23)
Start importing Assets/TextMesh Pro/Shaders/TMP_Bitmap-Custom-Atlas.shader using Guid(48bb5f55d8670e349b6e614913f9d910) Importer(2089858483,0ecaa5967403d082aa24f35e1b516d23) [PhysX] Initialized MultithreadedTaskDispatcher with 10 workers.
 -> (artifact id: '9ea2579463aae8023e3ebead14b284c6') in 0.002668 seconds
Number of updated asset objects reloaded before import = 0
Number of asset objects unloaded after import = 1
========================================================================
Received Import Request.
  Time since last request: 0.000095 seconds.
  path: Assets/Art/models/FBX_Plank.fbx
  artifactKey: Guid(641c21724cd7747589af9c2fdf768b90) Importer(2089858483,0ecaa5967403d082aa24f35e1b516d23)
Start importing Assets/Art/models/FBX_Plank.fbx using Guid(641c21724cd7747589af9c2fdf768b90) Importer(2089858483,0ecaa5967403d082aa24f35e1b516d23) [PhysX] Initialized MultithreadedTaskDispatcher with 10 workers.
 -> (artifact id: '29ae9ed9f3ea599dc6e7d1ad6176ef2b') in 0.006847 seconds
Number of updated asset objects reloaded before import = 0
Number of asset objects unloaded after import = 7
========================================================================
Received Import Request.
  Time since last request: 0.000025 seconds.
  path: Assets/Scripts/Player/DeathManager.cs
  artifactKey: Guid(0b02429919639bc4db2d724a0fc96443) Importer(2089858483,0ecaa5967403d082aa24f35e1b516d23)
Start importing Assets/Scripts/Player/DeathManager.cs using Guid(0b02429919639bc4db2d724a0fc96443) Importer(2089858483,0ecaa5967403d082aa24f35e1b516d23) [PhysX] Initialized MultithreadedTaskDispatcher with 10 workers.
 -> (artifact id: '3a589510285a068cb5c971abfd96ade0') in 0.001746 seconds
Number of updated asset objects reloaded before import = 0
Number of asset objects unloaded after import = 1
========================================================================
Received Import Request.
  Time since last request: 0.000161 seconds.
  path: Assets/Art/models/FBX_Pillar.fbx
  artifactKey: Guid(946154c3dcfd64cebb60b0527e263ae3) Importer(2089858483,0ecaa5967403d082aa24f35e1b516d23)
Start importing Assets/Art/models/FBX_Pillar.fbx using Guid(946154c3dcfd64cebb60b0527e263ae3) Importer(2089858483,0ecaa5967403d082aa24f35e1b516d23) [PhysX] Initialized MultithreadedTaskDispatcher with 10 workers.
 -> (artifact id: '4473adff831cabb82dc3b8b6e87eeb65') in 0.005495 seconds
Number of updated asset objects reloaded before import = 0
Number of asset objects unloaded after import = 7
========================================================================
Received Import Request.
  Time since last request: 0.000025 seconds.
  path: Assets/Scripts/Camera/CameraLimitChanger.cs
  artifactKey: Guid(c4ecd77a436671543987a178ebb1c8e9) Importer(2089858483,0ecaa5967403d082aa24f35e1b516d23)
Start importing Assets/Scripts/Camera/CameraLimitChanger.cs using Guid(c4ecd77a436671543987a178ebb1c8e9) Importer(2089858483,0ecaa5967403d082aa24f35e1b516d23) [PhysX] Initialized MultithreadedTaskDispatcher with 10 workers.
 -> (artifact id: 'f0b0c28bf9ef029525871b5b31c2d947') in 0.002009 seconds
Number of updated asset objects reloaded before import = 0
Number of asset objects unloaded after import = 1
========================================================================
Received Import Request.
  Time since last request: 0.000077 seconds.
  path: Assets/Scripts/Surroundings/BreakFloor.cs
  artifactKey: Guid(76c92a9e0e013e247a86ff59961b2ebb) Importer(2089858483,0ecaa5967403d082aa24f35e1b516d23)
Start importing Assets/Scripts/Surroundings/BreakFloor.cs using Guid(76c92a9e0e013e247a86ff59961b2ebb) Importer(2089858483,0ecaa5967403d082aa24f35e1b516d23) [PhysX] Initialized MultithreadedTaskDispatcher with 10 workers.
 -> (artifact id: '362e486d60ae635f4d322ef24f3d7545') in 0.003888 seconds
Number of updated asset objects reloaded before import = 0
Number of asset objects unloaded after import = 1
========================================================================
Received Import Request.
  Time since last request: 0.000045 seconds.
  path: Assets/Art/Textures/LEAF.png
  artifactKey: Guid(b951b3c4e36d74e60ab8a47b9584a183) Importer(2089858483,0ecaa5967403d082aa24f35e1b516d23)
Start importing Assets/Art/Textures/LEAF.png using Guid(b951b3c4e36d74e60ab8a47b9584a183) Importer(2089858483,0ecaa5967403d082aa24f35e1b516d23) [PhysX] Initialized MultithreadedTaskDispatcher with 10 workers.
 -> (artifact id: 'cc6258b3964322c2b51036ba44b211e9') in 0.005154 seconds
Number of updated asset objects reloaded before import = 0
Number of asset objects unloaded after import = 1
========================================================================
Received Import Request.
  Time since last request: 0.000087 seconds.
  path: Assets/Art/models/FBX_Door.fbx
  artifactKey: Guid(9943bd315297a42fcb40e1feec3dea54) Importer(2089858483,0ecaa5967403d082aa24f35e1b516d23)
Start importing Assets/Art/models/FBX_Door.fbx using Guid(9943bd315297a42fcb40e1feec3dea54) Importer(2089858483,0ecaa5967403d082aa24f35e1b516d23) [PhysX] Initialized MultithreadedTaskDispatcher with 10 workers.
 -> (artifact id: '35442f5011bc123a5d3e827985ab88a1') in 0.004843 seconds
Number of updated asset objects reloaded before import = 0
Number of asset objects unloaded after import = 7
========================================================================
Received Import Request.
  Time since last request: 0.000084 seconds.
  path: Assets/Plugins/FMOD/LICENSE.txt
  artifactKey: Guid(d3ac3a44335d5564aaec902413595287) Importer(2089858483,0ecaa5967403d082aa24f35e1b516d23)
Start importing Assets/Plugins/FMOD/LICENSE.txt using Guid(d3ac3a44335d5564aaec902413595287) Importer(2089858483,0ecaa5967403d082aa24f35e1b516d23) [PhysX] Initialized MultithreadedTaskDispatcher with 10 workers.
 -> (artifact id: 'e869e2b7d6b8ac4c9bb439173d204d53') in 0.002152 seconds
Number of updated asset objects reloaded before import = 0
Number of asset objects unloaded after import = 1
========================================================================
Received Import Request.
  Time since last request: 0.000200 seconds.
  path: Assets/Art/Textures/Dialog_image_mainCharcter.png
  artifactKey: Guid(9fa76810c86df4dcf80b14183fbf378d) Importer(2089858483,0ecaa5967403d082aa24f35e1b516d23)
Start importing Assets/Art/Textures/Dialog_image_mainCharcter.png using Guid(9fa76810c86df4dcf80b14183fbf378d) Importer(2089858483,0ecaa5967403d082aa24f35e1b516d23) [PhysX] Initialized MultithreadedTaskDispatcher with 10 workers.
 -> (artifact id: 'acd2945397e2e8e586b45eca5e1fb46e') in 0.008540 seconds
Number of updated asset objects reloaded before import = 0
Number of asset objects unloaded after import = 1
========================================================================
Received Import Request.
  Time since last request: 0.000113 seconds.
  path: Assets/Art/Textures/cmatrix-free-gnu-wallpaper-unix-1920x1080.png
  artifactKey: Guid(5f21d19f370216c44827de7a32dc6035) Importer(2089858483,0ecaa5967403d082aa24f35e1b516d23)
Start importing Assets/Art/Textures/cmatrix-free-gnu-wallpaper-unix-1920x1080.png using Guid(5f21d19f370216c44827de7a32dc6035) Importer(2089858483,0ecaa5967403d082aa24f35e1b516d23) [PhysX] Initialized MultithreadedTaskDispatcher with 10 workers.
 -> (artifact id: '1eed878767b5992782cebcfc9c34dd1d') in 0.006811 seconds
Number of updated asset objects reloaded before import = 0
Number of asset objects unloaded after import = 3
========================================================================
Received Import Request.
  Time since last request: 0.000026 seconds.
  path: Assets/Art/models/FBX_Window.fbx
  artifactKey: Guid(0e353c4fb5be240a892e794db3947718) Importer(2089858483,0ecaa5967403d082aa24f35e1b516d23)
Start importing Assets/Art/models/FBX_Window.fbx using Guid(0e353c4fb5be240a892e794db3947718) Importer(2089858483,0ecaa5967403d082aa24f35e1b516d23) [PhysX] Initialized MultithreadedTaskDispatcher with 10 workers.
 -> (artifact id: 'bc819713dc1379c8040e1655aa98ed5b') in 0.005309 seconds
Number of updated asset objects reloaded before import = 0
Number of asset objects unloaded after import = 7
========================================================================
Received Import Request.
  Time since last request: 0.000082 seconds.
  path: Assets/Art/Textures/spritesheet-4.png
  artifactKey: Guid(53fd6f19d404b413faee9ff52608eaeb) Importer(2089858483,0ecaa5967403d082aa24f35e1b516d23)
Start importing Assets/Art/Textures/spritesheet-4.png using Guid(53fd6f19d404b413faee9ff52608eaeb) Importer(2089858483,0ecaa5967403d082aa24f35e1b516d23) [PhysX] Initialized MultithreadedTaskDispatcher with 10 workers.
 -> (artifact id: 'aa4f14cc941488105b19f14579235d8a') in 0.041161 seconds
Number of updated asset objects reloaded before import = 0
Number of asset objects unloaded after import = 58
========================================================================
Received Import Request.
  Time since last request: 0.000024 seconds.
  path: Assets/Art/Textures/space.png
  artifactKey: Guid(08c13135b61c72841a547f6f8d315c45) Importer(2089858483,0ecaa5967403d082aa24f35e1b516d23)
Start importing Assets/Art/Textures/space.png using Guid(08c13135b61c72841a547f6f8d315c45) Importer(2089858483,0ecaa5967403d082aa24f35e1b516d23) [PhysX] Initialized MultithreadedTaskDispatcher with 10 workers.
 -> (artifact id: '420444e69004a4c3ad6e73f3e5ca52a8') in 0.005525 seconds
Number of updated asset objects reloaded before import = 0
Number of asset objects unloaded after import = 3
========================================================================
Received Import Request.
  Time since last request: 0.000029 seconds.
  path: Assets/Art/Textures/Unknown.jpg
  artifactKey: Guid(4adce8e67545d4c6eb1e95508ecdf6be) Importer(2089858483,0ecaa5967403d082aa24f35e1b516d23)
Start importing Assets/Art/Textures/Unknown.jpg using Guid(4adce8e67545d4c6eb1e95508ecdf6be) Importer(2089858483,0ecaa5967403d082aa24f35e1b516d23) [PhysX] Initialized MultithreadedTaskDispatcher with 10 workers.
 -> (artifact id: 'c427bbdab7e40168d5a5426b23a94a12') in 0.006630 seconds
Number of updated asset objects reloaded before import = 0
Number of asset objects unloaded after import = 3
========================================================================
Received Import Request.
  Time since last request: 0.000024 seconds.
  path: Assets/TextMesh Pro/Resources/LineBreaking Following Characters.txt
  artifactKey: Guid(fade42e8bc714b018fac513c043d323b) Importer(2089858483,0ecaa5967403d082aa24f35e1b516d23)
Start importing Assets/TextMesh Pro/Resources/LineBreaking Following Characters.txt using Guid(fade42e8bc714b018fac513c043d323b) Importer(2089858483,0ecaa5967403d082aa24f35e1b516d23) [PhysX] Initialized MultithreadedTaskDispatcher with 10 workers.
 -> (artifact id: '278ab22e4b8a51fc55acf5509f8f12b8') in 0.001119 seconds
Number of updated asset objects reloaded before import = 0
Number of asset objects unloaded after import = 1
========================================================================
Received Import Request.
  Time since last request: 0.000057 seconds.
  path: Assets/TextMesh Pro/Shaders/TMP_SDF SSD.shader
  artifactKey: Guid(14eb328de4b8eb245bb7cea29e4ac00b) Importer(2089858483,0ecaa5967403d082aa24f35e1b516d23)
Start importing Assets/TextMesh Pro/Shaders/TMP_SDF SSD.shader using Guid(14eb328de4b8eb245bb7cea29e4ac00b) Importer(2089858483,0ecaa5967403d082aa24f35e1b516d23) [PhysX] Initialized MultithreadedTaskDispatcher with 10 workers.
 -> (artifact id: '2c013ae49d7238bf38bb2658b377ee92') in 0.001916 seconds
Number of updated asset objects reloaded before import = 0
Number of asset objects unloaded after import = 1
========================================================================
Received Import Request.
  Time since last request: 0.000040 seconds.
  path: Assets/Art/Textures/WSAD.png
  artifactKey: Guid(474f4fb79d1c9e1459abebeeaef801de) Importer(2089858483,0ecaa5967403d082aa24f35e1b516d23)
Start importing Assets/Art/Textures/WSAD.png using Guid(474f4fb79d1c9e1459abebeeaef801de) Importer(2089858483,0ecaa5967403d082aa24f35e1b516d23) [PhysX] Initialized MultithreadedTaskDispatcher with 10 workers.
 -> (artifact id: '1e066c8cf0b2bebc164019687d50fd22') in 0.005478 seconds
Number of updated asset objects reloaded before import = 0
Number of asset objects unloaded after import = 3
========================================================================
Received Import Request.
  Time since last request: 0.000027 seconds.
  path: Assets/Scripts/Player/Equipment.cs
  artifactKey: Guid(a5f11bdd94b454c4e9e0e519d005f5bc) Importer(2089858483,0ecaa5967403d082aa24f35e1b516d23)
Start importing Assets/Scripts/Player/Equipment.cs using Guid(a5f11bdd94b454c4e9e0e519d005f5bc) Importer(2089858483,0ecaa5967403d082aa24f35e1b516d23) [PhysX] Initialized MultithreadedTaskDispatcher with 10 workers.
 -> (artifact id: '1857f68955b08a4de3235c69bb2f3813') in 0.001383 seconds
Number of updated asset objects reloaded before import = 0
Number of asset objects unloaded after import = 1
========================================================================
Received Import Request.
  Time since last request: 0.000054 seconds.
  path: Assets/Art/Textures/Texture_photo 1.png
  artifactKey: Guid(be52f904b7c9f564f9a8854afae647d6) Importer(2089858483,0ecaa5967403d082aa24f35e1b516d23)
Start importing Assets/Art/Textures/Texture_photo 1.png using Guid(be52f904b7c9f564f9a8854afae647d6) Importer(2089858483,0ecaa5967403d082aa24f35e1b516d23) [PhysX] Initialized MultithreadedTaskDispatcher with 10 workers.
 -> (artifact id: '09def87ff9921282e3b5b8f2119b0569') in 0.005496 seconds
Number of updated asset objects reloaded before import = 0
Number of asset objects unloaded after import = 3
========================================================================
Received Import Request.
  Time since last request: 0.000035 seconds.
  path: Assets/Scripts/Player/Movement1.cs
  artifactKey: Guid(e7589051e033b8f4981fa8eedc30ee41) Importer(2089858483,0ecaa5967403d082aa24f35e1b516d23)
Start importing Assets/Scripts/Player/Movement1.cs using Guid(e7589051e033b8f4981fa8eedc30ee41) Importer(2089858483,0ecaa5967403d082aa24f35e1b516d23) [PhysX] Initialized MultithreadedTaskDispatcher with 10 workers.
 -> (artifact id: '0adc48b302b00394b2c9657f1b499a8b') in 0.002466 seconds
Number of updated asset objects reloaded before import = 0
Number of asset objects unloaded after import = 1
========================================================================
Received Import Request.
  Time since last request: 0.000055 seconds.
  path: Assets/Art/Wojtek nowe modele/Kominek.fbx
  artifactKey: Guid(342cd136289afe346a436d158b22a191) Importer(2089858483,0ecaa5967403d082aa24f35e1b516d23)
Start importing Assets/Art/Wojtek nowe modele/Kominek.fbx using Guid(342cd136289afe346a436d158b22a191) Importer(2089858483,0ecaa5967403d082aa24f35e1b516d23) [PhysX] Initialized MultithreadedTaskDispatcher with 10 workers.
 -> (artifact id: '2d36dd14a87ad53938377484db4f5472') in 0.004934 seconds
Number of updated asset objects reloaded before import = 0
Number of asset objects unloaded after import = 8
========================================================================
Received Import Request.
  Time since last request: 0.000028 seconds.
  path: Assets/Scripts/Surroundings/Projectile.cs
  artifactKey: Guid(190637d4592e77940966aab01d7962c7) Importer(2089858483,0ecaa5967403d082aa24f35e1b516d23)
Start importing Assets/Scripts/Surroundings/Projectile.cs using Guid(190637d4592e77940966aab01d7962c7) Importer(2089858483,0ecaa5967403d082aa24f35e1b516d23) [PhysX] Initialized MultithreadedTaskDispatcher with 10 workers.
 -> (artifact id: '25ee56d85886af022b7105200654b143') in 0.001300 seconds
Number of updated asset objects reloaded before import = 0
Number of asset objects unloaded after import = 1
========================================================================
Received Import Request.
  Time since last request: 0.000031 seconds.
  path: Assets/TextMesh Pro/Fonts/LiberationSans - OFL.txt
  artifactKey: Guid(6e59c59b81ab47f9b6ec5781fa725d2c) Importer(2089858483,0ecaa5967403d082aa24f35e1b516d23)
Start importing Assets/TextMesh Pro/Fonts/LiberationSans - OFL.txt using Guid(6e59c59b81ab47f9b6ec5781fa725d2c) Importer(2089858483,0ecaa5967403d082aa24f35e1b516d23) [PhysX] Initialized MultithreadedTaskDispatcher with 10 workers.
 -> (artifact id: 'bf6af33df3faca24d7ea8afbe11e5424') in 0.001435 seconds
Number of updated asset objects reloaded before import = 0
Number of asset objects unloaded after import = 1
========================================================================
Received Import Request.
  Time since last request: 0.000042 seconds.
  path: Assets/Art/models/FBX_PhotoFrame.fbx
  artifactKey: Guid(660ead63f45834369af563c8a12f39a2) Importer(2089858483,0ecaa5967403d082aa24f35e1b516d23)
Start importing Assets/Art/models/FBX_PhotoFrame.fbx using Guid(660ead63f45834369af563c8a12f39a2) Importer(2089858483,0ecaa5967403d082aa24f35e1b516d23) [PhysX] Initialized MultithreadedTaskDispatcher with 10 workers.
 -> (artifact id: 'ef72c6149d43dfa06ca81877439e6c54') in 0.005650 seconds
Number of updated asset objects reloaded before import = 0
Number of asset objects unloaded after import = 7
========================================================================
Received Import Request.
  Time since last request: 0.000027 seconds.
  path: Assets/Mirza/CENSOR - Screen-Space Quantization and Refraction/README.txt
  artifactKey: Guid(12d547a5a076c8c4b85976b95856601d) Importer(2089858483,0ecaa5967403d082aa24f35e1b516d23)
Start importing Assets/Mirza/CENSOR - Screen-Space Quantization and Refraction/README.txt using Guid(12d547a5a076c8c4b85976b95856601d) Importer(2089858483,0ecaa5967403d082aa24f35e1b516d23) [PhysX] Initialized MultithreadedTaskDispatcher with 10 workers.
 -> (artifact id: '9265b43be04b35014f3ba8e770413a34') in 0.001817 seconds
Number of updated asset objects reloaded before import = 0
Number of asset objects unloaded after import = 1
========================================================================
Received Import Request.
  Time since last request: 0.000079 seconds.
  path: Assets/Art/Wojtek nowe modele/Untitled.fbx
  artifactKey: Guid(4c0a4c8d2bb2a0244928d09bfd92693b) Importer(2089858483,0ecaa5967403d082aa24f35e1b516d23)
Start importing Assets/Art/Wojtek nowe modele/Untitled.fbx using Guid(4c0a4c8d2bb2a0244928d09bfd92693b) Importer(2089858483,0ecaa5967403d082aa24f35e1b516d23) [PhysX] Initialized MultithreadedTaskDispatcher with 10 workers.
 -> (artifact id: 'c6792fa2255afee02568d1a5f3d80b2a') in 0.130611 seconds
Number of updated asset objects reloaded before import = 0
Number of asset objects unloaded after import = 1823
========================================================================
Received Import Request.
  Time since last request: 2.410307 seconds.
  path: Assets/TextMesh Pro/Shaders/TMP_SDF-Mobile Overlay.shader
  artifactKey: Guid(a02a7d8c237544f1962732b55a9aebf1) Importer(2089858483,0ecaa5967403d082aa24f35e1b516d23)
Start importing Assets/TextMesh Pro/Shaders/TMP_SDF-Mobile Overlay.shader using Guid(a02a7d8c237544f1962732b55a9aebf1) Importer(2089858483,0ecaa5967403d082aa24f35e1b516d23) [PhysX] Initialized MultithreadedTaskDispatcher with 10 workers.
 -> (artifact id: '83e27e14934bce64e0e1255b1b8354b7') in 0.004156 seconds
Number of updated asset objects reloaded before import = 0
Number of asset objects unloaded after import = 1
========================================================================
Received Import Request.
  Time since last request: 0.000050 seconds.
  path: Assets/TextMesh Pro/Shaders/TMPro_Mobile.cginc
  artifactKey: Guid(c334973cef89a9840b0b0c507e0377ab) Importer(2089858483,0ecaa5967403d082aa24f35e1b516d23)
Start importing Assets/TextMesh Pro/Shaders/TMPro_Mobile.cginc using Guid(c334973cef89a9840b0b0c507e0377ab) Importer(2089858483,0ecaa5967403d082aa24f35e1b516d23) [PhysX] Initialized MultithreadedTaskDispatcher with 10 workers.
 -> (artifact id: 'af4184ca51e9dcdd71bfae93993f8058') in 0.001964 seconds
Number of updated asset objects reloaded before import = 0
Number of asset objects unloaded after import = 1
========================================================================
Received Import Request.
  Time since last request: 0.000039 seconds.
  path: Assets/Plugins/FMOD/src/StudioGlobalParameterTrigger.cs
  artifactKey: Guid(9b0e04e2572f9a940a47465f6f3c2f00) Importer(2089858483,0ecaa5967403d082aa24f35e1b516d23)
Start importing Assets/Plugins/FMOD/src/StudioGlobalParameterTrigger.cs using Guid(9b0e04e2572f9a940a47465f6f3c2f00) Importer(2089858483,0ecaa5967403d082aa24f35e1b516d23) [PhysX] Initialized MultithreadedTaskDispatcher with 10 workers.
 -> (artifact id: 'e159807395a3dc9a8157f664f5b3b86f') in 0.002438 seconds
Number of updated asset objects reloaded before import = 0
Number of asset objects unloaded after import = 1
========================================================================
Received Import Request.
  Time since last request: 0.000122 seconds.
  path: Assets/Plugins/Sortify/Helper/SortifyHelper.cs
  artifactKey: Guid(1532e19c3bd423d4e8d746abcffa6c3d) Importer(2089858483,0ecaa5967403d082aa24f35e1b516d23)
Start importing Assets/Plugins/Sortify/Helper/SortifyHelper.cs using Guid(1532e19c3bd423d4e8d746abcffa6c3d) Importer(2089858483,0ecaa5967403d082aa24f35e1b516d23) [PhysX] Initialized MultithreadedTaskDispatcher with 10 workers.
 -> (artifact id: '5f150e383d27cc63e43aa5ff8b5a1afe') in 0.003632 seconds
Number of updated asset objects reloaded before import = 0
Number of asset objects unloaded after import = 1
========================================================================
Received Import Request.
  Time since last request: 0.000117 seconds.
  path: Assets/TextMesh Pro/Shaders/TMPro.cginc
  artifactKey: Guid(407bc68d299748449bbf7f48ee690f8d) Importer(2089858483,0ecaa5967403d082aa24f35e1b516d23)
Start importing Assets/TextMesh Pro/Shaders/TMPro.cginc using Guid(407bc68d299748449bbf7f48ee690f8d) Importer(2089858483,0ecaa5967403d082aa24f35e1b516d23) [PhysX] Initialized MultithreadedTaskDispatcher with 10 workers.
 -> (artifact id: '5a4258cbefc2966da2d8e502bd075eb5') in 0.001743 seconds
Number of updated asset objects reloaded before import = 0
Number of asset objects unloaded after import = 1
========================================================================
Received Import Request.
  Time since last request: 0.000048 seconds.
  path: Assets/Plugins/FMOD/src/PlatformPlayInEditor.cs
  artifactKey: Guid(335f0a4b26fb46942858ea029e030d2a) Importer(2089858483,0ecaa5967403d082aa24f35e1b516d23)
Start importing Assets/Plugins/FMOD/src/PlatformPlayInEditor.cs using Guid(335f0a4b26fb46942858ea029e030d2a) Importer(2089858483,0ecaa5967403d082aa24f35e1b516d23) [PhysX] Initialized MultithreadedTaskDispatcher with 10 workers.
 -> (artifact id: '696d087403e5a74c2954856e7c677b7b') in 0.002406 seconds
Number of updated asset objects reloaded before import = 0
Number of asset objects unloaded after import = 1
========================================================================
Received Import Request.
  Time since last request: 0.000161 seconds.
  path: Assets/Art/Materials/AI_Symbols/AI_Symbol_2.mat
  artifactKey: Guid(ef63fbed3ff764145b1a065e98297f19) Importer(2089858483,0ecaa5967403d082aa24f35e1b516d23)
Start importing Assets/Art/Materials/AI_Symbols/AI_Symbol_2.mat using Guid(ef63fbed3ff764145b1a065e98297f19) Importer(2089858483,0ecaa5967403d082aa24f35e1b516d23) [PhysX] Initialized MultithreadedTaskDispatcher with 10 workers.
 -> (artifact id: 'b8ab1113cf1316324b17e5f44c37ae88') in 0.003659 seconds
Number of updated asset objects reloaded before import = 0
Number of asset objects unloaded after import = 2
========================================================================
Received Import Request.
  Time since last request: 0.000116 seconds.
  path: Assets/Plugins/FMOD/images/SelectedAlt.png
  artifactKey: Guid(8ce9b717b1bc7564cbe35664f2f178a7) Importer(2089858483,0ecaa5967403d082aa24f35e1b516d23)
Start importing Assets/Plugins/FMOD/images/SelectedAlt.png using Guid(8ce9b717b1bc7564cbe35664f2f178a7) Importer(2089858483,0ecaa5967403d082aa24f35e1b516d23) [PhysX] Initialized MultithreadedTaskDispatcher with 10 workers.
 -> (artifact id: '0db66ccf4c99b12745abee2d144a3156') in 0.004332 seconds
Number of updated asset objects reloaded before import = 0
Number of asset objects unloaded after import = 1
========================================================================
Received Import Request.
  Time since last request: 0.000159 seconds.
  path: Assets/Art/Shader/Simple Toon/Documentation/SToon Manual.pdf
  artifactKey: Guid(877b5835375594d379e4e96e0d16c5ec) Importer(2089858483,0ecaa5967403d082aa24f35e1b516d23)
Start importing Assets/Art/Shader/Simple Toon/Documentation/SToon Manual.pdf using Guid(877b5835375594d379e4e96e0d16c5ec) Importer(2089858483,0ecaa5967403d082aa24f35e1b516d23) [PhysX] Initialized MultithreadedTaskDispatcher with 10 workers.
 -> (artifact id: 'eaabc58e9c89d5029e439d4000dc41a0') in 0.001813 seconds
Number of updated asset objects reloaded before import = 0
Number of asset objects unloaded after import = 1
========================================================================
Received Import Request.
  Time since last request: 0.000068 seconds.
  path: Assets/Scripts/UI/Dialog_PopupSystem/PopupManager.cs
  artifactKey: Guid(f548d263d6657fd4991b18a990f74054) Importer(2089858483,0ecaa5967403d082aa24f35e1b516d23)
Start importing Assets/Scripts/UI/Dialog_PopupSystem/PopupManager.cs using Guid(f548d263d6657fd4991b18a990f74054) Importer(2089858483,0ecaa5967403d082aa24f35e1b516d23) [PhysX] Initialized MultithreadedTaskDispatcher with 10 workers.
 -> (artifact id: '578c1f10d1b346df7ed643a3ac7bc2d7') in 0.001636 seconds
Number of updated asset objects reloaded before import = 0
Number of asset objects unloaded after import = 1
========================================================================
Received Import Request.
  Time since last request: 0.000132 seconds.
  path: Assets/Plugins/FMOD/images/BankIcon.png
  artifactKey: Guid(a7e06068a7215854a84bf5ed8280ed15) Importer(2089858483,0ecaa5967403d082aa24f35e1b516d23)
Start importing Assets/Plugins/FMOD/images/BankIcon.png using Guid(a7e06068a7215854a84bf5ed8280ed15) Importer(2089858483,0ecaa5967403d082aa24f35e1b516d23) [PhysX] Initialized MultithreadedTaskDispatcher with 10 workers.
 -> (artifact id: 'f18729211fd5d428d1faf24e72b0463d') in 0.004480 seconds
Number of updated asset objects reloaded before import = 0
Number of asset objects unloaded after import = 1
========================================================================
Received Import Request.
  Time since last request: 0.000102 seconds.
  path: Assets/Plugins/Sortify/Dashboard/SortifyChangeLog.cs
  artifactKey: Guid(4c9475ebd2cffad489227cbc1890a43c) Importer(2089858483,0ecaa5967403d082aa24f35e1b516d23)
Start importing Assets/Plugins/Sortify/Dashboard/SortifyChangeLog.cs using Guid(4c9475ebd2cffad489227cbc1890a43c) Importer(2089858483,0ecaa5967403d082aa24f35e1b516d23) [PhysX] Initialized MultithreadedTaskDispatcher with 10 workers.
 -> (artifact id: '6a0a61c89704a08e7fd6abfae7837255') in 0.001758 seconds
Number of updated asset objects reloaded before import = 0
Number of asset objects unloaded after import = 1
========================================================================
Received Import Request.
  Time since last request: 0.000055 seconds.
  path: Assets/Plugins/FMOD/images/CopyIcon.png
  artifactKey: Guid(6e164dcb85fc8ad4b9ab2f1e883862d2) Importer(2089858483,0ecaa5967403d082aa24f35e1b516d23)
Start importing Assets/Plugins/FMOD/images/CopyIcon.png using Guid(6e164dcb85fc8ad4b9ab2f1e883862d2) Importer(2089858483,0ecaa5967403d082aa24f35e1b516d23) [PhysX] Initialized MultithreadedTaskDispatcher with 10 workers.
 -> (artifact id: '91e122d07702c619e20f7db239972e37') in 0.005590 seconds
Number of updated asset objects reloaded before import = 0
Number of asset objects unloaded after import = 1
========================================================================
Received Import Request.
  Time since last request: 0.000143 seconds.
  path: Assets/Plugins/FMOD/images/FMODLogoWhite.png
  artifactKey: Guid(8fd8ccb8d7e81d943b28ea7975c7185d) Importer(2089858483,0ecaa5967403d082aa24f35e1b516d23)
Start importing Assets/Plugins/FMOD/images/FMODLogoWhite.png using Guid(8fd8ccb8d7e81d943b28ea7975c7185d) Importer(2089858483,0ecaa5967403d082aa24f35e1b516d23) [PhysX] Initialized MultithreadedTaskDispatcher with 10 workers.
 -> (artifact id: '772b55147eea6fbb0686770bbd21c6b7') in 0.004581 seconds
Number of updated asset objects reloaded before import = 0
Number of asset objects unloaded after import = 1
========================================================================
Received Import Request.
  Time since last request: 0.000113 seconds.
  path: Assets/Mirza/CENSOR - Screen-Space Quantization and Refraction/Materials/Censor (Pixelate - Clear).mat
  artifactKey: Guid(19e89f60149ae834db2bca0a7f803aa8) Importer(2089858483,0ecaa5967403d082aa24f35e1b516d23)
Start importing Assets/Mirza/CENSOR - Screen-Space Quantization and Refraction/Materials/Censor (Pixelate - Clear).mat using Guid(19e89f60149ae834db2bca0a7f803aa8) Importer(2089858483,0ecaa5967403d082aa24f35e1b516d23) [PhysX] Initialized MultithreadedTaskDispatcher with 10 workers.
 -> (artifact id: '10bad30b17b3757c2a1d3236a78801ce') in 0.002350 seconds
Number of updated asset objects reloaded before import = 0
Number of asset objects unloaded after import = 1
========================================================================
Received Import Request.
  Time since last request: 0.000070 seconds.
  path: Assets/Plugins/FMOD/src/StudioEventEmitter.cs
  artifactKey: Guid(9a6610d2e704f1648819acc8d7460285) Importer(2089858483,0ecaa5967403d082aa24f35e1b516d23)
Start importing Assets/Plugins/FMOD/src/StudioEventEmitter.cs using Guid(9a6610d2e704f1648819acc8d7460285) Importer(2089858483,0ecaa5967403d082aa24f35e1b516d23) [PhysX] Initialized MultithreadedTaskDispatcher with 10 workers.
 -> (artifact id: '21bd36fcae11d114acb1735f669be373') in 0.001607 seconds
Number of updated asset objects reloaded before import = 0
Number of asset objects unloaded after import = 1
========================================================================
Received Import Request.
  Time since last request: 0.000028 seconds.
  path: Assets/Mirza/CENSOR - Screen-Space Quantization and Refraction/Scenes/Censor (Demo).unity
  artifactKey: Guid(89950610ebee43847a5c3246b9ef37db) Importer(2089858483,0ecaa5967403d082aa24f35e1b516d23)
Start importing Assets/Mirza/CENSOR - Screen-Space Quantization and Refraction/Scenes/Censor (Demo).unity using Guid(89950610ebee43847a5c3246b9ef37db) Importer(2089858483,0ecaa5967403d082aa24f35e1b516d23) [PhysX] Initialized MultithreadedTaskDispatcher with 10 workers.
 -> (artifact id: 'abb7e5832e252ca4cdd3270abfb76869') in 0.001098 seconds
Number of updated asset objects reloaded before import = 0
Number of asset objects unloaded after import = 1
========================================================================
Received Import Request.
  Time since last request: 0.000032 seconds.
  path: Assets/Art/Shader/SubGraphs/Main Light Specular Highlights.shadersubgraph
  artifactKey: Guid(0c0d4473bed74ba4bbba1f27d6666667) Importer(2089858483,0ecaa5967403d082aa24f35e1b516d23)
Start importing Assets/Art/Shader/SubGraphs/Main Light Specular Highlights.shadersubgraph using Guid(0c0d4473bed74ba4bbba1f27d6666667) Importer(2089858483,0ecaa5967403d082aa24f35e1b516d23) [PhysX] Initialized MultithreadedTaskDispatcher with 10 workers.
 -> (artifact id: 'd10963e767115d171b36e5ba151758ce') in 0.004014 seconds
Number of updated asset objects reloaded before import = 0
Number of asset objects unloaded after import = 1
========================================================================
Received Import Request.
  Time since last request: 0.000066 seconds.
  path: Assets/Plugins/FMOD/images/TransportPlayButtonOn.png
  artifactKey: Guid(2d777c9a14189d241aea1afeeeff448c) Importer(2089858483,0ecaa5967403d082aa24f35e1b516d23)
Start importing Assets/Plugins/FMOD/images/TransportPlayButtonOn.png using Guid(2d777c9a14189d241aea1afeeeff448c) Importer(2089858483,0ecaa5967403d082aa24f35e1b516d23) [PhysX] Initialized MultithreadedTaskDispatcher with 10 workers.
 -> (artifact id: '79bd84e05d6a97cdfc021bb554b844cc') in 0.005021 seconds
Number of updated asset objects reloaded before import = 0
Number of asset objects unloaded after import = 1
========================================================================
Received Import Request.
  Time since last request: 0.000054 seconds.
  path: Assets/Scripts/UI/QTE/QTESystem.cs
  artifactKey: Guid(a74e684e717c8d94ba010b3dfca93279) Importer(2089858483,0ecaa5967403d082aa24f35e1b516d23)
Start importing Assets/Scripts/UI/QTE/QTESystem.cs using Guid(a74e684e717c8d94ba010b3dfca93279) Importer(2089858483,0ecaa5967403d082aa24f35e1b516d23) [PhysX] Initialized MultithreadedTaskDispatcher with 10 workers.
 -> (artifact id: '5ce8f49cc70064c6803adc36d7755fc5') in 0.001319 seconds
Number of updated asset objects reloaded before import = 0
Number of asset objects unloaded after import = 1
========================================================================
Received Import Request.
  Time since last request: 0.000030 seconds.
  path: Assets/Plugins/FMOD/src/PlatformGroup.cs
  artifactKey: Guid(6d049eb0281db9c4abd635ba1c79cb7b) Importer(2089858483,0ecaa5967403d082aa24f35e1b516d23)
Start importing Assets/Plugins/FMOD/src/PlatformGroup.cs using Guid(6d049eb0281db9c4abd635ba1c79cb7b) Importer(2089858483,0ecaa5967403d082aa24f35e1b516d23) [PhysX] Initialized MultithreadedTaskDispatcher with 10 workers.
 -> (artifact id: 'abe474b5f19a1cf1cf1edf9afdd10800') in 0.001593 seconds
Number of updated asset objects reloaded before import = 0
Number of asset objects unloaded after import = 1
========================================================================
Received Import Request.
  Time since last request: 0.000054 seconds.
  path: Assets/Mirza/CENSOR - Screen-Space Quantization and Refraction/Materials/Blur (Fullscreen).mat
  artifactKey: Guid(5409fceab40c5e642b9333dfa2af1d32) Importer(2089858483,0ecaa5967403d082aa24f35e1b516d23)
Start importing Assets/Mirza/CENSOR - Screen-Space Quantization and Refraction/Materials/Blur (Fullscreen).mat using Guid(5409fceab40c5e642b9333dfa2af1d32) Importer(2089858483,0ecaa5967403d082aa24f35e1b516d23) [PhysX] Initialized MultithreadedTaskDispatcher with 10 workers.
 -> (artifact id: 'aac2e3003183d04622132040a9377a27') in 0.003172 seconds
Number of updated asset objects reloaded before import = 0
Number of asset objects unloaded after import = 1
========================================================================
Received Import Request.
  Time since last request: 0.000040 seconds.
  path: Assets/Plugins/FMOD/images/StudioIcon.png
  artifactKey: Guid(a4edfa5854cdec34b98b1c55f0562bdd) Importer(2089858483,0ecaa5967403d082aa24f35e1b516d23)
Start importing Assets/Plugins/FMOD/images/StudioIcon.png using Guid(a4edfa5854cdec34b98b1c55f0562bdd) Importer(2089858483,0ecaa5967403d082aa24f35e1b516d23) [PhysX] Initialized MultithreadedTaskDispatcher with 10 workers.
 -> (artifact id: '9ecda196785ab8bc1e3e0bfbbff05c7e') in 0.003689 seconds
Number of updated asset objects reloaded before import = 0
Number of asset objects unloaded after import = 1
========================================================================
Received Import Request.
  Time since last request: 0.000026 seconds.
  path: Assets/Art/Textures/QTE/Circle.png
  artifactKey: Guid(a07c21a639560e3479d2292177e8713d) Importer(2089858483,0ecaa5967403d082aa24f35e1b516d23)
Start importing Assets/Art/Textures/QTE/Circle.png using Guid(a07c21a639560e3479d2292177e8713d) Importer(2089858483,0ecaa5967403d082aa24f35e1b516d23) [PhysX] Initialized MultithreadedTaskDispatcher with 10 workers.
 -> (artifact id: '0804e7343002bdce04beac4aef9c4b73') in 0.003955 seconds
Number of updated asset objects reloaded before import = 0
Number of asset objects unloaded after import = 3
========================================================================
Received Import Request.
  Time since last request: 0.000032 seconds.
  path: Assets/Plugins/FMOD/images/CrossYellow.png
  artifactKey: Guid(348d2265b48c67342a4db2a7062813fa) Importer(2089858483,0ecaa5967403d082aa24f35e1b516d23)
Start importing Assets/Plugins/FMOD/images/CrossYellow.png using Guid(348d2265b48c67342a4db2a7062813fa) Importer(2089858483,0ecaa5967403d082aa24f35e1b516d23) [PhysX] Initialized MultithreadedTaskDispatcher with 10 workers.
 -> (artifact id: 'f4de21360b9fceb0b069db575f0a7aba') in 0.004899 seconds
Number of updated asset objects reloaded before import = 0
Number of asset objects unloaded after import = 1
========================================================================
Received Import Request.
  Time since last request: 0.000028 seconds.
  path: Assets/Plugins/FMOD/src/Platform.cs
  artifactKey: Guid(e7df340ba8041134888b271ea2124fcd) Importer(2089858483,0ecaa5967403d082aa24f35e1b516d23)
Start importing Assets/Plugins/FMOD/src/Platform.cs using Guid(e7df340ba8041134888b271ea2124fcd) Importer(2089858483,0ecaa5967403d082aa24f35e1b516d23) [PhysX] Initialized MultithreadedTaskDispatcher with 10 workers.
 -> (artifact id: '6f7e521d48a9c797dd4fc02f8bee5a10') in 0.001385 seconds
Number of updated asset objects reloaded before import = 0
Number of asset objects unloaded after import = 1
========================================================================
Received Import Request.
  Time since last request: 0.000032 seconds.
  path: Assets/Plugins/FMOD/images/LevelMeterOff.png
  artifactKey: Guid(48dc5470d93f669419f294fcd33f7b7c) Importer(2089858483,0ecaa5967403d082aa24f35e1b516d23)
Start importing Assets/Plugins/FMOD/images/LevelMeterOff.png using Guid(48dc5470d93f669419f294fcd33f7b7c) Importer(2089858483,0ecaa5967403d082aa24f35e1b516d23) [PhysX] Initialized MultithreadedTaskDispatcher with 10 workers.
 -> (artifact id: '2407a1e7d62fa0fcccefa53e5d0a72fd') in 0.003913 seconds
Number of updated asset objects reloaded before import = 0
Number of asset objects unloaded after import = 1
========================================================================
Received Import Request.
  Time since last request: 0.000030 seconds.
  path: Assets/Mirza/CENSOR - Screen-Space Quantization and Refraction/Settings/PC_RPAsset.asset
  artifactKey: Guid(4c66e51099039964680581476174359c) Importer(2089858483,0ecaa5967403d082aa24f35e1b516d23)
Start importing Assets/Mirza/CENSOR - Screen-Space Quantization and Refraction/Settings/PC_RPAsset.asset using Guid(4c66e51099039964680581476174359c) Importer(2089858483,0ecaa5967403d082aa24f35e1b516d23) [PhysX] Initialized MultithreadedTaskDispatcher with 10 workers.
 -> (artifact id: '9c720fd74c671d7ba068c721e6a38764') in 0.008088 seconds
Number of updated asset objects reloaded before import = 0
Number of asset objects unloaded after import = 10
========================================================================
Received Import Request.
  Time since last request: 0.000026 seconds.
  path: Assets/TextMesh Pro/Shaders/TMPro_Surface.cginc
  artifactKey: Guid(d930090c0cd643c7b55f19a38538c162) Importer(2089858483,0ecaa5967403d082aa24f35e1b516d23)
Start importing Assets/TextMesh Pro/Shaders/TMPro_Surface.cginc using Guid(d930090c0cd643c7b55f19a38538c162) Importer(2089858483,0ecaa5967403d082aa24f35e1b516d23) [PhysX] Initialized MultithreadedTaskDispatcher with 10 workers.
 -> (artifact id: '7244b778b51e9bc1250a80fac86d9243') in 0.001453 seconds
Number of updated asset objects reloaded before import = 0
Number of asset objects unloaded after import = 1
========================================================================
Received Import Request.
  Time since last request: 0.000030 seconds.
  path: Assets/Art/FireFighter pack/FirefightersPack/Documentation/readme.txt
  artifactKey: Guid(0d1cea48a75c18a4d84ad727f50e149e) Importer(2089858483,0ecaa5967403d082aa24f35e1b516d23)
Start importing Assets/Art/FireFighter pack/FirefightersPack/Documentation/readme.txt using Guid(0d1cea48a75c18a4d84ad727f50e149e) Importer(2089858483,0ecaa5967403d082aa24f35e1b516d23) [PhysX] Initialized MultithreadedTaskDispatcher with 10 workers.
 -> (artifact id: 'ed0146e0c172af372671267af3efc468') in 0.001275 seconds
Number of updated asset objects reloaded before import = 0
Number of asset objects unloaded after import = 1
========================================================================
Received Import Request.
  Time since last request: 0.000099 seconds.
  path: Assets/Plugins/FMOD/images/LevelMeter.png
  artifactKey: Guid(21e7a3d41a926364a8b9a6704ebe80d8) Importer(2089858483,0ecaa5967403d082aa24f35e1b516d23)
Start importing Assets/Plugins/FMOD/images/LevelMeter.png using Guid(21e7a3d41a926364a8b9a6704ebe80d8) Importer(2089858483,0ecaa5967403d082aa24f35e1b516d23) [PhysX] Initialized MultithreadedTaskDispatcher with 10 workers.
 -> (artifact id: '05f37dc03875ccfde23ac62bd9340f07') in 0.008857 seconds
Number of updated asset objects reloaded before import = 0
Number of asset objects unloaded after import = 1
========================================================================
Received Import Request.
  Time since last request: 0.000032 seconds.
  path: Assets/Plugins/FMOD/images/EventIcon.png
  artifactKey: Guid(a602f206f9cb31f439c79a2fe23687c5) Importer(2089858483,0ecaa5967403d082aa24f35e1b516d23)
Start importing Assets/Plugins/FMOD/images/EventIcon.png using Guid(a602f206f9cb31f439c79a2fe23687c5) Importer(2089858483,0ecaa5967403d082aa24f35e1b516d23) [PhysX] Initialized MultithreadedTaskDispatcher with 10 workers.
 -> (artifact id: '4bba97e4fd98743d73a44b63d367671f') in 0.003525 seconds
Number of updated asset objects reloaded before import = 0
Number of asset objects unloaded after import = 1
========================================================================
Received Import Request.
  Time since last request: 0.000039 seconds.
  path: Assets/Art/models/Player/testv2.fbx
  artifactKey: Guid(8f47a6faa2bb8f14bbea723ea12b9c11) Importer(2089858483,0ecaa5967403d082aa24f35e1b516d23)
Start importing Assets/Art/models/Player/testv2.fbx using Guid(8f47a6faa2bb8f14bbea723ea12b9c11) Importer(2089858483,0ecaa5967403d082aa24f35e1b516d23) [PhysX] Initialized MultithreadedTaskDispatcher with 10 workers.
 -> (artifact id: '3136e26266e5a845419fa97939738e8f') in 0.033876 seconds
Number of updated asset objects reloaded before import = 0
Number of asset objects unloaded after import = 186
========================================================================
Received Import Request.
  Time since last request: 0.000027 seconds.
  path: Assets/TextMesh Pro/Resources/Style Sheets/Default Style Sheet.asset
  artifactKey: Guid(f952c082cb03451daed3ee968ac6c63e) Importer(2089858483,0ecaa5967403d082aa24f35e1b516d23)
Start importing Assets/TextMesh Pro/Resources/Style Sheets/Default Style Sheet.asset using Guid(f952c082cb03451daed3ee968ac6c63e) Importer(2089858483,0ecaa5967403d082aa24f35e1b516d23) [PhysX] Initialized MultithreadedTaskDispatcher with 10 workers.
 -> (artifact id: '0db5ed377e635d5cac60b40c83ec1d16') in 0.001794 seconds
Number of updated asset objects reloaded before import = 0
Number of asset objects unloaded after import = 1
========================================================================
Received Import Request.
  Time since last request: 0.000041 seconds.
  path: Assets/TextMesh Pro/Resources/Fonts & Materials/LiberationSans SDF.asset
  artifactKey: Guid(8f586378b4e144a9851e7b34d9b748ee) Importer(2089858483,0ecaa5967403d082aa24f35e1b516d23)
Start importing Assets/TextMesh Pro/Resources/Fonts & Materials/LiberationSans SDF.asset using Guid(8f586378b4e144a9851e7b34d9b748ee) Importer(2089858483,0ecaa5967403d082aa24f35e1b516d23) [PhysX] Initialized MultithreadedTaskDispatcher with 10 workers.
 -> (artifact id: '5a59d2e96621808bd3811fef79b97b33') in 0.018409 seconds
Number of updated asset objects reloaded before import = 0
Number of asset objects unloaded after import = 8
========================================================================
Received Import Request.
  Time since last request: 0.000026 seconds.
  path: Assets/Plugins/FMOD/src/ParamRefAttribute.cs
  artifactKey: Guid(7ae6224668d1647429723f89e10d593f) Importer(2089858483,0ecaa5967403d082aa24f35e1b516d23)
Start importing Assets/Plugins/FMOD/src/ParamRefAttribute.cs using Guid(7ae6224668d1647429723f89e10d593f) Importer(2089858483,0ecaa5967403d082aa24f35e1b516d23) [PhysX] Initialized MultithreadedTaskDispatcher with 10 workers.
 -> (artifact id: 'fba2992ef3eaed8f880af072f07bd11a') in 0.001490 seconds
Number of updated asset objects reloaded before import = 0
Number of asset objects unloaded after import = 1
========================================================================
Received Import Request.
  Time since last request: 0.000043 seconds.
  path: Assets/Plugins/FMOD/images/Preview.png
  artifactKey: Guid(0793eda432fc5df4ab1291e6baacd771) Importer(2089858483,0ecaa5967403d082aa24f35e1b516d23)
Start importing Assets/Plugins/FMOD/images/Preview.png using Guid(0793eda432fc5df4ab1291e6baacd771) Importer(2089858483,0ecaa5967403d082aa24f35e1b516d23) [PhysX] Initialized MultithreadedTaskDispatcher with 10 workers.
 -> (artifact id: '4eb5a737b3b5b4ad210cd71a52699911') in 0.003650 seconds
Number of updated asset objects reloaded before import = 0
Number of asset objects unloaded after import = 1
========================================================================
Received Import Request.
  Time since last request: 0.000053 seconds.
  path: Assets/Plugins/FMOD/images/FMODLogoBlack.png
  artifactKey: Guid(36e46b3c334e47e41a0b4ff2f26905ea) Importer(2089858483,0ecaa5967403d082aa24f35e1b516d23)
Start importing Assets/Plugins/FMOD/images/FMODLogoBlack.png using Guid(36e46b3c334e47e41a0b4ff2f26905ea) Importer(2089858483,0ecaa5967403d082aa24f35e1b516d23) [PhysX] Initialized MultithreadedTaskDispatcher with 10 workers.
 -> (artifact id: '6ff448e04e1cfdeaa4dd74af98a5131e') in 0.003997 seconds
Number of updated asset objects reloaded before import = 0
Number of asset objects unloaded after import = 1
========================================================================
Received Import Request.
  Time since last request: 0.000026 seconds.
  path: Assets/Plugins/FMOD/images/FolderIconClosed.png
  artifactKey: Guid(70efeb6d97126f843b30b8ed62d18a4f) Importer(2089858483,0ecaa5967403d082aa24f35e1b516d23)
Start importing Assets/Plugins/FMOD/images/FolderIconClosed.png using Guid(70efeb6d97126f843b30b8ed62d18a4f) Importer(2089858483,0ecaa5967403d082aa24f35e1b516d23) [PhysX] Initialized MultithreadedTaskDispatcher with 10 workers.
 -> (artifact id: '30547ad516d9b857c88db27b18d09733') in 0.004875 seconds
Number of updated asset objects reloaded before import = 0
Number of asset objects unloaded after import = 1
========================================================================
Received Import Request.
  Time since last request: 0.000044 seconds.
  path: Assets/Art/Materials/AI_Symbols/Animation_sprites.shadergraph
  artifactKey: Guid(05771ee05911447ddad0ffc452f21bd0) Importer(2089858483,0ecaa5967403d082aa24f35e1b516d23)
Start importing Assets/Art/Materials/AI_Symbols/Animation_sprites.shadergraph using Guid(05771ee05911447ddad0ffc452f21bd0) Importer(2089858483,0ecaa5967403d082aa24f35e1b516d23) [PhysX] Initialized MultithreadedTaskDispatcher with 10 workers.
 -> (artifact id: '698e7c0b9ab8102d1bf9d9ba0100a188') in 0.002614 seconds
Number of updated asset objects reloaded before import = 0
Number of asset objects unloaded after import = 2
========================================================================
Received Import Request.
  Time since last request: 0.000069 seconds.
  path: Assets/TextMesh Pro/Shaders/TMP_SDF-Surface.shader
  artifactKey: Guid(f7ada0af4f174f0694ca6a487b8f543d) Importer(2089858483,0ecaa5967403d082aa24f35e1b516d23)
Start importing Assets/TextMesh Pro/Shaders/TMP_SDF-Surface.shader using Guid(f7ada0af4f174f0694ca6a487b8f543d) Importer(2089858483,0ecaa5967403d082aa24f35e1b516d23) [PhysX] Initialized MultithreadedTaskDispatcher with 10 workers.
 -> (artifact id: 'f8b76969be7cc69938a3ee860e253c1f') in 0.002167 seconds
Number of updated asset objects reloaded before import = 0
Number of asset objects unloaded after import = 1
========================================================================
Received Import Request.
  Time since last request: 0.000072 seconds.
  path: Assets/Plugins/FMOD/src/PlatformMobileLow.cs
  artifactKey: Guid(3abeb1429547a134480f4f2f1efc7e21) Importer(2089858483,0ecaa5967403d082aa24f35e1b516d23)
Start importing Assets/Plugins/FMOD/src/PlatformMobileLow.cs using Guid(3abeb1429547a134480f4f2f1efc7e21) Importer(2089858483,0ecaa5967403d082aa24f35e1b516d23) [PhysX] Initialized MultithreadedTaskDispatcher with 10 workers.
 -> (artifact id: 'ae2f56fece978c056bcd989cc8276e78') in 0.001499 seconds
Number of updated asset objects reloaded before import = 0
Number of asset objects unloaded after import = 1
========================================================================
Received Import Request.
  Time since last request: 0.000045 seconds.
  path: Assets/Art/Shader/SubGraphs/Main Light.shadersubgraph
  artifactKey: Guid(970d962ef25c3084987fd10643902eed) Importer(2089858483,0ecaa5967403d082aa24f35e1b516d23)
Start importing Assets/Art/Shader/SubGraphs/Main Light.shadersubgraph using Guid(970d962ef25c3084987fd10643902eed) Importer(2089858483,0ecaa5967403d082aa24f35e1b516d23) [PhysX] Initialized MultithreadedTaskDispatcher with 10 workers.
 -> (artifact id: '404dda55ea5f5c895fe4b3d5732757dc') in 0.002474 seconds
Number of updated asset objects reloaded before import = 0
Number of asset objects unloaded after import = 1
========================================================================
Received Import Request.
  Time since last request: 0.000048 seconds.
  path: Assets/Mirza/CENSOR - Screen-Space Quantization and Refraction/Materials/Censor (Pixelate - Green).mat
  artifactKey: Guid(8ccee903c46cc624c8ca2cc41fe8ec1e) Importer(2089858483,0ecaa5967403d082aa24f35e1b516d23)
Start importing Assets/Mirza/CENSOR - Screen-Space Quantization and Refraction/Materials/Censor (Pixelate - Green).mat using Guid(8ccee903c46cc624c8ca2cc41fe8ec1e) Importer(2089858483,0ecaa5967403d082aa24f35e1b516d23) [PhysX] Initialized MultithreadedTaskDispatcher with 10 workers.
 -> (artifact id: 'e5071d120c81135740adda9c25fc4ab8') in 0.003062 seconds
Number of updated asset objects reloaded before import = 0
Number of asset objects unloaded after import = 1
========================================================================
Received Import Request.
  Time since last request: 0.000039 seconds.
  path: Assets/Art/Shader/SubGraphs/Main Light Shadows.shadersubgraph
  artifactKey: Guid(f3ba9248037f69f429d9e52bc2e30940) Importer(2089858483,0ecaa5967403d082aa24f35e1b516d23)
Start importing Assets/Art/Shader/SubGraphs/Main Light Shadows.shadersubgraph using Guid(f3ba9248037f69f429d9e52bc2e30940) Importer(2089858483,0ecaa5967403d082aa24f35e1b516d23) [PhysX] Initialized MultithreadedTaskDispatcher with 10 workers.
 -> (artifact id: 'debea56ce820aee93e8e6d5615d7994f') in 0.010468 seconds
Number of updated asset objects reloaded before import = 0
Number of asset objects unloaded after import = 1
========================================================================
Received Import Request.
  Time since last request: 0.000083 seconds.
  path: Assets/Art/Shader/SubGraphs/castingShadows.shadersubgraph
  artifactKey: Guid(b5c0883ddad404d82aee7c1c12b27a4f) Importer(2089858483,0ecaa5967403d082aa24f35e1b516d23)
Start importing Assets/Art/Shader/SubGraphs/castingShadows.shadersubgraph using Guid(b5c0883ddad404d82aee7c1c12b27a4f) Importer(2089858483,0ecaa5967403d082aa24f35e1b516d23) [PhysX] Initialized MultithreadedTaskDispatcher with 10 workers.
 -> (artifact id: '3a5e314bf91d8b91dfbbb3a3bbe7b997') in 0.002482 seconds
Number of updated asset objects reloaded before import = 0
Number of asset objects unloaded after import = 1
========================================================================
Received Import Request.
  Time since last request: 0.000069 seconds.
  path: Assets/Plugins/FMOD/src/Settings.cs
  artifactKey: Guid(eef8d824ea7b63742966aaa0e94ac383) Importer(2089858483,0ecaa5967403d082aa24f35e1b516d23)
Start importing Assets/Plugins/FMOD/src/Settings.cs using Guid(eef8d824ea7b63742966aaa0e94ac383) Importer(2089858483,0ecaa5967403d082aa24f35e1b516d23) [PhysX] Initialized MultithreadedTaskDispatcher with 10 workers.
 -> (artifact id: '5b4e6d76d541f735645b6931aaddfb82') in 0.001223 seconds
Number of updated asset objects reloaded before import = 0
Number of asset objects unloaded after import = 1
========================================================================
Received Import Request.
  Time since last request: 0.000028 seconds.
  path: Assets/Plugins/Sortify/Dashboard/SortifyChangeLog.asset
  artifactKey: Guid(fc85eeca5329fa2498ace694d4a54ca5) Importer(2089858483,0ecaa5967403d082aa24f35e1b516d23)
Start importing Assets/Plugins/Sortify/Dashboard/SortifyChangeLog.asset using Guid(fc85eeca5329fa2498ace694d4a54ca5) Importer(2089858483,0ecaa5967403d082aa24f35e1b516d23) [PhysX] Initialized MultithreadedTaskDispatcher with 10 workers.
 -> (artifact id: '64c37d6b03104ce7e32928a9db3d9bb3') in 0.001749 seconds
Number of updated asset objects reloaded before import = 0
Number of asset objects unloaded after import = 1
========================================================================
Received Import Request.
  Time since last request: 0.000029 seconds.
  path: Assets/Scripts/UI/Dialog_PopupSystem/PopupTrigger.cs
  artifactKey: Guid(65145199e0aec734798b39aca83e1cdf) Importer(2089858483,0ecaa5967403d082aa24f35e1b516d23)
Start importing Assets/Scripts/UI/Dialog_PopupSystem/PopupTrigger.cs using Guid(65145199e0aec734798b39aca83e1cdf) Importer(2089858483,0ecaa5967403d082aa24f35e1b516d23) [PhysX] Initialized MultithreadedTaskDispatcher with 10 workers.
 -> (artifact id: '41241298ebc67fbf8e8dfbb6396c869a') in 0.001306 seconds
Number of updated asset objects reloaded before import = 0
Number of asset objects unloaded after import = 1
========================================================================
Received Import Request.
  Time since last request: 0.000041 seconds.
  path: Assets/Mirza/CENSOR - Screen-Space Quantization and Refraction/Materials/Censor (Pixelate - Red).mat
  artifactKey: Guid(c7f0691abff2dbf42b388db0537c8ce7) Importer(2089858483,0ecaa5967403d082aa24f35e1b516d23)
Start importing Assets/Mirza/CENSOR - Screen-Space Quantization and Refraction/Materials/Censor (Pixelate - Red).mat using Guid(c7f0691abff2dbf42b388db0537c8ce7) Importer(2089858483,0ecaa5967403d082aa24f35e1b516d23) [PhysX] Initialized MultithreadedTaskDispatcher with 10 workers.
 -> (artifact id: '97c59b07b6bee805df497a35ee70a5c8') in 0.001909 seconds
Number of updated asset objects reloaded before import = 0
Number of asset objects unloaded after import = 1
========================================================================
Received Import Request.
  Time since last request: 2.477552 seconds.
  path: Assets/Art/Shader/Simple Toon/Shaders/STDefault.shader
  artifactKey: Guid(7cd5de0b884b14f88ab763ef465e1799) Importer(2089858483,0ecaa5967403d082aa24f35e1b516d23)
Start importing Assets/Art/Shader/Simple Toon/Shaders/STDefault.shader using Guid(7cd5de0b884b14f88ab763ef465e1799) Importer(2089858483,0ecaa5967403d082aa24f35e1b516d23) [PhysX] Initialized MultithreadedTaskDispatcher with 10 workers.
 -> (artifact id: '9fe2c1445fc6d092e37a4ba2ee85bdec') in 0.006851 seconds
Number of updated asset objects reloaded before import = 0
Number of asset objects unloaded after import = 1
========================================================================
Received Import Request.
  Time since last request: 0.000117 seconds.
  path: Assets/Art/Shader/Simple Toon/Demo/Scenes/DemoScene2.unity
  artifactKey: Guid(08dc1ccecf33249198ba2fe94fcfb8e0) Importer(2089858483,0ecaa5967403d082aa24f35e1b516d23)
Start importing Assets/Art/Shader/Simple Toon/Demo/Scenes/DemoScene2.unity using Guid(08dc1ccecf33249198ba2fe94fcfb8e0) Importer(2089858483,0ecaa5967403d082aa24f35e1b516d23) [PhysX] Initialized MultithreadedTaskDispatcher with 10 workers.
 -> (artifact id: 'e2e0c10ef34eca6f2adb745851865f4e') in 0.001788 seconds
Number of updated asset objects reloaded before import = 0
Number of asset objects unloaded after import = 1
========================================================================
Received Import Request.
  Time since last request: 0.000160 seconds.
  path: Assets/Plugins/FMOD/src/Editor/EditorUtils.cs
  artifactKey: Guid(2bb4068641d1f71478f95a9b73533f51) Importer(2089858483,0ecaa5967403d082aa24f35e1b516d23)
Start importing Assets/Plugins/FMOD/src/Editor/EditorUtils.cs using Guid(2bb4068641d1f71478f95a9b73533f51) Importer(2089858483,0ecaa5967403d082aa24f35e1b516d23) [PhysX] Initialized MultithreadedTaskDispatcher with 10 workers.
 -> (artifact id: '5722c3db302b4e3dc7ae31bc544cc207') in 0.004509 seconds
Number of updated asset objects reloaded before import = 0
Number of asset objects unloaded after import = 1
========================================================================
Received Import Request.
  Time since last request: 0.000106 seconds.
  path: Assets/Art/Shader/Simple Toon/Demo/Materials/DemoMat0.mat
  artifactKey: Guid(89da178192942474cb10e6ba8737a6a7) Importer(2089858483,0ecaa5967403d082aa24f35e1b516d23)
Start importing Assets/Art/Shader/Simple Toon/Demo/Materials/DemoMat0.mat using Guid(89da178192942474cb10e6ba8737a6a7) Importer(2089858483,0ecaa5967403d082aa24f35e1b516d23) [PhysX] Initialized MultithreadedTaskDispatcher with 10 workers.
 -> (artifact id: 'c480cdb9efab4fe3149cc3b925968980') in 0.004923 seconds
Number of updated asset objects reloaded before import = 0
Number of asset objects unloaded after import = 2
========================================================================
Received Import Request.
  Time since last request: 0.000046 seconds.
  path: Assets/Plugins/Sortify/Modules/SortifyAttributes/MessageAttribute.cs
  artifactKey: Guid(1c2cd66ff855a6947a2d1de3b33521da) Importer(2089858483,0ecaa5967403d082aa24f35e1b516d23)
Start importing Assets/Plugins/Sortify/Modules/SortifyAttributes/MessageAttribute.cs using Guid(1c2cd66ff855a6947a2d1de3b33521da) Importer(2089858483,0ecaa5967403d082aa24f35e1b516d23) [PhysX] Initialized MultithreadedTaskDispatcher with 10 workers.
 -> (artifact id: 'a9c52e91982f7f834ede69964930a3f5') in 0.001907 seconds
Number of updated asset objects reloaded before import = 0
Number of asset objects unloaded after import = 1
========================================================================
Received Import Request.
  Time since last request: 0.000035 seconds.
  path: Assets/Mirza/_VFXToolkit/_Demo/Prefabs/Scene Template.prefab
  artifactKey: Guid(8561c4e164b6b9c41b120fe3376c96b0) Importer(2089858483,0ecaa5967403d082aa24f35e1b516d23)
Start importing Assets/Mirza/_VFXToolkit/_Demo/Prefabs/Scene Template.prefab using Guid(8561c4e164b6b9c41b120fe3376c96b0) Importer(2089858483,0ecaa5967403d082aa24f35e1b516d23) [PhysX] Initialized MultithreadedTaskDispatcher with 10 workers.
 -> (artifact id: '32a76d4a0f5542fcc57bdcb24685c4d9') in 0.052293 seconds
Number of updated asset objects reloaded before import = 0
Number of asset objects unloaded after import = 563
========================================================================
Received Import Request.
  Time since last request: 0.000052 seconds.
  path: Assets/Art/Shader/Simple Toon/Shaders/STTransparent.shader
  artifactKey: Guid(481153b840b6e408da95e6afbe176397) Importer(2089858483,0ecaa5967403d082aa24f35e1b516d23)
Start importing Assets/Art/Shader/Simple Toon/Shaders/STTransparent.shader using Guid(481153b840b6e408da95e6afbe176397) Importer(2089858483,0ecaa5967403d082aa24f35e1b516d23) [PhysX] Initialized MultithreadedTaskDispatcher with 10 workers.
 -> (artifact id: '7f7cd65f7acd4239bb67d8f1ffd83ac0') in 0.002895 seconds
Number of updated asset objects reloaded before import = 0
Number of asset objects unloaded after import = 1
========================================================================
Received Import Request.
  Time since last request: 0.000048 seconds.
  path: Assets/Mirza/_VFXToolkit/_Demo/Models/ProBuilder Meshes/pb_Mesh-1490(Clone).asset
  artifactKey: Guid(e5623db2dbd95fa40af52992a35603dd) Importer(2089858483,0ecaa5967403d082aa24f35e1b516d23)
Start importing Assets/Mirza/_VFXToolkit/_Demo/Models/ProBuilder Meshes/pb_Mesh-1490(Clone).asset using Guid(e5623db2dbd95fa40af52992a35603dd) Importer(2089858483,0ecaa5967403d082aa24f35e1b516d23) [PhysX] Initialized MultithreadedTaskDispatcher with 10 workers.
 -> (artifact id: 'f9eea6f042ed35290b837510036aad3d') in 0.001717 seconds
Number of updated asset objects reloaded before import = 0
Number of asset objects unloaded after import = 1
========================================================================
Received Import Request.
  Time since last request: 0.000049 seconds.
  path: Assets/Art/Shader/Simple Toon/Demo/Scenes/DemoScene3.unity
  artifactKey: Guid(172a3bd741ad7437a8d5a4b4ee547c58) Importer(2089858483,0ecaa5967403d082aa24f35e1b516d23)
Start importing Assets/Art/Shader/Simple Toon/Demo/Scenes/DemoScene3.unity using Guid(172a3bd741ad7437a8d5a4b4ee547c58) Importer(2089858483,0ecaa5967403d082aa24f35e1b516d23) [PhysX] Initialized MultithreadedTaskDispatcher with 10 workers.
 -> (artifact id: '13b0fa83d49f0ebb2fcc153192fddc6c') in 0.001569 seconds
Number of updated asset objects reloaded before import = 0
Number of asset objects unloaded after import = 1
========================================================================
Received Import Request.
  Time since last request: 0.000053 seconds.
  path: Assets/Art/Shader/Simple Toon/Demo/Scenes/DemoScene1.unity
  artifactKey: Guid(f8d2c849252e54bd08b0c224ddb18cd7) Importer(2089858483,0ecaa5967403d082aa24f35e1b516d23)
Start importing Assets/Art/Shader/Simple Toon/Demo/Scenes/DemoScene1.unity using Guid(f8d2c849252e54bd08b0c224ddb18cd7) Importer(2089858483,0ecaa5967403d082aa24f35e1b516d23) [PhysX] Initialized MultithreadedTaskDispatcher with 10 workers.
 -> (artifact id: '32da856846d53717fbf191f125e11a4d') in 0.001115 seconds
Number of updated asset objects reloaded before import = 0
Number of asset objects unloaded after import = 1
========================================================================
Received Import Request.
  Time since last request: 0.000061 seconds.
  path: Assets/Mirza/_VFXToolkit/_Demo/Models/ProBuilder Meshes/pb_Mesh-1774(Clone).asset
  artifactKey: Guid(98770d0d87938af498705d233251df59) Importer(2089858483,0ecaa5967403d082aa24f35e1b516d23)
Start importing Assets/Mirza/_VFXToolkit/_Demo/Models/ProBuilder Meshes/pb_Mesh-1774(Clone).asset using Guid(98770d0d87938af498705d233251df59) Importer(2089858483,0ecaa5967403d082aa24f35e1b516d23) [PhysX] Initialized MultithreadedTaskDispatcher with 10 workers.
 -> (artifact id: '87f114c39d59f77aa439295f799c89f0') in 0.001344 seconds
Number of updated asset objects reloaded before import = 0
Number of asset objects unloaded after import = 1
========================================================================
Received Import Request.
  Time since last request: 0.000067 seconds.
  path: Assets/Mirza/_VFXToolkit/_Demo/Prefabs/Environment/Environment.prefab
  artifactKey: Guid(faad01a131b186a41b2bfdf812fef70a) Importer(2089858483,0ecaa5967403d082aa24f35e1b516d23)
Start importing Assets/Mirza/_VFXToolkit/_Demo/Prefabs/Environment/Environment.prefab using Guid(faad01a131b186a41b2bfdf812fef70a) Importer(2089858483,0ecaa5967403d082aa24f35e1b516d23) [PhysX] Initialized MultithreadedTaskDispatcher with 10 workers.
 -> (artifact id: 'f2f4e1055bf9937cfa74565611847065') in 0.003280 seconds
Number of updated asset objects reloaded before import = 0
Number of asset objects unloaded after import = 420
========================================================================
Received Import Request.
  Time since last request: 0.000024 seconds.
  path: Assets/Plugins/FMOD/src/Editor/EventRefDrawer.cs
  artifactKey: Guid(29a86a77bf7568e499243d9b47b7e88e) Importer(2089858483,0ecaa5967403d082aa24f35e1b516d23)
Start importing Assets/Plugins/FMOD/src/Editor/EventRefDrawer.cs using Guid(29a86a77bf7568e499243d9b47b7e88e) Importer(2089858483,0ecaa5967403d082aa24f35e1b516d23) [PhysX] Initialized MultithreadedTaskDispatcher with 10 workers.
 -> (artifact id: '64dc725cac4b5fcff97bb4f28f3e7936') in 0.003004 seconds
Number of updated asset objects reloaded before import = 0
Number of asset objects unloaded after import = 1
========================================================================
Received Import Request.
  Time since last request: 0.000029 seconds.
  path: Assets/Art/Shader/Simple Toon/Demo/Materials/DemoMat7.mat
  artifactKey: Guid(6accb9ec6153947cbae3f2aff1e3c866) Importer(2089858483,0ecaa5967403d082aa24f35e1b516d23)
Start importing Assets/Art/Shader/Simple Toon/Demo/Materials/DemoMat7.mat using Guid(6accb9ec6153947cbae3f2aff1e3c866) Importer(2089858483,0ecaa5967403d082aa24f35e1b516d23) [PhysX] Initialized MultithreadedTaskDispatcher with 10 workers.
 -> (artifact id: 'a31118b6e4f65570f606bf9152fe35ca') in 0.002261 seconds
Number of updated asset objects reloaded before import = 0
Number of asset objects unloaded after import = 2
========================================================================
Received Import Request.
  Time since last request: 0.000067 seconds.
  path: Assets/Plugins/Sortify/Modules/SortifyAttributes/LayerAttribute.cs
  artifactKey: Guid(54b349beedeaf724e96af4c0381a1d95) Importer(2089858483,0ecaa5967403d082aa24f35e1b516d23)
Start importing Assets/Plugins/Sortify/Modules/SortifyAttributes/LayerAttribute.cs using Guid(54b349beedeaf724e96af4c0381a1d95) Importer(2089858483,0ecaa5967403d082aa24f35e1b516d23) [PhysX] Initialized MultithreadedTaskDispatcher with 10 workers.
 -> (artifact id: '5996a5beaae1085250ba4c29f1d9ec8d') in 0.001459 seconds
Number of updated asset objects reloaded before import = 0
Number of asset objects unloaded after import = 1
========================================================================
Received Import Request.
  Time since last request: 0.000081 seconds.
  path: Assets/Mirza/_VFXToolkit/_Demo/Models/ProBuilder Meshes/pb_Mesh-1808(Clone).asset
  artifactKey: Guid(b114bb8d7e8d15d42800cf1a3866346f) Importer(2089858483,0ecaa5967403d082aa24f35e1b516d23)
Start importing Assets/Mirza/_VFXToolkit/_Demo/Models/ProBuilder Meshes/pb_Mesh-1808(Clone).asset using Guid(b114bb8d7e8d15d42800cf1a3866346f) Importer(2089858483,0ecaa5967403d082aa24f35e1b516d23) [PhysX] Initialized MultithreadedTaskDispatcher with 10 workers.
 -> (artifact id: 'e8c9ffee4a86d580e0c5736e0f04e232') in 0.001359 seconds
Number of updated asset objects reloaded before import = 0
Number of asset objects unloaded after import = 1
========================================================================
Received Import Request.
  Time since last request: 0.000080 seconds.
  path: Assets/Mirza/_VFXToolkit/_Demo/Models/ProBuilder Meshes/pb_Mesh-1598(Clone).asset
  artifactKey: Guid(f28bc8f2c19de7648a99dbad1811d57c) Importer(2089858483,0ecaa5967403d082aa24f35e1b516d23)
Start importing Assets/Mirza/_VFXToolkit/_Demo/Models/ProBuilder Meshes/pb_Mesh-1598(Clone).asset using Guid(f28bc8f2c19de7648a99dbad1811d57c) Importer(2089858483,0ecaa5967403d082aa24f35e1b516d23) [PhysX] Initialized MultithreadedTaskDispatcher with 10 workers.
 -> (artifact id: '7b4e263e099462d8b2a2daaa032e0291') in 0.001321 seconds
Number of updated asset objects reloaded before import = 0
Number of asset objects unloaded after import = 1
========================================================================
Received Import Request.
  Time since last request: 0.000059 seconds.
  path: Assets/Mirza/_VFXToolkit/_Demo/Scripts/MFXTK_FPSDisplay.cs
  artifactKey: Guid(6f89cc6358924444c9404ae30296d565) Importer(2089858483,0ecaa5967403d082aa24f35e1b516d23)
Start importing Assets/Mirza/_VFXToolkit/_Demo/Scripts/MFXTK_FPSDisplay.cs using Guid(6f89cc6358924444c9404ae30296d565) Importer(2089858483,0ecaa5967403d082aa24f35e1b516d23) [PhysX] Initialized MultithreadedTaskDispatcher with 10 workers.
 -> (artifact id: '91bd739ccb9c4eb3227a07d52d3ced38') in 0.001885 seconds
Number of updated asset objects reloaded before import = 0
Number of asset objects unloaded after import = 1
========================================================================
Received Import Request.
  Time since last request: 0.000098 seconds.
  path: Assets/Mirza/_VFXToolkit/_Demo/Models/ProBuilder Meshes/pb_Mesh-16888(Clone).asset
  artifactKey: Guid(989d35f45db09064fab18c0bcb06e4af) Importer(2089858483,0ecaa5967403d082aa24f35e1b516d23)
Start importing Assets/Mirza/_VFXToolkit/_Demo/Models/ProBuilder Meshes/pb_Mesh-16888(Clone).asset using Guid(989d35f45db09064fab18c0bcb06e4af) Importer(2089858483,0ecaa5967403d082aa24f35e1b516d23) [PhysX] Initialized MultithreadedTaskDispatcher with 10 workers.
 -> (artifact id: '6dc6a44178da46f0182d073c24b60b05') in 0.002059 seconds
Number of updated asset objects reloaded before import = 0
Number of asset objects unloaded after import = 1
========================================================================
Received Import Request.
  Time since last request: 0.000052 seconds.
  path: Assets/Mirza/_VFXToolkit/_Demo/Models/ProBuilder Meshes/pb_Mesh-15100(Clone).asset
  artifactKey: Guid(fa8d0932fe091044da36f48bbe12ad74) Importer(2089858483,0ecaa5967403d082aa24f35e1b516d23)
Start importing Assets/Mirza/_VFXToolkit/_Demo/Models/ProBuilder Meshes/pb_Mesh-15100(Clone).asset using Guid(fa8d0932fe091044da36f48bbe12ad74) Importer(2089858483,0ecaa5967403d082aa24f35e1b516d23) [PhysX] Initialized MultithreadedTaskDispatcher with 10 workers.
 -> (artifact id: '75822dbb5eb7702d7c7c1baf90c0fea0') in 0.002022 seconds
Number of updated asset objects reloaded before import = 0
Number of asset objects unloaded after import = 1
========================================================================
Received Import Request.
  Time since last request: 0.000031 seconds.
  path: Assets/Mirza/_VFXToolkit/_Demo/Textures/GridBox_Default.png
  artifactKey: Guid(578ec08b9c000bd48a2e37437704b08d) Importer(2089858483,0ecaa5967403d082aa24f35e1b516d23)
Start importing Assets/Mirza/_VFXToolkit/_Demo/Textures/GridBox_Default.png using Guid(578ec08b9c000bd48a2e37437704b08d) Importer(2089858483,0ecaa5967403d082aa24f35e1b516d23) [PhysX] Initialized MultithreadedTaskDispatcher with 10 workers.
 -> (artifact id: 'be220aef1d319689690ec323b592de08') in 0.004116 seconds
Number of updated asset objects reloaded before import = 0
Number of asset objects unloaded after import = 1
========================================================================
Received Import Request.
  Time since last request: 0.000053 seconds.
  path: Assets/Plugins/Sortify/Modules/SortifyCore/SortifyUserDataManager.cs
  artifactKey: Guid(2fff6b744f04a294d807e8e4560c24cf) Importer(2089858483,0ecaa5967403d082aa24f35e1b516d23)
Start importing Assets/Plugins/Sortify/Modules/SortifyCore/SortifyUserDataManager.cs using Guid(2fff6b744f04a294d807e8e4560c24cf) Importer(2089858483,0ecaa5967403d082aa24f35e1b516d23) [PhysX] Initialized MultithreadedTaskDispatcher with 10 workers.
 -> (artifact id: 'f36ad0ac4ca81b33a499e23a23710b5f') in 0.002923 seconds
Number of updated asset objects reloaded before import = 0
Number of asset objects unloaded after import = 1
========================================================================
Received Import Request.
  Time since last request: 0.000030 seconds.
  path: Assets/Plugins/FMOD/src/Editor/EditorBankRef.cs
  artifactKey: Guid(c18180ecb35941f4682ae60107b85b7c) Importer(2089858483,0ecaa5967403d082aa24f35e1b516d23)
Start importing Assets/Plugins/FMOD/src/Editor/EditorBankRef.cs using Guid(c18180ecb35941f4682ae60107b85b7c) Importer(2089858483,0ecaa5967403d082aa24f35e1b516d23) [PhysX] Initialized MultithreadedTaskDispatcher with 10 workers.
 -> (artifact id: '56ee301f539f0ddc4a7872123b5f7a92') in 0.001675 seconds
Number of updated asset objects reloaded before import = 0
Number of asset objects unloaded after import = 1
========================================================================
Received Import Request.
  Time since last request: 0.000039 seconds.
  path: Assets/Plugins/Sortify/Modules/SortifyAttributes/ButtonAttribute.cs
  artifactKey: Guid(a07d57111176dfc4da6e628fb2928c21) Importer(2089858483,0ecaa5967403d082aa24f35e1b516d23)
Start importing Assets/Plugins/Sortify/Modules/SortifyAttributes/ButtonAttribute.cs using Guid(a07d57111176dfc4da6e628fb2928c21) Importer(2089858483,0ecaa5967403d082aa24f35e1b516d23) [PhysX] Initialized MultithreadedTaskDispatcher with 10 workers.
 -> (artifact id: 'cc6086b6032e532cdd54cdad9c86b231') in 0.001460 seconds
Number of updated asset objects reloaded before import = 0
Number of asset objects unloaded after import = 1
========================================================================
Received Import Request.
  Time since last request: 0.000086 seconds.
  path: Assets/Mirza/_VFXToolkit/_Demo/Models/ProBuilder Meshes/pb_Mesh-1538(Clone).asset
  artifactKey: Guid(8417d91b7cc6b794a95b06980e5a3ec0) Importer(2089858483,0ecaa5967403d082aa24f35e1b516d23)
Start importing Assets/Mirza/_VFXToolkit/_Demo/Models/ProBuilder Meshes/pb_Mesh-1538(Clone).asset using Guid(8417d91b7cc6b794a95b06980e5a3ec0) Importer(2089858483,0ecaa5967403d082aa24f35e1b516d23) [PhysX] Initialized MultithreadedTaskDispatcher with 10 workers.
 -> (artifact id: '5f8dc967c29ab8cf1089a3767f125f18') in 0.001217 seconds
Number of updated asset objects reloaded before import = 0
Number of asset objects unloaded after import = 1
========================================================================
Received Import Request.
  Time since last request: 0.000075 seconds.
  path: Assets/Plugins/Sortify/Modules/SortifyHighlight/SortifyHighlight.cs
  artifactKey: Guid(a0ef26c1c703cd84aa0d257c4daa04a4) Importer(2089858483,0ecaa5967403d082aa24f35e1b516d23)
Start importing Assets/Plugins/Sortify/Modules/SortifyHighlight/SortifyHighlight.cs using Guid(a0ef26c1c703cd84aa0d257c4daa04a4) Importer(2089858483,0ecaa5967403d082aa24f35e1b516d23) [PhysX] Initialized MultithreadedTaskDispatcher with 10 workers.
 -> (artifact id: '890926cb327f556eccb4ed6591c6c46c') in 0.001376 seconds
Number of updated asset objects reloaded before import = 0
Number of asset objects unloaded after import = 1
========================================================================
Received Import Request.
  Time since last request: 0.000027 seconds.
  path: Assets/Mirza/_VFXToolkit/_Demo/Models/ProBuilder Meshes/pb_Mesh-15086(Clone).asset
  artifactKey: Guid(5a80b1482d15bd945b6d1c6f9e92fc1d) Importer(2089858483,0ecaa5967403d082aa24f35e1b516d23)
Start importing Assets/Mirza/_VFXToolkit/_Demo/Models/ProBuilder Meshes/pb_Mesh-15086(Clone).asset using Guid(5a80b1482d15bd945b6d1c6f9e92fc1d) Importer(2089858483,0ecaa5967403d082aa24f35e1b516d23) [PhysX] Initialized MultithreadedTaskDispatcher with 10 workers.
 -> (artifact id: 'd8d3996bb95d721ede869708c93121ff') in 0.002001 seconds
Number of updated asset objects reloaded before import = 0
Number of asset objects unloaded after import = 1
========================================================================
Received Import Request.
  Time since last request: 0.000033 seconds.
  path: Assets/Plugins/FMOD/src/Editor/Localization.cs
  artifactKey: Guid(3090e47fa3df08f469c1d65999e47956) Importer(2089858483,0ecaa5967403d082aa24f35e1b516d23)
Start importing Assets/Plugins/FMOD/src/Editor/Localization.cs using Guid(3090e47fa3df08f469c1d65999e47956) Importer(2089858483,0ecaa5967403d082aa24f35e1b516d23) [PhysX] Initialized MultithreadedTaskDispatcher with 10 workers.
 -> (artifact id: 'c92727abd6a5ab0ec955ab05adfeb9d4') in 0.001170 seconds
Number of updated asset objects reloaded before import = 0
Number of asset objects unloaded after import = 1
========================================================================
Received Import Request.
  Time since last request: 0.000034 seconds.
  path: Assets/Mirza/_VFXToolkit/_Demo/Models/ProBuilder Meshes/pb_Mesh-1720(Clone).asset
  artifactKey: Guid(0aba2a2bd75ff7c42861455f36f580d4) Importer(2089858483,0ecaa5967403d082aa24f35e1b516d23)
Start importing Assets/Mirza/_VFXToolkit/_Demo/Models/ProBuilder Meshes/pb_Mesh-1720(Clone).asset using Guid(0aba2a2bd75ff7c42861455f36f580d4) Importer(2089858483,0ecaa5967403d082aa24f35e1b516d23) [PhysX] Initialized MultithreadedTaskDispatcher with 10 workers.
 -> (artifact id: '4d8fe22934aa1b840c941e93989a3aa6') in 0.001252 seconds
Number of updated asset objects reloaded before import = 0
Number of asset objects unloaded after import = 1
========================================================================
Received Import Request.
  Time since last request: 0.000020 seconds.
  path: Assets/Mirza/_VFXToolkit/_Demo/Materials/ProBuilderDefault (URP Lit).mat
  artifactKey: Guid(aca71aadbe95a0f479b26e2d3ae548f8) Importer(2089858483,0ecaa5967403d082aa24f35e1b516d23)
Start importing Assets/Mirza/_VFXToolkit/_Demo/Materials/ProBuilderDefault (URP Lit).mat using Guid(aca71aadbe95a0f479b26e2d3ae548f8) Importer(2089858483,0ecaa5967403d082aa24f35e1b516d23) [PhysX] Initialized MultithreadedTaskDispatcher with 10 workers.
 -> (artifact id: '037826f76fe5082a7e344e23a7aa01c8') in 0.002433 seconds
Number of updated asset objects reloaded before import = 0
Number of asset objects unloaded after import = 2
========================================================================
Received Import Request.
  Time since last request: 0.000023 seconds.
  path: Assets/Plugins/Sortify/Modules/SortifyAttributes/BetterHeaderAttribute.cs
  artifactKey: Guid(76730e8447e7c5e4d8c27b9477efbf5b) Importer(2089858483,0ecaa5967403d082aa24f35e1b516d23)
Start importing Assets/Plugins/Sortify/Modules/SortifyAttributes/BetterHeaderAttribute.cs using Guid(76730e8447e7c5e4d8c27b9477efbf5b) Importer(2089858483,0ecaa5967403d082aa24f35e1b516d23) [PhysX] Initialized MultithreadedTaskDispatcher with 10 workers.
 -> (artifact id: 'cde5a46c2c59ec196809da9f266c8435') in 0.001429 seconds
Number of updated asset objects reloaded before import = 0
Number of asset objects unloaded after import = 1
========================================================================
Received Import Request.
  Time since last request: 0.000030 seconds.
  path: Assets/Plugins/Sortify/Modules/SortifyCore/SortifyNoteDatabase.asset
  artifactKey: Guid(157975f53d05612488607cf545ede7bd) Importer(2089858483,0ecaa5967403d082aa24f35e1b516d23)
Start importing Assets/Plugins/Sortify/Modules/SortifyCore/SortifyNoteDatabase.asset using Guid(157975f53d05612488607cf545ede7bd) Importer(2089858483,0ecaa5967403d082aa24f35e1b516d23) [PhysX] Initialized MultithreadedTaskDispatcher with 10 workers.
 -> (artifact id: '3e2e9a00b8b195daa58f39e9c105bbec') in 0.003324 seconds
Number of updated asset objects reloaded before import = 0
Number of asset objects unloaded after import = 1
========================================================================
Received Import Request.
  Time since last request: 0.000064 seconds.
  path: Assets/Plugins/FMOD/src/Editor/SettingsEditor.cs
  artifactKey: Guid(353a9c870c318f74fa5fdcd475129bae) Importer(2089858483,0ecaa5967403d082aa24f35e1b516d23)
Start importing Assets/Plugins/FMOD/src/Editor/SettingsEditor.cs using Guid(353a9c870c318f74fa5fdcd475129bae) Importer(2089858483,0ecaa5967403d082aa24f35e1b516d23) [PhysX] Initialized MultithreadedTaskDispatcher with 10 workers.
 -> (artifact id: 'aaf04b45e272e273188058981e9778a2') in 0.001621 seconds
Number of updated asset objects reloaded before import = 0
Number of asset objects unloaded after import = 1
========================================================================
Received Import Request.
  Time since last request: 0.000037 seconds.
  path: Assets/Plugins/FMOD/src/Editor/FMODUnityEditor.asmdef
  artifactKey: Guid(aab3caaf43456d6449a3e035348ff798) Importer(2089858483,0ecaa5967403d082aa24f35e1b516d23)
Start importing Assets/Plugins/FMOD/src/Editor/FMODUnityEditor.asmdef using Guid(aab3caaf43456d6449a3e035348ff798) Importer(2089858483,0ecaa5967403d082aa24f35e1b516d23) [PhysX] Initialized MultithreadedTaskDispatcher with 10 workers.
 -> (artifact id: '7241b6f45d7034bd8cef893234817dad') in 0.001461 seconds
Number of updated asset objects reloaded before import = 0
Number of asset objects unloaded after import = 1
========================================================================
Received Import Request.
  Time since last request: 0.000039 seconds.
  path: Assets/Plugins/Sortify/Modules/SortifyCore/SortifyRemainingComponentsPopup.cs
  artifactKey: Guid(32c8529a9214932438d8d597f9f18d70) Importer(2089858483,0ecaa5967403d082aa24f35e1b516d23)
Start importing Assets/Plugins/Sortify/Modules/SortifyCore/SortifyRemainingComponentsPopup.cs using Guid(32c8529a9214932438d8d597f9f18d70) Importer(2089858483,0ecaa5967403d082aa24f35e1b516d23) [PhysX] Initialized MultithreadedTaskDispatcher with 10 workers.
 -> (artifact id: '460466c71340dec66fef3a2f400ec32e') in 0.001685 seconds
Number of updated asset objects reloaded before import = 0
Number of asset objects unloaded after import = 1
========================================================================
Received Import Request.
  Time since last request: 0.000047 seconds.
  path: Assets/Mirza/_VFXToolkit/_Demo/Models/ProBuilder Meshes/pb_Mesh-1340(Clone).asset
  artifactKey: Guid(3e6a3500732d4cc4397d9030817541b7) Importer(2089858483,0ecaa5967403d082aa24f35e1b516d23)
Start importing Assets/Mirza/_VFXToolkit/_Demo/Models/ProBuilder Meshes/pb_Mesh-1340(Clone).asset using Guid(3e6a3500732d4cc4397d9030817541b7) Importer(2089858483,0ecaa5967403d082aa24f35e1b516d23) [PhysX] Initialized MultithreadedTaskDispatcher with 10 workers.
 -> (artifact id: '07f5be1ba011a1462acc23b7aa73d581') in 0.001529 seconds
Number of updated asset objects reloaded before import = 0
Number of asset objects unloaded after import = 1
========================================================================
Received Import Request.
  Time since last request: 0.000033 seconds.
  path: Assets/Plugins/Sortify/Modules/SortifyAttributes/ValidateAttribute.cs
  artifactKey: Guid(db0f6ada0388a95419b4150a9077dec9) Importer(2089858483,0ecaa5967403d082aa24f35e1b516d23)
Start importing Assets/Plugins/Sortify/Modules/SortifyAttributes/ValidateAttribute.cs using Guid(db0f6ada0388a95419b4150a9077dec9) Importer(2089858483,0ecaa5967403d082aa24f35e1b516d23) [PhysX] Initialized MultithreadedTaskDispatcher with 10 workers.
 -> (artifact id: 'cf02866b7456c510449d8edfa9476e89') in 0.001263 seconds
Number of updated asset objects reloaded before import = 0
Number of asset objects unloaded after import = 1
========================================================================
Received Import Request.
  Time since last request: 0.000030 seconds.
  path: Assets/Plugins/FMOD/src/Editor/FileReorganizer.cs
  artifactKey: Guid(3349615af02d64e4e8d1026e228c4a25) Importer(2089858483,0ecaa5967403d082aa24f35e1b516d23)
Start importing Assets/Plugins/FMOD/src/Editor/FileReorganizer.cs using Guid(3349615af02d64e4e8d1026e228c4a25) Importer(2089858483,0ecaa5967403d082aa24f35e1b516d23) [PhysX] Initialized MultithreadedTaskDispatcher with 10 workers.
 -> (artifact id: '617cfcf56d989fe397d117ad5d55eff2') in 0.001520 seconds
Number of updated asset objects reloaded before import = 0
Number of asset objects unloaded after import = 1
========================================================================
Received Import Request.
  Time since last request: 0.000062 seconds.
  path: Assets/Plugins/FMOD/src/Editor/StudioBankLoaderEditor.cs
  artifactKey: Guid(f7f61e03a350e1e428dba6c562f3d64a) Importer(2089858483,0ecaa5967403d082aa24f35e1b516d23)
Start importing Assets/Plugins/FMOD/src/Editor/StudioBankLoaderEditor.cs using Guid(f7f61e03a350e1e428dba6c562f3d64a) Importer(2089858483,0ecaa5967403d082aa24f35e1b516d23) [PhysX] Initialized MultithreadedTaskDispatcher with 10 workers.
 -> (artifact id: 'ecebf91a79563ac4e062bf0750361227') in 0.001616 seconds
Number of updated asset objects reloaded before import = 0
Number of asset objects unloaded after import = 1
========================================================================
Received Import Request.
  Time since last request: 0.000054 seconds.
  path: Assets/Plugins/Sortify/Modules/SortifyCore/SortifyNoteManager.cs
  artifactKey: Guid(a9a2eb634b652d446ac7039106d6f8cd) Importer(2089858483,0ecaa5967403d082aa24f35e1b516d23)
Start importing Assets/Plugins/Sortify/Modules/SortifyCore/SortifyNoteManager.cs using Guid(a9a2eb634b652d446ac7039106d6f8cd) Importer(2089858483,0ecaa5967403d082aa24f35e1b516d23) [PhysX] Initialized MultithreadedTaskDispatcher with 10 workers.
 -> (artifact id: '47848209a9b914385df005779d0735c9') in 0.002869 seconds
Number of updated asset objects reloaded before import = 0
Number of asset objects unloaded after import = 1
========================================================================
Received Import Request.
  Time since last request: 0.000032 seconds.
  path: Assets/Plugins/FMOD/src/Editor/EventReferenceUpdater.cs
  artifactKey: Guid(0b58df65bd3bb6649801b24a7a942ccb) Importer(2089858483,0ecaa5967403d082aa24f35e1b516d23)
Start importing Assets/Plugins/FMOD/src/Editor/EventReferenceUpdater.cs using Guid(0b58df65bd3bb6649801b24a7a942ccb) Importer(2089858483,0ecaa5967403d082aa24f35e1b516d23) [PhysX] Initialized MultithreadedTaskDispatcher with 10 workers.
 -> (artifact id: '5e865ff708854912d65b8f85c71143b7') in 0.001764 seconds
Number of updated asset objects reloaded before import = 0
Number of asset objects unloaded after import = 1
========================================================================
Received Import Request.
  Time since last request: 0.000061 seconds.
  path: Assets/Mirza/_VFXToolkit/_Demo/Models/ProBuilder Meshes/pb_Mesh-1354(Clone).asset
  artifactKey: Guid(4515b028b1dceca47a6edb5b9083d686) Importer(2089858483,0ecaa5967403d082aa24f35e1b516d23)
Start importing Assets/Mirza/_VFXToolkit/_Demo/Models/ProBuilder Meshes/pb_Mesh-1354(Clone).asset using Guid(4515b028b1dceca47a6edb5b9083d686) Importer(2089858483,0ecaa5967403d082aa24f35e1b516d23) [PhysX] Initialized MultithreadedTaskDispatcher with 10 workers.
 -> (artifact id: '13eeac0ed2efa362d910c3b3515e0963') in 0.001185 seconds
Number of updated asset objects reloaded before import = 0
Number of asset objects unloaded after import = 1
========================================================================
Received Import Request.
  Time since last request: 0.000042 seconds.
  path: Assets/Mirza/_VFXToolkit/_Demo/Prefabs/Environment/Environment (Baked).prefab
  artifactKey: Guid(b2d72ca71b19fff40a71bc8aa77c393e) Importer(2089858483,0ecaa5967403d082aa24f35e1b516d23)
Start importing Assets/Mirza/_VFXToolkit/_Demo/Prefabs/Environment/Environment (Baked).prefab using Guid(b2d72ca71b19fff40a71bc8aa77c393e) Importer(2089858483,0ecaa5967403d082aa24f35e1b516d23) [PhysX] Initialized MultithreadedTaskDispatcher with 10 workers.
 -> (artifact id: 'ca3cf973b6b4c6818b992ca5eae65c28') in 0.017962 seconds
Number of updated asset objects reloaded before import = 0
Number of asset objects unloaded after import = 369
========================================================================
Received Import Request.
  Time since last request: 0.000025 seconds.
  path: Assets/Plugins/FMOD/src/Editor/EditorParamRef.cs
  artifactKey: Guid(fecb8ef7f94ca804a8ab72049b86782e) Importer(2089858483,0ecaa5967403d082aa24f35e1b516d23)
Start importing Assets/Plugins/FMOD/src/Editor/EditorParamRef.cs using Guid(fecb8ef7f94ca804a8ab72049b86782e) Importer(2089858483,0ecaa5967403d082aa24f35e1b516d23) [PhysX] Initialized MultithreadedTaskDispatcher with 10 workers.
 -> (artifact id: 'a0109989219406b6373599d499c49e11') in 0.001559 seconds
Number of updated asset objects reloaded before import = 0
Number of asset objects unloaded after import = 1
========================================================================
Received Import Request.
  Time since last request: 0.000032 seconds.
  path: Assets/Mirza/_VFXToolkit/_Demo/Models/ProBuilder Meshes/pb_Mesh-14950(Clone).asset
  artifactKey: Guid(ef1017b533106124d9d2da8a0d8aeb42) Importer(2089858483,0ecaa5967403d082aa24f35e1b516d23)
Start importing Assets/Mirza/_VFXToolkit/_Demo/Models/ProBuilder Meshes/pb_Mesh-14950(Clone).asset using Guid(ef1017b533106124d9d2da8a0d8aeb42) Importer(2089858483,0ecaa5967403d082aa24f35e1b516d23) [PhysX] Initialized MultithreadedTaskDispatcher with 10 workers.
 -> (artifact id: '5b1ec81f3db44d6062f8a609611bedb8') in 0.001327 seconds
Number of updated asset objects reloaded before import = 0
Number of asset objects unloaded after import = 1
========================================================================
Received Import Request.
  Time since last request: 0.000041 seconds.
  path: Assets/Mirza/_VFXToolkit/_Demo/Scripts/MFXTK_SetFPSOnStart.cs
  artifactKey: Guid(f8ebb833d0c3b6f4589fbf1bec862baf) Importer(2089858483,0ecaa5967403d082aa24f35e1b516d23)
Start importing Assets/Mirza/_VFXToolkit/_Demo/Scripts/MFXTK_SetFPSOnStart.cs using Guid(f8ebb833d0c3b6f4589fbf1bec862baf) Importer(2089858483,0ecaa5967403d082aa24f35e1b516d23) [PhysX] Initialized MultithreadedTaskDispatcher with 10 workers.
 -> (artifact id: '475666f17c766165a462b93c1e9960d4') in 0.001744 seconds
Number of updated asset objects reloaded before import = 0
Number of asset objects unloaded after import = 1
========================================================================
Received Import Request.
  Time since last request: 0.000032 seconds.
  path: Assets/Plugins/FMOD/src/Editor/EventManager.cs
  artifactKey: Guid(1fc38201a5edb994c874a4a61e96053b) Importer(2089858483,0ecaa5967403d082aa24f35e1b516d23)
Start importing Assets/Plugins/FMOD/src/Editor/EventManager.cs using Guid(1fc38201a5edb994c874a4a61e96053b) Importer(2089858483,0ecaa5967403d082aa24f35e1b516d23) [PhysX] Initialized MultithreadedTaskDispatcher with 10 workers.
 -> (artifact id: '14b9ecf0a9e6342b3b5d1275741c3d22') in 0.001629 seconds
Number of updated asset objects reloaded before import = 0
Number of asset objects unloaded after import = 1
========================================================================
Received Import Request.
  Time since last request: 2.536497 seconds.
  path: Assets/Mirza/_VFXToolkit/_Demo/Prefabs/Lights/Point Light (Particle).prefab
  artifactKey: Guid(117d86a89992199429d0fc6229c7af14) Importer(2089858483,0ecaa5967403d082aa24f35e1b516d23)
Start importing Assets/Mirza/_VFXToolkit/_Demo/Prefabs/Lights/Point Light (Particle).prefab using Guid(117d86a89992199429d0fc6229c7af14) Importer(2089858483,0ecaa5967403d082aa24f35e1b516d23) [PhysX] Initialized MultithreadedTaskDispatcher with 10 workers.
 -> (artifact id: '6d1530eeeca8c3be2ef5e3d6720990ed') in 0.014886 seconds
Number of updated asset objects reloaded before import = 0
Number of asset objects unloaded after import = 6
========================================================================
Received Import Request.
  Time since last request: 0.000126 seconds.
  path: Assets/Plugins/FMOD/platforms/visionos/lib/libresonanceaudio_xros.a
  artifactKey: Guid(c56aac88d64894d01a74d1cf8f609da6) Importer(2089858483,0ecaa5967403d082aa24f35e1b516d23)
Start importing Assets/Plugins/FMOD/platforms/visionos/lib/libresonanceaudio_xros.a using Guid(c56aac88d64894d01a74d1cf8f609da6) Importer(2089858483,0ecaa5967403d082aa24f35e1b516d23) [PhysX] Initialized MultithreadedTaskDispatcher with 10 workers.
 -> (artifact id: '772cfb50bed5d8d50896b66be6b5f751') in 0.002131 seconds
Number of updated asset objects reloaded before import = 0
Number of asset objects unloaded after import = 1
========================================================================
Received Import Request.
  Time since last request: 0.000036 seconds.
  path: Assets/Sound/Fmod_Project/Sound/Metadata/Asset/{35721270-9ae0-401e-9049-a40ca3b9f67d}.xml
  artifactKey: Guid(b91d85d6f23c24078afdeae5bd8ef7ab) Importer(2089858483,0ecaa5967403d082aa24f35e1b516d23)
Start importing Assets/Sound/Fmod_Project/Sound/Metadata/Asset/{35721270-9ae0-401e-9049-a40ca3b9f67d}.xml using Guid(b91d85d6f23c24078afdeae5bd8ef7ab) Importer(2089858483,0ecaa5967403d082aa24f35e1b516d23) [PhysX] Initialized MultithreadedTaskDispatcher with 10 workers.
 -> (artifact id: 'f83a1012d855a333312ad157db1332b0') in 0.002603 seconds
Number of updated asset objects reloaded before import = 0
Number of asset objects unloaded after import = 1
========================================================================
Received Import Request.
  Time since last request: 0.000181 seconds.
  path: Assets/Sound/Fmod_Project/Sound/Assets/Footsteps Mini Sound Pack/DirtRoad_Mono_04.wav
  artifactKey: Guid(4d6f9ef662a06c148bdbf92d8972618f) Importer(2089858483,0ecaa5967403d082aa24f35e1b516d23)
Start importing Assets/Sound/Fmod_Project/Sound/Assets/Footsteps Mini Sound Pack/DirtRoad_Mono_04.wav using Guid(4d6f9ef662a06c148bdbf92d8972618f) Importer(2089858483,0ecaa5967403d082aa24f35e1b516d23) [PhysX] Initialized MultithreadedTaskDispatcher with 10 workers.
 -> (artifact id: '47f03208776ce0a11771832bd0654f54') in 0.017113 seconds
Number of updated asset objects reloaded before import = 0
Number of asset objects unloaded after import = 1
========================================================================
Received Import Request.
  Time since last request: 0.000054 seconds.
  path: Assets/Sound/Fmod_Project/Sound/Metadata/Asset/{0a322d8b-222a-45ee-b3cc-7f983ba80029}.xml
  artifactKey: Guid(7b109bceda0974fd2af93a09520fb1d9) Importer(2089858483,0ecaa5967403d082aa24f35e1b516d23)
Start importing Assets/Sound/Fmod_Project/Sound/Metadata/Asset/{0a322d8b-222a-45ee-b3cc-7f983ba80029}.xml using Guid(7b109bceda0974fd2af93a09520fb1d9) Importer(2089858483,0ecaa5967403d082aa24f35e1b516d23) [PhysX] Initialized MultithreadedTaskDispatcher with 10 workers.
 -> (artifact id: '9392408f450fac89743e970f7b39cc8d') in 0.002153 seconds
Number of updated asset objects reloaded before import = 0
Number of asset objects unloaded after import = 1
========================================================================
Received Import Request.
  Time since last request: 0.000181 seconds.
  path: Assets/Sound/Fmod_Project/Sound/Assets/Footsteps Mini Sound Pack/Tile_Mono_01.wav
  artifactKey: Guid(a8b6c6ef7c6c2bc438272bdf63c5210b) Importer(2089858483,0ecaa5967403d082aa24f35e1b516d23)
Start importing Assets/Sound/Fmod_Project/Sound/Assets/Footsteps Mini Sound Pack/Tile_Mono_01.wav using Guid(a8b6c6ef7c6c2bc438272bdf63c5210b) Importer(2089858483,0ecaa5967403d082aa24f35e1b516d23) [PhysX] Initialized MultithreadedTaskDispatcher with 10 workers.
 -> (artifact id: '746b37e206cd884e0d9a62fabf814f8c') in 0.016097 seconds
Number of updated asset objects reloaded before import = 0
Number of asset objects unloaded after import = 1
========================================================================
Received Import Request.
  Time since last request: 0.000171 seconds.
  path: Assets/Sound/Fmod_Project/Sound/Assets/Footsteps Mini Sound Pack/Parquet_Floor_Mono_05.wav
  artifactKey: Guid(d0a81bcac5ce1fc48b4302a7d8fbebf4) Importer(2089858483,0ecaa5967403d082aa24f35e1b516d23)
Start importing Assets/Sound/Fmod_Project/Sound/Assets/Footsteps Mini Sound Pack/Parquet_Floor_Mono_05.wav using Guid(d0a81bcac5ce1fc48b4302a7d8fbebf4) Importer(2089858483,0ecaa5967403d082aa24f35e1b516d23) [PhysX] Initialized MultithreadedTaskDispatcher with 10 workers.
 -> (artifact id: '81d8c70447da51a677cb19c7aabc35ec') in 0.014863 seconds
Number of updated asset objects reloaded before import = 0
Number of asset objects unloaded after import = 1
========================================================================
Received Import Request.
  Time since last request: 0.000155 seconds.
  path: Assets/Plugins/FMOD/addons/ResonanceAudio/Editor/FMODUnityResonanceEditor.asmdef
  artifactKey: Guid(194213485063a984b98ce9410892267a) Importer(2089858483,0ecaa5967403d082aa24f35e1b516d23)
Start importing Assets/Plugins/FMOD/addons/ResonanceAudio/Editor/FMODUnityResonanceEditor.asmdef using Guid(194213485063a984b98ce9410892267a) Importer(2089858483,0ecaa5967403d082aa24f35e1b516d23) [PhysX] Initialized MultithreadedTaskDispatcher with 10 workers.
 -> (artifact id: 'db61c32334e9f09c903fca9acdddf8d8') in 0.002535 seconds
Number of updated asset objects reloaded before import = 0
Number of asset objects unloaded after import = 1
========================================================================
Received Import Request.
  Time since last request: 0.000032 seconds.
  path: Assets/Sound/Fmod_Project/Sound/Build/Desktop/Master.bank
  artifactKey: Guid(6ce1dca8cb8a74f0d8e9e6eaa5cf7034) Importer(2089858483,0ecaa5967403d082aa24f35e1b516d23)
Start importing Assets/Sound/Fmod_Project/Sound/Build/Desktop/Master.bank using Guid(6ce1dca8cb8a74f0d8e9e6eaa5cf7034) Importer(2089858483,0ecaa5967403d082aa24f35e1b516d23) [PhysX] Initialized MultithreadedTaskDispatcher with 10 workers.
 -> (artifact id: '579d86979ede6206c6c31c2ce05d5b7e') in 0.001083 seconds
Number of updated asset objects reloaded before import = 0
Number of asset objects unloaded after import = 1
========================================================================
Received Import Request.
  Time since last request: 0.000027 seconds.
  path: Assets/Sound/Fmod_Project/Sound/Assets/Footsteps Mini Sound Pack/Flats_Metal_Grate_003.wav
  artifactKey: Guid(04aac641203ed554dbbc8d7fb6b315f7) Importer(2089858483,0ecaa5967403d082aa24f35e1b516d23)
Start importing Assets/Sound/Fmod_Project/Sound/Assets/Footsteps Mini Sound Pack/Flats_Metal_Grate_003.wav using Guid(04aac641203ed554dbbc8d7fb6b315f7) Importer(2089858483,0ecaa5967403d082aa24f35e1b516d23) [PhysX] Initialized MultithreadedTaskDispatcher with 10 workers.
 -> (artifact id: 'd9570f6f6cd2247730f35d4745f220a4') in 0.013479 seconds
Number of updated asset objects reloaded before import = 0
Number of asset objects unloaded after import = 1
========================================================================
Received Import Request.
  Time since last request: 0.000062 seconds.
  path: Assets/Sound/Fmod_Project/Sound/Metadata/Asset/{40bc9fc6-7bfb-48f9-97a3-92a1ea8a7400}.xml
  artifactKey: Guid(15bf5b026c9e54991bc29797ca85656e) Importer(2089858483,0ecaa5967403d082aa24f35e1b516d23)
Start importing Assets/Sound/Fmod_Project/Sound/Metadata/Asset/{40bc9fc6-7bfb-48f9-97a3-92a1ea8a7400}.xml using Guid(15bf5b026c9e54991bc29797ca85656e) Importer(2089858483,0ecaa5967403d082aa24f35e1b516d23) [PhysX] Initialized MultithreadedTaskDispatcher with 10 workers.
 -> (artifact id: '9701a1e7630eb41cc2a54805ce022a2e') in 0.001500 seconds
Number of updated asset objects reloaded before import = 0
Number of asset objects unloaded after import = 1
========================================================================
Received Import Request.
  Time since last request: 0.000052 seconds.
  path: Assets/Sound/Fmod_Project/Sound/Metadata/Asset/{854a253b-b9f1-4db4-a61e-31c2184282f3}.xml
  artifactKey: Guid(b9496654f0b084136963a755e393f4d6) Importer(2089858483,0ecaa5967403d082aa24f35e1b516d23)
Start importing Assets/Sound/Fmod_Project/Sound/Metadata/Asset/{854a253b-b9f1-4db4-a61e-31c2184282f3}.xml using Guid(b9496654f0b084136963a755e393f4d6) Importer(2089858483,0ecaa5967403d082aa24f35e1b516d23) [PhysX] Initialized MultithreadedTaskDispatcher with 10 workers.
 -> (artifact id: '145505a096f38379d12633d83d4ffce7') in 0.001289 seconds
Number of updated asset objects reloaded before import = 0
Number of asset objects unloaded after import = 1
========================================================================
Received Import Request.
  Time since last request: 0.000068 seconds.
  path: Assets/Sound/Fmod_Project/Sound/Metadata/Asset/{df1eb236-c79e-4174-ad98-8bd5f99017f2}.xml
  artifactKey: Guid(092d79d243b1e472f936fae933b58a25) Importer(2089858483,0ecaa5967403d082aa24f35e1b516d23)
Start importing Assets/Sound/Fmod_Project/Sound/Metadata/Asset/{df1eb236-c79e-4174-ad98-8bd5f99017f2}.xml using Guid(092d79d243b1e472f936fae933b58a25) Importer(2089858483,0ecaa5967403d082aa24f35e1b516d23) [PhysX] Initialized MultithreadedTaskDispatcher with 10 workers.
 -> (artifact id: '3389bb80b16162b46715811bc1de2e8d') in 0.001439 seconds
Number of updated asset objects reloaded before import = 0
Number of asset objects unloaded after import = 1
========================================================================
Received Import Request.
  Time since last request: 0.000123 seconds.
  path: Assets/Sound/Fmod_Project/Sound/Metadata/AudioFile/{03577315-01cd-4918-9afb-137975338a9f}.xml
  artifactKey: Guid(ea09635770d334127a4512938226a65b) Importer(2089858483,0ecaa5967403d082aa24f35e1b516d23)
Start importing Assets/Sound/Fmod_Project/Sound/Metadata/AudioFile/{03577315-01cd-4918-9afb-137975338a9f}.xml using Guid(ea09635770d334127a4512938226a65b) Importer(2089858483,0ecaa5967403d082aa24f35e1b516d23) [PhysX] Initialized MultithreadedTaskDispatcher with 10 workers.
 -> (artifact id: '6f1c572690dfdeb271491256558b47ad') in 0.001303 seconds
Number of updated asset objects reloaded before import = 0
Number of asset objects unloaded after import = 1
========================================================================
Received Import Request.
  Time since last request: 0.000070 seconds.
  path: Assets/Sound/Fmod_Project/Sound/Metadata/Asset/{4710d6a3-62e1-4abb-8326-e2ed42a894eb}.xml
  artifactKey: Guid(9b022b7b2cfc74a11abadd3b06da9d1b) Importer(2089858483,0ecaa5967403d082aa24f35e1b516d23)
Start importing Assets/Sound/Fmod_Project/Sound/Metadata/Asset/{4710d6a3-62e1-4abb-8326-e2ed42a894eb}.xml using Guid(9b022b7b2cfc74a11abadd3b06da9d1b) Importer(2089858483,0ecaa5967403d082aa24f35e1b516d23) [PhysX] Initialized MultithreadedTaskDispatcher with 10 workers.
 -> (artifact id: 'dac8143bee6c2222b03a43291708dc08') in 0.001465 seconds
Number of updated asset objects reloaded before import = 0
Number of asset objects unloaded after import = 1
========================================================================
Received Import Request.
  Time since last request: 0.000089 seconds.
  path: Assets/Sound/Fmod_Project/Sound/Metadata/Asset/{1302607a-241a-45f6-9364-15ca6d222189}.xml
  artifactKey: Guid(77ee2d05da8b442a79b0b596bafcae71) Importer(2089858483,0ecaa5967403d082aa24f35e1b516d23)
Start importing Assets/Sound/Fmod_Project/Sound/Metadata/Asset/{1302607a-241a-45f6-9364-15ca6d222189}.xml using Guid(77ee2d05da8b442a79b0b596bafcae71) Importer(2089858483,0ecaa5967403d082aa24f35e1b516d23) [PhysX] Initialized MultithreadedTaskDispatcher with 10 workers.
 -> (artifact id: '8c85b6d0df91ebf81b373256cb30bed3') in 0.001354 seconds
Number of updated asset objects reloaded before import = 0
Number of asset objects unloaded after import = 1
========================================================================
Received Import Request.
  Time since last request: 0.000083 seconds.
  path: Assets/Plugins/FMOD/addons/Haptics/Scripts/FMODUnityHaptics.asmdef
  artifactKey: Guid(9cdf6dc5d95f5b94cba414c3008c5c76) Importer(2089858483,0ecaa5967403d082aa24f35e1b516d23)
Start importing Assets/Plugins/FMOD/addons/Haptics/Scripts/FMODUnityHaptics.asmdef using Guid(9cdf6dc5d95f5b94cba414c3008c5c76) Importer(2089858483,0ecaa5967403d082aa24f35e1b516d23) [PhysX] Initialized MultithreadedTaskDispatcher with 10 workers.
 -> (artifact id: '83cabe14b9206efd791d104bdcfbabce') in 0.001757 seconds
Number of updated asset objects reloaded before import = 0
Number of asset objects unloaded after import = 1
========================================================================
Received Import Request.
  Time since last request: 0.000042 seconds.
  path: Assets/Sound/Fmod_Project/Sound/Assets/Footsteps Mini Sound Pack/PavementTiles_Mono_04.wav
  artifactKey: Guid(e7132f9c36139aa4499ff5c5e80e8eaa) Importer(2089858483,0ecaa5967403d082aa24f35e1b516d23)
Start importing Assets/Sound/Fmod_Project/Sound/Assets/Footsteps Mini Sound Pack/PavementTiles_Mono_04.wav using Guid(e7132f9c36139aa4499ff5c5e80e8eaa) Importer(2089858483,0ecaa5967403d082aa24f35e1b516d23) [PhysX] Initialized MultithreadedTaskDispatcher with 10 workers.
 -> (artifact id: '9bfe6ca3b2ae30686bee771fe8c491c2') in 0.013821 seconds
Number of updated asset objects reloaded before import = 0
Number of asset objects unloaded after import = 1
========================================================================
Received Import Request.
  Time since last request: 0.000026 seconds.
  path: Assets/Plugins/FMOD/addons/ResonanceAudio/Scripts/FmodResonanceAudio.cs
  artifactKey: Guid(6794e6301575a445d8588930a0752568) Importer(2089858483,0ecaa5967403d082aa24f35e1b516d23)
Start importing Assets/Plugins/FMOD/addons/ResonanceAudio/Scripts/FmodResonanceAudio.cs using Guid(6794e6301575a445d8588930a0752568) Importer(2089858483,0ecaa5967403d082aa24f35e1b516d23) [PhysX] Initialized MultithreadedTaskDispatcher with 10 workers.
 -> (artifact id: '243d755450202a640b409bc32ac8af0b') in 0.002109 seconds
Number of updated asset objects reloaded before import = 0
Number of asset objects unloaded after import = 1
========================================================================
Received Import Request.
  Time since last request: 0.000073 seconds.
  path: Assets/Sound/Fmod_Project/Sound/Metadata/Asset/{b62bdb49-d201-408e-b425-5d5691448c03}.xml
  artifactKey: Guid(08e5ee51c0f51469eb3aca9b4f65a799) Importer(2089858483,0ecaa5967403d082aa24f35e1b516d23)
Start importing Assets/Sound/Fmod_Project/Sound/Metadata/Asset/{b62bdb49-d201-408e-b425-5d5691448c03}.xml using Guid(08e5ee51c0f51469eb3aca9b4f65a799) Importer(2089858483,0ecaa5967403d082aa24f35e1b516d23) [PhysX] Initialized MultithreadedTaskDispatcher with 10 workers.
 -> (artifact id: '198285863e9f7a9cd401f05e04f7b3cf') in 0.001330 seconds
Number of updated asset objects reloaded before import = 0
Number of asset objects unloaded after import = 1
========================================================================
Received Import Request.
  Time since last request: 0.000032 seconds.
  path: Assets/Plugins/FMOD/platforms/html5/src/PlatformWebGL.cs
  artifactKey: Guid(b87314b32fbe18943af496e4b47136c6) Importer(2089858483,0ecaa5967403d082aa24f35e1b516d23)
Start importing Assets/Plugins/FMOD/platforms/html5/src/PlatformWebGL.cs using Guid(b87314b32fbe18943af496e4b47136c6) Importer(2089858483,0ecaa5967403d082aa24f35e1b516d23) [PhysX] Initialized MultithreadedTaskDispatcher with 10 workers.
 -> (artifact id: '304b0cbb691a83e49e1c07999703654b') in 0.001668 seconds
Number of updated asset objects reloaded before import = 0
Number of asset objects unloaded after import = 1
========================================================================
Received Import Request.
  Time since last request: 0.000039 seconds.
  path: Assets/Sound/Fmod_Project/Sound/Assets/Footsteps Mini Sound Pack/Mud_Mono_05.wav
  artifactKey: Guid(6737f6ea985120c419ac1054ba171c3b) Importer(2089858483,0ecaa5967403d082aa24f35e1b516d23)
Start importing Assets/Sound/Fmod_Project/Sound/Assets/Footsteps Mini Sound Pack/Mud_Mono_05.wav using Guid(6737f6ea985120c419ac1054ba171c3b) Importer(2089858483,0ecaa5967403d082aa24f35e1b516d23) [PhysX] Initialized MultithreadedTaskDispatcher with 10 workers.
 -> (artifact id: 'c8776689895051a3c86a6985c5e22372') in 0.013885 seconds
Number of updated asset objects reloaded before import = 0
Number of asset objects unloaded after import = 1
========================================================================
Received Import Request.
  Time since last request: 0.000164 seconds.
  path: Assets/Plugins/FMOD/platforms/tvos/lib/libfmodstudiounityplugin.a
  artifactKey: Guid(4abc247d0f34143ec95396c7b6bec6a8) Importer(2089858483,0ecaa5967403d082aa24f35e1b516d23)
Start importing Assets/Plugins/FMOD/platforms/tvos/lib/libfmodstudiounityplugin.a using Guid(4abc247d0f34143ec95396c7b6bec6a8) Importer(2089858483,0ecaa5967403d082aa24f35e1b516d23) [PhysX] Initialized MultithreadedTaskDispatcher with 10 workers.
 -> (artifact id: 'd587e622cbadf285f4a8bcf8392b2e45') in 0.001590 seconds
Number of updated asset objects reloaded before import = 0
Number of asset objects unloaded after import = 1
========================================================================
Received Import Request.
  Time since last request: 0.000061 seconds.
  path: Assets/Sound/Fmod_Project/Sound/Assets/Footsteps Mini Sound Pack/Tile_Mono_05.wav
  artifactKey: Guid(d8989f6005bbbf1478fea82bc78a3806) Importer(2089858483,0ecaa5967403d082aa24f35e1b516d23)
Start importing Assets/Sound/Fmod_Project/Sound/Assets/Footsteps Mini Sound Pack/Tile_Mono_05.wav using Guid(d8989f6005bbbf1478fea82bc78a3806) Importer(2089858483,0ecaa5967403d082aa24f35e1b516d23) [PhysX] Initialized MultithreadedTaskDispatcher with 10 workers.
 -> (artifact id: '7538286b22fbf73afac093f3f0a0363b') in 0.013851 seconds
Number of updated asset objects reloaded before import = 0
Number of asset objects unloaded after import = 1
========================================================================
Received Import Request.
  Time since last request: 0.000039 seconds.
  path: Assets/Sound/Fmod_Project/Sound/Assets/Footsteps Mini Sound Pack/DirtRoad_Mono_02.wav
  artifactKey: Guid(4d33ee953c941e2449b0f325e128f799) Importer(2089858483,0ecaa5967403d082aa24f35e1b516d23)
Start importing Assets/Sound/Fmod_Project/Sound/Assets/Footsteps Mini Sound Pack/DirtRoad_Mono_02.wav using Guid(4d33ee953c941e2449b0f325e128f799) Importer(2089858483,0ecaa5967403d082aa24f35e1b516d23) [PhysX] Initialized MultithreadedTaskDispatcher with 10 workers.
 -> (artifact id: 'b645271ee797ce09aea3e97a9412f369') in 0.017642 seconds
Number of updated asset objects reloaded before import = 0
Number of asset objects unloaded after import = 1
========================================================================
Received Import Request.
  Time since last request: 0.000106 seconds.
  path: Assets/Plugins/Sortify/Modules/SortifyAttributes/Editor/LayerAttributeDrawer.cs
  artifactKey: Guid(5d8afb9a97d08314697cdb00d1408d10) Importer(2089858483,0ecaa5967403d082aa24f35e1b516d23)
Start importing Assets/Plugins/Sortify/Modules/SortifyAttributes/Editor/LayerAttributeDrawer.cs using Guid(5d8afb9a97d08314697cdb00d1408d10) Importer(2089858483,0ecaa5967403d082aa24f35e1b516d23) [PhysX] Initialized MultithreadedTaskDispatcher with 10 workers.
 -> (artifact id: '636b390d5a0d5200e42a012ababfa320') in 0.001514 seconds
Number of updated asset objects reloaded before import = 0
Number of asset objects unloaded after import = 1
========================================================================
Received Import Request.
  Time since last request: 0.000056 seconds.
  path: Assets/Sound/Fmod_Project/Sound/Assets/Footsteps Mini Sound Pack/Plastic_002.wav
  artifactKey: Guid(367b3313da6d5a5488b202d5880ecf1a) Importer(2089858483,0ecaa5967403d082aa24f35e1b516d23)
Start importing Assets/Sound/Fmod_Project/Sound/Assets/Footsteps Mini Sound Pack/Plastic_002.wav using Guid(367b3313da6d5a5488b202d5880ecf1a) Importer(2089858483,0ecaa5967403d082aa24f35e1b516d23) [PhysX] Initialized MultithreadedTaskDispatcher with 10 workers.
 -> (artifact id: 'b67a530ead6208ccb1f6cdb7c32fc423') in 0.013424 seconds
Number of updated asset objects reloaded before import = 0
Number of asset objects unloaded after import = 1
========================================================================
Received Import Request.
  Time since last request: 0.000100 seconds.
  path: Assets/Sound/Fmod_Project/Sound/Assets/Footsteps Mini Sound Pack/Mud_Mono_01.wav
  artifactKey: Guid(f8d6118d7ce3cdd4a90f1528050b643e) Importer(2089858483,0ecaa5967403d082aa24f35e1b516d23)
Start importing Assets/Sound/Fmod_Project/Sound/Assets/Footsteps Mini Sound Pack/Mud_Mono_01.wav using Guid(f8d6118d7ce3cdd4a90f1528050b643e) Importer(2089858483,0ecaa5967403d082aa24f35e1b516d23) [PhysX] Initialized MultithreadedTaskDispatcher with 10 workers.
 -> (artifact id: '047376a3684b6a4f522360058f3204d9') in 0.012378 seconds
Number of updated asset objects reloaded before import = 0
Number of asset objects unloaded after import = 1
========================================================================
Received Import Request.
  Time since last request: 0.000151 seconds.
  path: Assets/Sound/Fmod_Project/Sound/Assets/Footsteps Mini Sound Pack/Plastic_003.wav
  artifactKey: Guid(13cb82e36e474c548baca1bcef6ebb04) Importer(2089858483,0ecaa5967403d082aa24f35e1b516d23)
Start importing Assets/Sound/Fmod_Project/Sound/Assets/Footsteps Mini Sound Pack/Plastic_003.wav using Guid(13cb82e36e474c548baca1bcef6ebb04) Importer(2089858483,0ecaa5967403d082aa24f35e1b516d23) [PhysX] Initialized MultithreadedTaskDispatcher with 10 workers.
 -> (artifact id: '530adc1ef9a96bf286628693e1727790') in 0.013302 seconds
Number of updated asset objects reloaded before import = 0
Number of asset objects unloaded after import = 1
========================================================================
Received Import Request.
  Time since last request: 0.000029 seconds.
  path: Assets/Sound/Fmod_Project/Sound/Assets/Footsteps Mini Sound Pack/Flats_Metal_Grate_004.wav
  artifactKey: Guid(a8d692cb41f4a1b4f92616ddb8adda71) Importer(2089858483,0ecaa5967403d082aa24f35e1b516d23)
Start importing Assets/Sound/Fmod_Project/Sound/Assets/Footsteps Mini Sound Pack/Flats_Metal_Grate_004.wav using Guid(a8d692cb41f4a1b4f92616ddb8adda71) Importer(2089858483,0ecaa5967403d082aa24f35e1b516d23) [PhysX] Initialized MultithreadedTaskDispatcher with 10 workers.
 -> (artifact id: 'abb7f496d70ca671e846f835046fe078') in 0.013491 seconds
Number of updated asset objects reloaded before import = 0
Number of asset objects unloaded after import = 1
========================================================================
Received Import Request.
  Time since last request: 0.000024 seconds.
  path: Assets/Plugins/Sortify/Modules/SortifyAttributes/Editor/UnitAttributeDrawer.cs
  artifactKey: Guid(031122fb437eedf4ba12f2619a88d38d) Importer(2089858483,0ecaa5967403d082aa24f35e1b516d23)
Start importing Assets/Plugins/Sortify/Modules/SortifyAttributes/Editor/UnitAttributeDrawer.cs using Guid(031122fb437eedf4ba12f2619a88d38d) Importer(2089858483,0ecaa5967403d082aa24f35e1b516d23) [PhysX] Initialized MultithreadedTaskDispatcher with 10 workers.
 -> (artifact id: 'b1012264e3a99e4723c51ad0ac6420e6') in 0.001435 seconds
Number of updated asset objects reloaded before import = 0
Number of asset objects unloaded after import = 1
========================================================================
Received Import Request.
  Time since last request: 0.000048 seconds.
  path: Assets/Sound/Fmod_Project/Sound/Assets/Footsteps Mini Sound Pack/Glass_Grit_Mono_03.wav
  artifactKey: Guid(0528be3f1fedcba4eb5d47ab74257bbb) Importer(2089858483,0ecaa5967403d082aa24f35e1b516d23)
Start importing Assets/Sound/Fmod_Project/Sound/Assets/Footsteps Mini Sound Pack/Glass_Grit_Mono_03.wav using Guid(0528be3f1fedcba4eb5d47ab74257bbb) Importer(2089858483,0ecaa5967403d082aa24f35e1b516d23) [PhysX] Initialized MultithreadedTaskDispatcher with 10 workers.
 -> (artifact id: '4b7948e542136943b73e8f260debde6f') in 0.013712 seconds
Number of updated asset objects reloaded before import = 0
Number of asset objects unloaded after import = 1
========================================================================
Received Import Request.
  Time since last request: 0.000101 seconds.
  path: Assets/Sound/Fmod_Project/Sound/Metadata/Asset/{f22cec68-1f07-40d4-bf3a-369f54353c9d}.xml
  artifactKey: Guid(286566ea55188437791038b674c2c184) Importer(2089858483,0ecaa5967403d082aa24f35e1b516d23)
Start importing Assets/Sound/Fmod_Project/Sound/Metadata/Asset/{f22cec68-1f07-40d4-bf3a-369f54353c9d}.xml using Guid(286566ea55188437791038b674c2c184) Importer(2089858483,0ecaa5967403d082aa24f35e1b516d23) [PhysX] Initialized MultithreadedTaskDispatcher with 10 workers.
 -> (artifact id: '7ee83488efa3a85949ac674edd3b5a8f') in 0.001356 seconds
Number of updated asset objects reloaded before import = 0
Number of asset objects unloaded after import = 1
========================================================================
Received Import Request.
  Time since last request: 0.000031 seconds.
  path: Assets/Sound/Fmod_Project/Sound/Assets/Footsteps Mini Sound Pack/Plastic_004.wav
  artifactKey: Guid(dcf21b807d6d13443b23c8c17433b7bb) Importer(2089858483,0ecaa5967403d082aa24f35e1b516d23)
Start importing Assets/Sound/Fmod_Project/Sound/Assets/Footsteps Mini Sound Pack/Plastic_004.wav using Guid(dcf21b807d6d13443b23c8c17433b7bb) Importer(2089858483,0ecaa5967403d082aa24f35e1b516d23) [PhysX] Initialized MultithreadedTaskDispatcher with 10 workers.
 -> (artifact id: '9d19d935fa08792ad8e57d94c36efdf6') in 0.013371 seconds
Number of updated asset objects reloaded before import = 0
Number of asset objects unloaded after import = 1
========================================================================
Received Import Request.
  Time since last request: 0.000023 seconds.
  path: Assets/Plugins/FMOD/platforms/tvos/lib/libfmodstudiounitypluginL.a
  artifactKey: Guid(982978af662f9ea43b7979c7f61bbad3) Importer(2089858483,0ecaa5967403d082aa24f35e1b516d23)
Start importing Assets/Plugins/FMOD/platforms/tvos/lib/libfmodstudiounitypluginL.a using Guid(982978af662f9ea43b7979c7f61bbad3) Importer(2089858483,0ecaa5967403d082aa24f35e1b516d23) [PhysX] Initialized MultithreadedTaskDispatcher with 10 workers.
 -> (artifact id: 'b291cb5ece1721173336a5b524cc032a') in 0.001569 seconds
Number of updated asset objects reloaded before import = 0
Number of asset objects unloaded after import = 1
========================================================================
Received Import Request.
  Time since last request: 0.000027 seconds.
  path: Assets/Sound/Fmod_Project/Sound/Metadata/Asset/{024dcba7-1cea-483f-b198-7ebd802a2150}.xml
  artifactKey: Guid(16961d445fac64bbb88ae855b1657756) Importer(2089858483,0ecaa5967403d082aa24f35e1b516d23)
Start importing Assets/Sound/Fmod_Project/Sound/Metadata/Asset/{024dcba7-1cea-483f-b198-7ebd802a2150}.xml using Guid(16961d445fac64bbb88ae855b1657756) Importer(2089858483,0ecaa5967403d082aa24f35e1b516d23) [PhysX] Initialized MultithreadedTaskDispatcher with 10 workers.
 -> (artifact id: 'f90963e44a4208423174577d1a4cf5e2') in 0.001294 seconds
Number of updated asset objects reloaded before import = 0
Number of asset objects unloaded after import = 1
========================================================================
Received Import Request.
  Time since last request: 0.000040 seconds.
  path: Assets/Sound/Fmod_Project/Sound/Metadata/Asset/{06cf2c14-96b1-446a-ae1f-efea41332546}.xml
  artifactKey: Guid(b6e42f849a02a48179dec79576dcd0da) Importer(2089858483,0ecaa5967403d082aa24f35e1b516d23)
Start importing Assets/Sound/Fmod_Project/Sound/Metadata/Asset/{06cf2c14-96b1-446a-ae1f-efea41332546}.xml using Guid(b6e42f849a02a48179dec79576dcd0da) Importer(2089858483,0ecaa5967403d082aa24f35e1b516d23) [PhysX] Initialized MultithreadedTaskDispatcher with 10 workers.
 -> (artifact id: '34d89830b68110138c3f181ed881b633') in 0.001264 seconds
Number of updated asset objects reloaded before import = 0
Number of asset objects unloaded after import = 1
========================================================================
Received Import Request.
  Time since last request: 0.000028 seconds.
  path: Assets/Plugins/FMOD/platforms/visionos/lib/libresonanceaudio_xrsimulator.a
  artifactKey: Guid(ab84f09ed56d54cd3867c72395f7658c) Importer(2089858483,0ecaa5967403d082aa24f35e1b516d23)
Start importing Assets/Plugins/FMOD/platforms/visionos/lib/libresonanceaudio_xrsimulator.a using Guid(ab84f09ed56d54cd3867c72395f7658c) Importer(2089858483,0ecaa5967403d082aa24f35e1b516d23) [PhysX] Initialized MultithreadedTaskDispatcher with 10 workers.
 -> (artifact id: '580d1fa44a61e9ad55f4ee5fdc223b84') in 0.002920 seconds
Number of updated asset objects reloaded before import = 0
Number of asset objects unloaded after import = 1
========================================================================
Received Import Request.
  Time since last request: 0.000030 seconds.
  path: Assets/Plugins/FMOD/platforms/ios/lib/libfmodstudiounitypluginsimulatorL.a
  artifactKey: Guid(9aed261b7fbc24099a9b58cbbf374583) Importer(2089858483,0ecaa5967403d082aa24f35e1b516d23)
Start importing Assets/Plugins/FMOD/platforms/ios/lib/libfmodstudiounitypluginsimulatorL.a using Guid(9aed261b7fbc24099a9b58cbbf374583) Importer(2089858483,0ecaa5967403d082aa24f35e1b516d23) [PhysX] Initialized MultithreadedTaskDispatcher with 10 workers.
 -> (artifact id: '1830bcc819be6e6c19f3f7b4d0d238c5') in 0.001849 seconds
Number of updated asset objects reloaded before import = 0
Number of asset objects unloaded after import = 1
========================================================================
Received Import Request.
  Time since last request: 0.000035 seconds.
  path: Assets/Sound/Fmod_Project/Sound/Assets/Footsteps Mini Sound Pack/Ice_Mono_03.wav
  artifactKey: Guid(469119f39e1a37044832a0f7111a2893) Importer(2089858483,0ecaa5967403d082aa24f35e1b516d23)
Start importing Assets/Sound/Fmod_Project/Sound/Assets/Footsteps Mini Sound Pack/Ice_Mono_03.wav using Guid(469119f39e1a37044832a0f7111a2893) Importer(2089858483,0ecaa5967403d082aa24f35e1b516d23) [PhysX] Initialized MultithreadedTaskDispatcher with 10 workers.
 -> (artifact id: '0a54098d89a131453ee51ba4a5d68bf5') in 0.011917 seconds
Number of updated asset objects reloaded before import = 0
Number of asset objects unloaded after import = 1
========================================================================
Received Import Request.
  Time since last request: 0.000057 seconds.
  path: Assets/Sound/Fmod_Project/Sound/Metadata/Asset/{b8a2c7d3-a776-4fee-b75a-ff35184e4615}.xml
  artifactKey: Guid(f28fa4c8866ef4f66b9def1260576abb) Importer(2089858483,0ecaa5967403d082aa24f35e1b516d23)
Start importing Assets/Sound/Fmod_Project/Sound/Metadata/Asset/{b8a2c7d3-a776-4fee-b75a-ff35184e4615}.xml using Guid(f28fa4c8866ef4f66b9def1260576abb) Importer(2089858483,0ecaa5967403d082aa24f35e1b516d23) [PhysX] Initialized MultithreadedTaskDispatcher with 10 workers.
 -> (artifact id: '05293fda669c55c9a5e1f255548fa96c') in 0.002594 seconds
Number of updated asset objects reloaded before import = 0
Number of asset objects unloaded after import = 1
========================================================================
Received Import Request.
  Time since last request: 0.000070 seconds.
  path: Assets/Plugins/FMOD/addons/ResonanceAudio/Editor/FmodResonanceAudioRoomEditor.cs
  artifactKey: Guid(935c6716e27bd481e97897dd9e1de595) Importer(2089858483,0ecaa5967403d082aa24f35e1b516d23)
Start importing Assets/Plugins/FMOD/addons/ResonanceAudio/Editor/FmodResonanceAudioRoomEditor.cs using Guid(935c6716e27bd481e97897dd9e1de595) Importer(2089858483,0ecaa5967403d082aa24f35e1b516d23) [PhysX] Initialized MultithreadedTaskDispatcher with 10 workers.
 -> (artifact id: 'c2da688314fa9b772689fc4e8f40622a') in 0.001728 seconds
Number of updated asset objects reloaded before import = 0
Number of asset objects unloaded after import = 1
========================================================================
Received Import Request.
  Time since last request: 0.000059 seconds.
  path: Assets/Sound/Fmod_Project/Sound/Assets/Footsteps Mini Sound Pack/Mud_Mono_03.wav
  artifactKey: Guid(f1909bfdb95d8984a88d2ec9fea2a698) Importer(2089858483,0ecaa5967403d082aa24f35e1b516d23)
Start importing Assets/Sound/Fmod_Project/Sound/Assets/Footsteps Mini Sound Pack/Mud_Mono_03.wav using Guid(f1909bfdb95d8984a88d2ec9fea2a698) Importer(2089858483,0ecaa5967403d082aa24f35e1b516d23) [PhysX] Initialized MultithreadedTaskDispatcher with 10 workers.
 -> (artifact id: '8f143e5e9968dc4abe5ef22d367d63a7') in 0.013643 seconds
Number of updated asset objects reloaded before import = 0
Number of asset objects unloaded after import = 1
========================================================================
Received Import Request.
  Time since last request: 0.000039 seconds.
  path: Assets/Sound/Fmod_Project/Sound/Assets/Footsteps Mini Sound Pack/Wet_Snow_Mono_04.wav
  artifactKey: Guid(7286b85f1e775a84f8fe01c444b24f3a) Importer(2089858483,0ecaa5967403d082aa24f35e1b516d23)
Start importing Assets/Sound/Fmod_Project/Sound/Assets/Footsteps Mini Sound Pack/Wet_Snow_Mono_04.wav using Guid(7286b85f1e775a84f8fe01c444b24f3a) Importer(2089858483,0ecaa5967403d082aa24f35e1b516d23) [PhysX] Initialized MultithreadedTaskDispatcher with 10 workers.
 -> (artifact id: '49bfc020a0101e4501f719ce530eafd8') in 0.012202 seconds
Number of updated asset objects reloaded before import = 0
Number of asset objects unloaded after import = 1
========================================================================
Received Import Request.
  Time since last request: 0.000035 seconds.
  path: Assets/Sound/Fmod_Project/Sound/Metadata/Asset/{61d7d589-bd3c-478d-a72a-f9c3f5b4693f}.xml
  artifactKey: Guid(8b0bedc89a4a547a3b7bc8993172f537) Importer(2089858483,0ecaa5967403d082aa24f35e1b516d23)
Start importing Assets/Sound/Fmod_Project/Sound/Metadata/Asset/{61d7d589-bd3c-478d-a72a-f9c3f5b4693f}.xml using Guid(8b0bedc89a4a547a3b7bc8993172f537) Importer(2089858483,0ecaa5967403d082aa24f35e1b516d23) [PhysX] Initialized MultithreadedTaskDispatcher with 10 workers.
 -> (artifact id: '6f9058cec83d3a39c3adc4babe433023') in 0.001331 seconds
Number of updated asset objects reloaded before import = 0
Number of asset objects unloaded after import = 1
========================================================================
Received Import Request.
  Time since last request: 0.000050 seconds.
  path: Assets/Sound/Fmod_Project/Sound/Metadata/Asset/{2037281d-baa5-464e-9fd0-c43384fd70f6}.xml
  artifactKey: Guid(0a7df8b7fb57240af8a7b59be3613066) Importer(2089858483,0ecaa5967403d082aa24f35e1b516d23)
Start importing Assets/Sound/Fmod_Project/Sound/Metadata/Asset/{2037281d-baa5-464e-9fd0-c43384fd70f6}.xml using Guid(0a7df8b7fb57240af8a7b59be3613066) Importer(2089858483,0ecaa5967403d082aa24f35e1b516d23) [PhysX] Initialized MultithreadedTaskDispatcher with 10 workers.
 -> (artifact id: 'bd94a5fcc700489a5a9bf7b7b492330d') in 0.002444 seconds
Number of updated asset objects reloaded before import = 0
Number of asset objects unloaded after import = 1
========================================================================
Received Import Request.
  Time since last request: 0.000061 seconds.
  path: Assets/Sound/Fmod_Project/Sound/Metadata/AudioFile/{0303c1ec-59a2-4a82-84dd-f83189b833d0}.xml
  artifactKey: Guid(b68fd1c80b6f14279a50d7b8c832f80e) Importer(2089858483,0ecaa5967403d082aa24f35e1b516d23)
Start importing Assets/Sound/Fmod_Project/Sound/Metadata/AudioFile/{0303c1ec-59a2-4a82-84dd-f83189b833d0}.xml using Guid(b68fd1c80b6f14279a50d7b8c832f80e) Importer(2089858483,0ecaa5967403d082aa24f35e1b516d23) [PhysX] Initialized MultithreadedTaskDispatcher with 10 workers.
 -> (artifact id: 'b024ddd9e232312526ae7ee358ea0e67') in 0.001252 seconds
Number of updated asset objects reloaded before import = 0
Number of asset objects unloaded after import = 1
========================================================================
Received Import Request.
  Time since last request: 0.000028 seconds.
  path: Assets/Plugins/FMOD/platforms/win/src/PlatformWindows.cs
  artifactKey: Guid(9660e62d6232af242877f0cc2b90c63d) Importer(2089858483,0ecaa5967403d082aa24f35e1b516d23)
Start importing Assets/Plugins/FMOD/platforms/win/src/PlatformWindows.cs using Guid(9660e62d6232af242877f0cc2b90c63d) Importer(2089858483,0ecaa5967403d082aa24f35e1b516d23) [PhysX] Initialized MultithreadedTaskDispatcher with 10 workers.
 -> (artifact id: '971c6b32468c1af4205afd3cb355a85a') in 0.001595 seconds
Number of updated asset objects reloaded before import = 0
Number of asset objects unloaded after import = 1
========================================================================
Received Import Request.
  Time since last request: 0.000040 seconds.
  path: Assets/Sound/Fmod_Project/Sound/Metadata/Asset/{da66f0a9-bdf7-49dc-83a9-0b04fc2b3921}.xml
  artifactKey: Guid(d576350bacdee48258d73dcd2bdf0a37) Importer(2089858483,0ecaa5967403d082aa24f35e1b516d23)
Start importing Assets/Sound/Fmod_Project/Sound/Metadata/Asset/{da66f0a9-bdf7-49dc-83a9-0b04fc2b3921}.xml using Guid(d576350bacdee48258d73dcd2bdf0a37) Importer(2089858483,0ecaa5967403d082aa24f35e1b516d23) [PhysX] Initialized MultithreadedTaskDispatcher with 10 workers.
 -> (artifact id: '03fe1313f1dffea35fc81485035b02c3') in 0.001337 seconds
Number of updated asset objects reloaded before import = 0
Number of asset objects unloaded after import = 1
========================================================================
Received Import Request.
  Time since last request: 0.000034 seconds.
  path: Assets/Sound/Fmod_Project/Sound/Metadata/Asset/{e70d4df3-21a0-4324-830d-acb3d00af804}.xml
  artifactKey: Guid(40dda5d0cbc2c4358ae83918994d61a9) Importer(2089858483,0ecaa5967403d082aa24f35e1b516d23)
Start importing Assets/Sound/Fmod_Project/Sound/Metadata/Asset/{e70d4df3-21a0-4324-830d-acb3d00af804}.xml using Guid(40dda5d0cbc2c4358ae83918994d61a9) Importer(2089858483,0ecaa5967403d082aa24f35e1b516d23) [PhysX] Initialized MultithreadedTaskDispatcher with 10 workers.
 -> (artifact id: '23df9f29640ab24084907e0ba77f70c9') in 0.001457 seconds
Number of updated asset objects reloaded before import = 0
Number of asset objects unloaded after import = 1
========================================================================
Received Import Request.
  Time since last request: 0.000070 seconds.
  path: Assets/Sound/Fmod_Project/Sound/Metadata/Asset/{65f2c288-0bb3-4860-98cb-42bbb0c47c87}.xml
  artifactKey: Guid(325aba6bd369542d8aba39c36caf24a7) Importer(2089858483,0ecaa5967403d082aa24f35e1b516d23)
Start importing Assets/Sound/Fmod_Project/Sound/Metadata/Asset/{65f2c288-0bb3-4860-98cb-42bbb0c47c87}.xml using Guid(325aba6bd369542d8aba39c36caf24a7) Importer(2089858483,0ecaa5967403d082aa24f35e1b516d23) [PhysX] Initialized MultithreadedTaskDispatcher with 10 workers.
 -> (artifact id: 'b092df5491067304fd605a872d52ca59') in 0.001210 seconds
Number of updated asset objects reloaded before import = 0
Number of asset objects unloaded after import = 1
========================================================================
Received Import Request.
  Time since last request: 0.000053 seconds.
  path: Assets/Sound/Fmod_Project/Sound/Metadata/Asset/{3f2b4460-8ddd-4b1c-a29d-a187c81bc123}.xml
  artifactKey: Guid(2064118a1b5d848e6990fae40b13a990) Importer(2089858483,0ecaa5967403d082aa24f35e1b516d23)
Start importing Assets/Sound/Fmod_Project/Sound/Metadata/Asset/{3f2b4460-8ddd-4b1c-a29d-a187c81bc123}.xml using Guid(2064118a1b5d848e6990fae40b13a990) Importer(2089858483,0ecaa5967403d082aa24f35e1b516d23) [PhysX] Initialized MultithreadedTaskDispatcher with 10 workers.
 -> (artifact id: '64229dbb4d2585c52150faa9588cfd93') in 0.001395 seconds
Number of updated asset objects reloaded before import = 0
Number of asset objects unloaded after import = 1
========================================================================
Received Import Request.
  Time since last request: 0.000063 seconds.
  path: Assets/Sound/Fmod_Project/Sound/Assets/Footsteps Mini Sound Pack/MetalSteps_04.wav
  artifactKey: Guid(59fa51faf2e7a0c4496fd5f4a395e3ff) Importer(2089858483,0ecaa5967403d082aa24f35e1b516d23)
Start importing Assets/Sound/Fmod_Project/Sound/Assets/Footsteps Mini Sound Pack/MetalSteps_04.wav using Guid(59fa51faf2e7a0c4496fd5f4a395e3ff) Importer(2089858483,0ecaa5967403d082aa24f35e1b516d23) [PhysX] Initialized MultithreadedTaskDispatcher with 10 workers.
 -> (artifact id: '5eed77f008ea1670cb441e8791f89979') in 0.013689 seconds
Number of updated asset objects reloaded before import = 0
Number of asset objects unloaded after import = 1
========================================================================
Received Import Request.
  Time since last request: 0.000025 seconds.
  path: Assets/Sound/Fmod_Project/Sound/Assets/Footsteps Mini Sound Pack/Wet_Snow_Mono_05.wav
  artifactKey: Guid(19bdd52a56758364c8b8425175f74079) Importer(2089858483,0ecaa5967403d082aa24f35e1b516d23)
Start importing Assets/Sound/Fmod_Project/Sound/Assets/Footsteps Mini Sound Pack/Wet_Snow_Mono_05.wav using Guid(19bdd52a56758364c8b8425175f74079) Importer(2089858483,0ecaa5967403d082aa24f35e1b516d23) [PhysX] Initialized MultithreadedTaskDispatcher with 10 workers.
 -> (artifact id: 'd5b7e4b4e02d6847561c0a9215a90865') in 0.013806 seconds
Number of updated asset objects reloaded before import = 0
Number of asset objects unloaded after import = 1
========================================================================
Received Import Request.
  Time since last request: 0.000053 seconds.
  path: Assets/Plugins/FMOD/platforms/android/lib/fmod.jar
  artifactKey: Guid(cba124c31f7e10640bc2ff9464f8ac15) Importer(2089858483,0ecaa5967403d082aa24f35e1b516d23)
Start importing Assets/Plugins/FMOD/platforms/android/lib/fmod.jar using Guid(cba124c31f7e10640bc2ff9464f8ac15) Importer(2089858483,0ecaa5967403d082aa24f35e1b516d23) [PhysX] Initialized MultithreadedTaskDispatcher with 10 workers.
 -> (artifact id: '7891515f05ca45254502ccfba433fdae') in 0.001449 seconds
Number of updated asset objects reloaded before import = 0
Number of asset objects unloaded after import = 1
========================================================================
Received Import Request.
  Time since last request: 0.000110 seconds.
  path: Assets/Sound/Fmod_Project/Sound/Assets/Footsteps Mini Sound Pack/PavementTiles_Mono_05.wav
  artifactKey: Guid(68919eef930646c47baec2350ce2b51f) Importer(2089858483,0ecaa5967403d082aa24f35e1b516d23)
Start importing Assets/Sound/Fmod_Project/Sound/Assets/Footsteps Mini Sound Pack/PavementTiles_Mono_05.wav using Guid(68919eef930646c47baec2350ce2b51f) Importer(2089858483,0ecaa5967403d082aa24f35e1b516d23) [PhysX] Initialized MultithreadedTaskDispatcher with 10 workers.
 -> (artifact id: '710faea1b4cfba29d5844d64d44083cf') in 0.013544 seconds
Number of updated asset objects reloaded before import = 0
Number of asset objects unloaded after import = 1
========================================================================
Received Import Request.
  Time since last request: 0.000182 seconds.
  path: Assets/Sound/Fmod_Project/Sound/Metadata/Asset/{3b59fcc8-6a55-4d81-95c5-966193eec9f5}.xml
  artifactKey: Guid(954c7c1b532944f56a6645908f4d7044) Importer(2089858483,0ecaa5967403d082aa24f35e1b516d23)
Start importing Assets/Sound/Fmod_Project/Sound/Metadata/Asset/{3b59fcc8-6a55-4d81-95c5-966193eec9f5}.xml using Guid(954c7c1b532944f56a6645908f4d7044) Importer(2089858483,0ecaa5967403d082aa24f35e1b516d23) [PhysX] Initialized MultithreadedTaskDispatcher with 10 workers.
 -> (artifact id: '3bce877ae080055ba19469f425cea825') in 0.001371 seconds
Number of updated asset objects reloaded before import = 0
Number of asset objects unloaded after import = 1
========================================================================
Received Import Request.
  Time since last request: 0.000106 seconds.
  path: Assets/Sound/Fmod_Project/Sound/Metadata/AudioFile/{012e7b80-49c2-42d2-9255-e02f11a01e2e}.xml
  artifactKey: Guid(65141f5f0bf5444b2ad7238f96a2cabb) Importer(2089858483,0ecaa5967403d082aa24f35e1b516d23)
Start importing Assets/Sound/Fmod_Project/Sound/Metadata/AudioFile/{012e7b80-49c2-42d2-9255-e02f11a01e2e}.xml using Guid(65141f5f0bf5444b2ad7238f96a2cabb) Importer(2089858483,0ecaa5967403d082aa24f35e1b516d23) [PhysX] Initialized MultithreadedTaskDispatcher with 10 workers.
 -> (artifact id: 'ce2cc193d450f685588aeb0909aae22a') in 0.001446 seconds
Number of updated asset objects reloaded before import = 0
Number of asset objects unloaded after import = 1
========================================================================
Received Import Request.
  Time since last request: 0.000133 seconds.
  path: Assets/Plugins/FMOD/platforms/linux/src/PlatformLinux.cs
  artifactKey: Guid(73549a74f689f0849a8271d9e908c514) Importer(2089858483,0ecaa5967403d082aa24f35e1b516d23)
Start importing Assets/Plugins/FMOD/platforms/linux/src/PlatformLinux.cs using Guid(73549a74f689f0849a8271d9e908c514) Importer(2089858483,0ecaa5967403d082aa24f35e1b516d23) [PhysX] Initialized MultithreadedTaskDispatcher with 10 workers.
 -> (artifact id: '5698eadeef4901082991b92676d7c50e') in 0.001608 seconds
Number of updated asset objects reloaded before import = 0
Number of asset objects unloaded after import = 1
========================================================================
Received Import Request.
  Time since last request: 0.000106 seconds.
  path: Assets/Sound/Fmod_Project/Sound/Metadata/Asset/{e11a533b-2842-4b76-a1d7-5f52aeff09f0}.xml
  artifactKey: Guid(cda8252c1b3174a34a3568813844c9ef) Importer(2089858483,0ecaa5967403d082aa24f35e1b516d23)
Start importing Assets/Sound/Fmod_Project/Sound/Metadata/Asset/{e11a533b-2842-4b76-a1d7-5f52aeff09f0}.xml using Guid(cda8252c1b3174a34a3568813844c9ef) Importer(2089858483,0ecaa5967403d082aa24f35e1b516d23) [PhysX] Initialized MultithreadedTaskDispatcher with 10 workers.
 -> (artifact id: '614f395152c3c5d2597b88514d3764b6') in 0.001354 seconds
Number of updated asset objects reloaded before import = 0
Number of asset objects unloaded after import = 1
========================================================================
Received Import Request.
  Time since last request: 0.000037 seconds.
  path: Assets/Sound/Fmod_Project/Sound/Metadata/Asset/{752eccab-070d-48b8-a129-5b64914696d4}.xml
  artifactKey: Guid(87a4ff644ce394d92bcbc120d83c05de) Importer(2089858483,0ecaa5967403d082aa24f35e1b516d23)
Start importing Assets/Sound/Fmod_Project/Sound/Metadata/Asset/{752eccab-070d-48b8-a129-5b64914696d4}.xml using Guid(87a4ff644ce394d92bcbc120d83c05de) Importer(2089858483,0ecaa5967403d082aa24f35e1b516d23) [PhysX] Initialized MultithreadedTaskDispatcher with 10 workers.
 -> (artifact id: '4b90c55c5411d5f94196d2ae562733c6') in 0.001161 seconds
Number of updated asset objects reloaded before import = 0
Number of asset objects unloaded after import = 1
========================================================================
Received Import Request.
  Time since last request: 0.000053 seconds.
  path: Assets/Sound/Fmod_Project/Sound/Assets/Footsteps Mini Sound Pack/LowMetal_Mono_04.wav
  artifactKey: Guid(65d30cde7ec50e6489b8c2d542d50b15) Importer(2089858483,0ecaa5967403d082aa24f35e1b516d23)
Start importing Assets/Sound/Fmod_Project/Sound/Assets/Footsteps Mini Sound Pack/LowMetal_Mono_04.wav using Guid(65d30cde7ec50e6489b8c2d542d50b15) Importer(2089858483,0ecaa5967403d082aa24f35e1b516d23) [PhysX] Initialized MultithreadedTaskDispatcher with 10 workers.
 -> (artifact id: '73d7fda203f015abe510b9f9e4fde01f') in 0.013492 seconds
Number of updated asset objects reloaded before import = 0
Number of asset objects unloaded after import = 1
========================================================================
Received Import Request.
  Time since last request: 0.000032 seconds.
  path: Assets/Sound/Fmod_Project/Sound/Assets/Footsteps Mini Sound Pack/Flats_Metal_Grate_001.wav
  artifactKey: Guid(20af4bf0eb191de4bba9527dce9bd30b) Importer(2089858483,0ecaa5967403d082aa24f35e1b516d23)
Start importing Assets/Sound/Fmod_Project/Sound/Assets/Footsteps Mini Sound Pack/Flats_Metal_Grate_001.wav using Guid(20af4bf0eb191de4bba9527dce9bd30b) Importer(2089858483,0ecaa5967403d082aa24f35e1b516d23) [PhysX] Initialized MultithreadedTaskDispatcher with 10 workers.
 -> (artifact id: '4b5e1917cc90bda345e11ef2f9610439') in 0.013221 seconds
Number of updated asset objects reloaded before import = 0
Number of asset objects unloaded after import = 1
========================================================================
Received Import Request.
  Time since last request: 0.000061 seconds.
  path: Assets/Plugins/Sortify/Modules/SortifyAttributes/Editor/BetterHeaderAttributeDrawer.cs
  artifactKey: Guid(060830cd10aba3b4a88e142c6761bad8) Importer(2089858483,0ecaa5967403d082aa24f35e1b516d23)
Start importing Assets/Plugins/Sortify/Modules/SortifyAttributes/Editor/BetterHeaderAttributeDrawer.cs using Guid(060830cd10aba3b4a88e142c6761bad8) Importer(2089858483,0ecaa5967403d082aa24f35e1b516d23) [PhysX] Initialized MultithreadedTaskDispatcher with 10 workers.
 -> (artifact id: 'ba3d575be1ce2fd20cd9825850b67629') in 0.001464 seconds
Number of updated asset objects reloaded before import = 0
Number of asset objects unloaded after import = 1
========================================================================
Received Import Request.
  Time since last request: 0.000043 seconds.
  path: Assets/Plugins/FMOD/platforms/ios/src/PlatformIOS.cs
  artifactKey: Guid(bc1f51bc35d549941904cf062bae93a3) Importer(2089858483,0ecaa5967403d082aa24f35e1b516d23)
Start importing Assets/Plugins/FMOD/platforms/ios/src/PlatformIOS.cs using Guid(bc1f51bc35d549941904cf062bae93a3) Importer(2089858483,0ecaa5967403d082aa24f35e1b516d23) [PhysX] Initialized MultithreadedTaskDispatcher with 10 workers.
 -> (artifact id: '114fb627f02e2ebfac3bede6990d6d37') in 0.001533 seconds
Number of updated asset objects reloaded before import = 0
Number of asset objects unloaded after import = 1
========================================================================
Received Import Request.
  Time since last request: 0.000058 seconds.
  path: Assets/Sound/Fmod_Project/Sound/Assets/Footsteps Mini Sound Pack/LowMetal_Mono_03.wav
  artifactKey: Guid(254519b8a14f3de4db117792a2de4fe4) Importer(2089858483,0ecaa5967403d082aa24f35e1b516d23)
Start importing Assets/Sound/Fmod_Project/Sound/Assets/Footsteps Mini Sound Pack/LowMetal_Mono_03.wav using Guid(254519b8a14f3de4db117792a2de4fe4) Importer(2089858483,0ecaa5967403d082aa24f35e1b516d23) [PhysX] Initialized MultithreadedTaskDispatcher with 10 workers.
 -> (artifact id: '07866f643829d020a7bb1fed54109dcf') in 0.013076 seconds
Number of updated asset objects reloaded before import = 0
Number of asset objects unloaded after import = 1
========================================================================
Received Import Request.
  Time since last request: 0.000042 seconds.
  path: Assets/Plugins/FMOD/platforms/tvos/lib/libfmodstudiounitypluginsimulator.a
  artifactKey: Guid(86d28a38815714041bf19dc4cc59ce65) Importer(2089858483,0ecaa5967403d082aa24f35e1b516d23)
Start importing Assets/Plugins/FMOD/platforms/tvos/lib/libfmodstudiounitypluginsimulator.a using Guid(86d28a38815714041bf19dc4cc59ce65) Importer(2089858483,0ecaa5967403d082aa24f35e1b516d23) [PhysX] Initialized MultithreadedTaskDispatcher with 10 workers.
 -> (artifact id: '890c9515e81b6233d1d586ebbf77f0bc') in 0.001574 seconds
Number of updated asset objects reloaded before import = 0
Number of asset objects unloaded after import = 1
========================================================================
Received Import Request.
  Time since last request: 0.000053 seconds.
  path: Assets/Sound/Fmod_Project/Sound/Assets/Footsteps Mini Sound Pack/Wet_Snow_Mono_03.wav
  artifactKey: Guid(0d08e7f31ac63c04eb80b4ecd1ca27b0) Importer(2089858483,0ecaa5967403d082aa24f35e1b516d23)
Start importing Assets/Sound/Fmod_Project/Sound/Assets/Footsteps Mini Sound Pack/Wet_Snow_Mono_03.wav using Guid(0d08e7f31ac63c04eb80b4ecd1ca27b0) Importer(2089858483,0ecaa5967403d082aa24f35e1b516d23) [PhysX] Initialized MultithreadedTaskDispatcher with 10 workers.
 -> (artifact id: 'b87c4ed9c4ddcf900ed2aab1d8ac2831') in 0.013192 seconds
Number of updated asset objects reloaded before import = 0
Number of asset objects unloaded after import = 1
========================================================================
Received Import Request.
  Time since last request: 0.000089 seconds.
  path: Assets/Sound/Fmod_Project/Sound/Metadata/Asset/{6fee8fde-3cc8-4315-b6f5-79dc75a77718}.xml
  artifactKey: Guid(3ae7da15647cc4fe8a4d15d3228b7b6a) Importer(2089858483,0ecaa5967403d082aa24f35e1b516d23)
Start importing Assets/Sound/Fmod_Project/Sound/Metadata/Asset/{6fee8fde-3cc8-4315-b6f5-79dc75a77718}.xml using Guid(3ae7da15647cc4fe8a4d15d3228b7b6a) Importer(2089858483,0ecaa5967403d082aa24f35e1b516d23) [PhysX] Initialized MultithreadedTaskDispatcher with 10 workers.
 -> (artifact id: '03c9e8c795cb9126e5728cde69000c7c') in 0.001396 seconds
Number of updated asset objects reloaded before import = 0
Number of asset objects unloaded after import = 1
========================================================================
Received Import Request.
  Time since last request: 0.000053 seconds.
  path: Assets/Sound/Fmod_Project/Sound/Metadata/Asset/{161bb0ff-c808-4e3e-b9b6-60feedb86ef5}.xml
  artifactKey: Guid(65712c8e0d56141deb41af53e19029d0) Importer(2089858483,0ecaa5967403d082aa24f35e1b516d23)
Start importing Assets/Sound/Fmod_Project/Sound/Metadata/Asset/{161bb0ff-c808-4e3e-b9b6-60feedb86ef5}.xml using Guid(65712c8e0d56141deb41af53e19029d0) Importer(2089858483,0ecaa5967403d082aa24f35e1b516d23) [PhysX] Initialized MultithreadedTaskDispatcher with 10 workers.
 -> (artifact id: '48faf7c20e2053eaf3b724c19014189c') in 0.001235 seconds
Number of updated asset objects reloaded before import = 0
Number of asset objects unloaded after import = 1
========================================================================
Received Import Request.
  Time since last request: 0.000053 seconds.
  path: Assets/Sound/Fmod_Project/Sound/Assets/Footsteps Mini Sound Pack/Tall_Grass_Mono_03.wav
  artifactKey: Guid(fe550c1d301697d4cb10a20ab0aa4ee5) Importer(2089858483,0ecaa5967403d082aa24f35e1b516d23)
Start importing Assets/Sound/Fmod_Project/Sound/Assets/Footsteps Mini Sound Pack/Tall_Grass_Mono_03.wav using Guid(fe550c1d301697d4cb10a20ab0aa4ee5) Importer(2089858483,0ecaa5967403d082aa24f35e1b516d23) [PhysX] Initialized MultithreadedTaskDispatcher with 10 workers.
 -> (artifact id: 'eb694f2d5d899b47b14df213dd480a2b') in 0.013120 seconds
Number of updated asset objects reloaded before import = 0
Number of asset objects unloaded after import = 1
========================================================================
Received Import Request.
  Time since last request: 0.000053 seconds.
  path: Assets/Sound/Fmod_Project/Sound/Metadata/Asset/{b7964a7c-0e89-4747-b15f-352b74cbf966}.xml
  artifactKey: Guid(44c64dc380b7446d2a9eb28559392d59) Importer(2089858483,0ecaa5967403d082aa24f35e1b516d23)
Start importing Assets/Sound/Fmod_Project/Sound/Metadata/Asset/{b7964a7c-0e89-4747-b15f-352b74cbf966}.xml using Guid(44c64dc380b7446d2a9eb28559392d59) Importer(2089858483,0ecaa5967403d082aa24f35e1b516d23) [PhysX] Initialized MultithreadedTaskDispatcher with 10 workers.
 -> (artifact id: 'fdc3c3e61440e3d75084c387dc3605af') in 0.001362 seconds
Number of updated asset objects reloaded before import = 0
Number of asset objects unloaded after import = 1
========================================================================
Received Import Request.
  Time since last request: 0.000061 seconds.
  path: Assets/Sound/Fmod_Project/Sound/Assets/Footsteps Mini Sound Pack/Linoleum_Mono_02.wav
  artifactKey: Guid(118bb367fbbf0ed41b333d8e73e2db72) Importer(2089858483,0ecaa5967403d082aa24f35e1b516d23)
Start importing Assets/Sound/Fmod_Project/Sound/Assets/Footsteps Mini Sound Pack/Linoleum_Mono_02.wav using Guid(118bb367fbbf0ed41b333d8e73e2db72) Importer(2089858483,0ecaa5967403d082aa24f35e1b516d23) [PhysX] Initialized MultithreadedTaskDispatcher with 10 workers.
 -> (artifact id: 'c29ad8351089fd78e572fb757ca79f9a') in 0.012033 seconds
Number of updated asset objects reloaded before import = 0
Number of asset objects unloaded after import = 1
========================================================================
Received Import Request.
  Time since last request: 0.000048 seconds.
  path: Assets/Sound/Fmod_Project/Sound/Assets/Footsteps Mini Sound Pack/Glass_Grit_Mono_04.wav
  artifactKey: Guid(b8e6f398ae338b845a86f70dade1aa13) Importer(2089858483,0ecaa5967403d082aa24f35e1b516d23)
Start importing Assets/Sound/Fmod_Project/Sound/Assets/Footsteps Mini Sound Pack/Glass_Grit_Mono_04.wav using Guid(b8e6f398ae338b845a86f70dade1aa13) Importer(2089858483,0ecaa5967403d082aa24f35e1b516d23) [PhysX] Initialized MultithreadedTaskDispatcher with 10 workers.
 -> (artifact id: '9d16b30062980df80c614259f2e1987c') in 0.013156 seconds
Number of updated asset objects reloaded before import = 0
Number of asset objects unloaded after import = 1
========================================================================
Received Import Request.
  Time since last request: 0.000036 seconds.
  path: Assets/Sound/Fmod_Project/Sound/Metadata/AudioFile/{01abf521-3c88-4de8-8ac2-77b042663bf6}.xml
  artifactKey: Guid(d694bc561b07d4b748a3f932ccc716ac) Importer(2089858483,0ecaa5967403d082aa24f35e1b516d23)
Start importing Assets/Sound/Fmod_Project/Sound/Metadata/AudioFile/{01abf521-3c88-4de8-8ac2-77b042663bf6}.xml using Guid(d694bc561b07d4b748a3f932ccc716ac) Importer(2089858483,0ecaa5967403d082aa24f35e1b516d23) [PhysX] Initialized MultithreadedTaskDispatcher with 10 workers.
 -> (artifact id: '59c64d462b4c2bf01f435fa9b4a68c95') in 0.001249 seconds
Number of updated asset objects reloaded before import = 0
Number of asset objects unloaded after import = 1
========================================================================
Received Import Request.
  Time since last request: 0.000056 seconds.
  path: Assets/Sound/Fmod_Project/Sound/Metadata/Asset/{8ec9b68f-3977-4fa6-8a2e-23c0f81b5bfb}.xml
  artifactKey: Guid(0d1b7f907e59848cba7f7a34964282f3) Importer(2089858483,0ecaa5967403d082aa24f35e1b516d23)
Start importing Assets/Sound/Fmod_Project/Sound/Metadata/Asset/{8ec9b68f-3977-4fa6-8a2e-23c0f81b5bfb}.xml using Guid(0d1b7f907e59848cba7f7a34964282f3) Importer(2089858483,0ecaa5967403d082aa24f35e1b516d23) [PhysX] Initialized MultithreadedTaskDispatcher with 10 workers.
 -> (artifact id: '794e365260db2473f18bb6ea7d8000f4') in 0.001204 seconds
Number of updated asset objects reloaded before import = 0
Number of asset objects unloaded after import = 1
========================================================================
Received Import Request.
  Time since last request: 0.000049 seconds.
  path: Assets/Sound/Fmod_Project/Sound/Assets/Footsteps Mini Sound Pack/Linoleum_Mono_03.wav
  artifactKey: Guid(6d55ae8d99786374393be261d62d694e) Importer(2089858483,0ecaa5967403d082aa24f35e1b516d23)
Start importing Assets/Sound/Fmod_Project/Sound/Assets/Footsteps Mini Sound Pack/Linoleum_Mono_03.wav using Guid(6d55ae8d99786374393be261d62d694e) Importer(2089858483,0ecaa5967403d082aa24f35e1b516d23) [PhysX] Initialized MultithreadedTaskDispatcher with 10 workers.
 -> (artifact id: 'a7c66df68f788441345f49729473d6ff') in 0.013253 seconds
Number of updated asset objects reloaded before import = 0
Number of asset objects unloaded after import = 1
========================================================================
Received Import Request.
  Time since last request: 0.000046 seconds.
  path: Assets/Sound/Fmod_Project/Sound/Metadata/AudioFile/{0291f3b6-814b-4ad0-b9b0-8034d83b5f2c}.xml
  artifactKey: Guid(7243b1c7ec1fc40f097f24479532c9aa) Importer(2089858483,0ecaa5967403d082aa24f35e1b516d23)
Start importing Assets/Sound/Fmod_Project/Sound/Metadata/AudioFile/{0291f3b6-814b-4ad0-b9b0-8034d83b5f2c}.xml using Guid(7243b1c7ec1fc40f097f24479532c9aa) Importer(2089858483,0ecaa5967403d082aa24f35e1b516d23) [PhysX] Initialized MultithreadedTaskDispatcher with 10 workers.
 -> (artifact id: 'a993dea0a661b97353695c3f5180aa73') in 0.001339 seconds
Number of updated asset objects reloaded before import = 0
Number of asset objects unloaded after import = 1
========================================================================
Received Import Request.
  Time since last request: 0.000047 seconds.
  path: Assets/Sound/Fmod_Project/Sound/Assets/Footsteps Mini Sound Pack/MetalSteps_03.wav
  artifactKey: Guid(c9cb8cc7e7af5af4780de2147fba30c1) Importer(2089858483,0ecaa5967403d082aa24f35e1b516d23)
Start importing Assets/Sound/Fmod_Project/Sound/Assets/Footsteps Mini Sound Pack/MetalSteps_03.wav using Guid(c9cb8cc7e7af5af4780de2147fba30c1) Importer(2089858483,0ecaa5967403d082aa24f35e1b516d23) [PhysX] Initialized MultithreadedTaskDispatcher with 10 workers.
 -> (artifact id: 'bfdcff50826b920e13f68a4ba1b957af') in 0.016108 seconds
Number of updated asset objects reloaded before import = 0
Number of asset objects unloaded after import = 1
========================================================================
Received Import Request.
  Time since last request: 1.925458 seconds.
  path: Assets/Sound/Fmod_Project/Sound/Metadata/AudioFile/{040c3184-00d5-4686-9586-9e175bf780a9}.xml
  artifactKey: Guid(5ed59fdef3c7f4291a2239b0b5dbb536) Importer(2089858483,0ecaa5967403d082aa24f35e1b516d23)
Start importing Assets/Sound/Fmod_Project/Sound/Metadata/AudioFile/{040c3184-00d5-4686-9586-9e175bf780a9}.xml using Guid(5ed59fdef3c7f4291a2239b0b5dbb536) Importer(2089858483,0ecaa5967403d082aa24f35e1b516d23) [PhysX] Initialized MultithreadedTaskDispatcher with 10 workers.
 -> (artifact id: 'fd50dde6161396df372f3a40fec0babc') in 0.002741 seconds
Number of updated asset objects reloaded before import = 0
Number of asset objects unloaded after import = 1
========================================================================
Received Import Request.
  Time since last request: 0.000170 seconds.
  path: Assets/Sound/Fmod_Project/Sound/Metadata/AudioFile/{20767428-5b8f-4a0f-b1c9-08fda2bdf636}.xml
  artifactKey: Guid(3dd818bc3eff4428ea6299d084ca0301) Importer(2089858483,0ecaa5967403d082aa24f35e1b516d23)
Start importing Assets/Sound/Fmod_Project/Sound/Metadata/AudioFile/{20767428-5b8f-4a0f-b1c9-08fda2bdf636}.xml using Guid(3dd818bc3eff4428ea6299d084ca0301) Importer(2089858483,0ecaa5967403d082aa24f35e1b516d23) [PhysX] Initialized MultithreadedTaskDispatcher with 10 workers.
 -> (artifact id: '14030fb4eec76a4094af3ff7d59b13a3') in 0.003067 seconds
Number of updated asset objects reloaded before import = 0
Number of asset objects unloaded after import = 1
========================================================================
Received Import Request.
  Time since last request: 0.000089 seconds.
  path: Assets/Sound/Fmod_Project/Sound/Metadata/AudioFile/{0660154b-e146-4d0f-90a5-51d33e8ff4ba}.xml
  artifactKey: Guid(3f239330b89264cc7a42b47024c3d2e3) Importer(2089858483,0ecaa5967403d082aa24f35e1b516d23)
Start importing Assets/Sound/Fmod_Project/Sound/Metadata/AudioFile/{0660154b-e146-4d0f-90a5-51d33e8ff4ba}.xml using Guid(3f239330b89264cc7a42b47024c3d2e3) Importer(2089858483,0ecaa5967403d082aa24f35e1b516d23) [PhysX] Initialized MultithreadedTaskDispatcher with 10 workers.
 -> (artifact id: '2347f7dbd692e1c7c4627380815d463d') in 0.002659 seconds
Number of updated asset objects reloaded before import = 0
Number of asset objects unloaded after import = 1
========================================================================
Received Import Request.
  Time since last request: 0.000058 seconds.
  path: Assets/Sound/Fmod_Project/Sound/Metadata/AudioFile/{2dc1d426-d553-40ba-810d-35161d488581}.xml
  artifactKey: Guid(8d66e6a01e1c943b1b3c90d8adf38bbb) Importer(2089858483,0ecaa5967403d082aa24f35e1b516d23)
Start importing Assets/Sound/Fmod_Project/Sound/Metadata/AudioFile/{2dc1d426-d553-40ba-810d-35161d488581}.xml using Guid(8d66e6a01e1c943b1b3c90d8adf38bbb) Importer(2089858483,0ecaa5967403d082aa24f35e1b516d23) [PhysX] Initialized MultithreadedTaskDispatcher with 10 workers.
 -> (artifact id: '424e5a0e5234741ff09ccbf1edf1fec9') in 0.002657 seconds
Number of updated asset objects reloaded before import = 0
Number of asset objects unloaded after import = 1
========================================================================
Received Import Request.
  Time since last request: 0.000041 seconds.
  path: Assets/Sound/Fmod_Project/Sound/Metadata/AudioFile/{1420decc-67c9-42ab-b02b-28f2ee945bda}.xml
  artifactKey: Guid(37d4f4e464842430dbda72bfc6d4b27d) Importer(2089858483,0ecaa5967403d082aa24f35e1b516d23)
Start importing Assets/Sound/Fmod_Project/Sound/Metadata/AudioFile/{1420decc-67c9-42ab-b02b-28f2ee945bda}.xml using Guid(37d4f4e464842430dbda72bfc6d4b27d) Importer(2089858483,0ecaa5967403d082aa24f35e1b516d23) [PhysX] Initialized MultithreadedTaskDispatcher with 10 workers.
 -> (artifact id: '67c34b0f06a20440675657fc79820975') in 0.002956 seconds
Number of updated asset objects reloaded before import = 0
Number of asset objects unloaded after import = 1
========================================================================
Received Import Request.
  Time since last request: 0.000090 seconds.
  path: Assets/Sound/Fmod_Project/Sound/Metadata/AudioFile/{2112c7fa-2a5b-456a-90d9-03be9602ba90}.xml
  artifactKey: Guid(4d81ffc108b594bce93ead4871f1f49f) Importer(2089858483,0ecaa5967403d082aa24f35e1b516d23)
Start importing Assets/Sound/Fmod_Project/Sound/Metadata/AudioFile/{2112c7fa-2a5b-456a-90d9-03be9602ba90}.xml using Guid(4d81ffc108b594bce93ead4871f1f49f) Importer(2089858483,0ecaa5967403d082aa24f35e1b516d23) [PhysX] Initialized MultithreadedTaskDispatcher with 10 workers.
 -> (artifact id: '9bd29564d478283eaca3f490f7f2b386') in 0.002106 seconds
Number of updated asset objects reloaded before import = 0
Number of asset objects unloaded after import = 1
========================================================================
Received Import Request.
  Time since last request: 0.000187 seconds.
  path: Assets/Sound/Fmod_Project/Sound/Metadata/AudioFile/{3db13519-5d12-4ed7-9942-dca7c4d384cc}.xml
  artifactKey: Guid(d2179301526b3426e879ca6d165c5add) Importer(2089858483,0ecaa5967403d082aa24f35e1b516d23)
Start importing Assets/Sound/Fmod_Project/Sound/Metadata/AudioFile/{3db13519-5d12-4ed7-9942-dca7c4d384cc}.xml using Guid(d2179301526b3426e879ca6d165c5add) Importer(2089858483,0ecaa5967403d082aa24f35e1b516d23) [PhysX] Initialized MultithreadedTaskDispatcher with 10 workers.
 -> (artifact id: '90f66452fadff99cd3ce9822f6699b6f') in 0.002180 seconds
Number of updated asset objects reloaded before import = 0
Number of asset objects unloaded after import = 1
========================================================================
Received Import Request.
  Time since last request: 0.000186 seconds.
  path: Assets/Sound/Fmod_Project/Sound/Metadata/AudioFile/{0c94136f-2ffd-463e-9b84-9d3d7797444c}.xml
  artifactKey: Guid(5c16cef1dac004fcebc9d3fdae16ceeb) Importer(2089858483,0ecaa5967403d082aa24f35e1b516d23)
Start importing Assets/Sound/Fmod_Project/Sound/Metadata/AudioFile/{0c94136f-2ffd-463e-9b84-9d3d7797444c}.xml using Guid(5c16cef1dac004fcebc9d3fdae16ceeb) Importer(2089858483,0ecaa5967403d082aa24f35e1b516d23) [PhysX] Initialized MultithreadedTaskDispatcher with 10 workers.
 -> (artifact id: 'f552417ea60f9df4f4eedbb4ecf81155') in 0.001966 seconds
Number of updated asset objects reloaded before import = 0
Number of asset objects unloaded after import = 1
========================================================================
Received Import Request.
  Time since last request: 0.000156 seconds.
  path: Assets/Sound/Fmod_Project/Sound/Metadata/AudioFile/{092f8e96-bd77-44e5-9a24-f40678b1024b}.xml
  artifactKey: Guid(fcb885f6882e249d48a0b26fb2ee6f80) Importer(2089858483,0ecaa5967403d082aa24f35e1b516d23)
Start importing Assets/Sound/Fmod_Project/Sound/Metadata/AudioFile/{092f8e96-bd77-44e5-9a24-f40678b1024b}.xml using Guid(fcb885f6882e249d48a0b26fb2ee6f80) Importer(2089858483,0ecaa5967403d082aa24f35e1b516d23) [PhysX] Initialized MultithreadedTaskDispatcher with 10 workers.
 -> (artifact id: 'becfd03e2df13ad80a3264532ed77c8b') in 0.003372 seconds
Number of updated asset objects reloaded before import = 0
Number of asset objects unloaded after import = 1
========================================================================
Received Import Request.
  Time since last request: 0.000170 seconds.
  path: Assets/Sound/Fmod_Project/Sound/Metadata/AudioFile/{0ce9c973-8c44-4d73-9de5-8bb94098442f}.xml
  artifactKey: Guid(124ee448e9df7407cb93e1843f7a0d5b) Importer(2089858483,0ecaa5967403d082aa24f35e1b516d23)
Start importing Assets/Sound/Fmod_Project/Sound/Metadata/AudioFile/{0ce9c973-8c44-4d73-9de5-8bb94098442f}.xml using Guid(124ee448e9df7407cb93e1843f7a0d5b) Importer(2089858483,0ecaa5967403d082aa24f35e1b516d23) [PhysX] Initialized MultithreadedTaskDispatcher with 10 workers.
 -> (artifact id: '6de7b4f2fd4844a1ec0ab5b6f281f59b') in 0.001857 seconds
Number of updated asset objects reloaded before import = 0
Number of asset objects unloaded after import = 1
========================================================================
Received Import Request.
  Time since last request: 0.000253 seconds.
  path: Assets/Sound/Fmod_Project/Sound/Metadata/AudioFile/{37d0f189-0945-4c6f-8062-0e17329ffb6d}.xml
  artifactKey: Guid(dc28de4c6af3140a298cfc12b62f4ab3) Importer(2089858483,0ecaa5967403d082aa24f35e1b516d23)
Start importing Assets/Sound/Fmod_Project/Sound/Metadata/AudioFile/{37d0f189-0945-4c6f-8062-0e17329ffb6d}.xml using Guid(dc28de4c6af3140a298cfc12b62f4ab3) Importer(2089858483,0ecaa5967403d082aa24f35e1b516d23) [PhysX] Initialized MultithreadedTaskDispatcher with 10 workers.
 -> (artifact id: '5c933b6a4be850ab91e7bd0455cdadd2') in 0.002045 seconds
Number of updated asset objects reloaded before import = 0
Number of asset objects unloaded after import = 1
========================================================================
Received Import Request.
  Time since last request: 0.000062 seconds.
  path: Assets/Sound/Fmod_Project/Sound/Metadata/AudioFile/{0c744669-dccf-4d8b-b768-628bb1aa035c}.xml
  artifactKey: Guid(10d21b241025547fb817a132ff691a3d) Importer(2089858483,0ecaa5967403d082aa24f35e1b516d23)
Start importing Assets/Sound/Fmod_Project/Sound/Metadata/AudioFile/{0c744669-dccf-4d8b-b768-628bb1aa035c}.xml using Guid(10d21b241025547fb817a132ff691a3d) Importer(2089858483,0ecaa5967403d082aa24f35e1b516d23) [PhysX] Initialized MultithreadedTaskDispatcher with 10 workers.
 -> (artifact id: '3620b32217f1a22b937ea704c11c57d6') in 0.002027 seconds
Number of updated asset objects reloaded before import = 0
Number of asset objects unloaded after import = 1
========================================================================
Received Import Request.
  Time since last request: 0.000034 seconds.
  path: Assets/Sound/Fmod_Project/Sound/Metadata/AudioFile/{32e22db3-cf84-401a-aa56-cbc8a8a4f7c4}.xml
  artifactKey: Guid(b6df80ef5a4e0440299d40d09a64e1a7) Importer(2089858483,0ecaa5967403d082aa24f35e1b516d23)
Start importing Assets/Sound/Fmod_Project/Sound/Metadata/AudioFile/{32e22db3-cf84-401a-aa56-cbc8a8a4f7c4}.xml using Guid(b6df80ef5a4e0440299d40d09a64e1a7) Importer(2089858483,0ecaa5967403d082aa24f35e1b516d23) [PhysX] Initialized MultithreadedTaskDispatcher with 10 workers.
 -> (artifact id: '0ad7efe0038b49f12f39187426d14323') in 0.001695 seconds
Number of updated asset objects reloaded before import = 0
Number of asset objects unloaded after import = 1
========================================================================
Received Import Request.
  Time since last request: 0.000084 seconds.
  path: Assets/Sound/Fmod_Project/Sound/Metadata/AudioFile/{10e70359-55bc-4ef7-af1f-bd6c64b0ba68}.xml
  artifactKey: Guid(6d38c9ba86f634fa0ba7e84cbf68b94f) Importer(2089858483,0ecaa5967403d082aa24f35e1b516d23)
Start importing Assets/Sound/Fmod_Project/Sound/Metadata/AudioFile/{10e70359-55bc-4ef7-af1f-bd6c64b0ba68}.xml using Guid(6d38c9ba86f634fa0ba7e84cbf68b94f) Importer(2089858483,0ecaa5967403d082aa24f35e1b516d23) [PhysX] Initialized MultithreadedTaskDispatcher with 10 workers.
 -> (artifact id: 'b33208f6415fbcf3c0fa748bf72000c8') in 0.001766 seconds
Number of updated asset objects reloaded before import = 0
Number of asset objects unloaded after import = 1
========================================================================
Received Import Request.
  Time since last request: 0.000072 seconds.
  path: Assets/Sound/Fmod_Project/Sound/Metadata/AudioFile/{2b405d8f-e4fb-4aed-96dd-af8f26afd510}.xml
  artifactKey: Guid(4d23c48d1c16a4382be5093e01759311) Importer(2089858483,0ecaa5967403d082aa24f35e1b516d23)
Start importing Assets/Sound/Fmod_Project/Sound/Metadata/AudioFile/{2b405d8f-e4fb-4aed-96dd-af8f26afd510}.xml using Guid(4d23c48d1c16a4382be5093e01759311) Importer(2089858483,0ecaa5967403d082aa24f35e1b516d23) [PhysX] Initialized MultithreadedTaskDispatcher with 10 workers.
 -> (artifact id: '40d9f15bf4c0b5277ee52e521970f947') in 0.001685 seconds
Number of updated asset objects reloaded before import = 0
Number of asset objects unloaded after import = 1
========================================================================
Received Import Request.
  Time since last request: 0.000123 seconds.
  path: Assets/Sound/Fmod_Project/Sound/Metadata/AudioFile/{26945c02-ecfd-494f-ba27-546c5f31701a}.xml
  artifactKey: Guid(e4c383ab1d36449eb873be2dc5da8d63) Importer(2089858483,0ecaa5967403d082aa24f35e1b516d23)
Start importing Assets/Sound/Fmod_Project/Sound/Metadata/AudioFile/{26945c02-ecfd-494f-ba27-546c5f31701a}.xml using Guid(e4c383ab1d36449eb873be2dc5da8d63) Importer(2089858483,0ecaa5967403d082aa24f35e1b516d23) [PhysX] Initialized MultithreadedTaskDispatcher with 10 workers.
 -> (artifact id: '47c0ceddd04105ff18930a750cb2593a') in 0.001608 seconds
Number of updated asset objects reloaded before import = 0
Number of asset objects unloaded after import = 1
========================================================================
Received Import Request.
  Time since last request: 0.000060 seconds.
  path: Assets/Sound/Fmod_Project/Sound/Metadata/AudioFile/{0451e7e0-2684-437c-98f0-fc1fef722c2c}.xml
  artifactKey: Guid(cea758ab632164bbe99a1b998bee83c9) Importer(2089858483,0ecaa5967403d082aa24f35e1b516d23)
Start importing Assets/Sound/Fmod_Project/Sound/Metadata/AudioFile/{0451e7e0-2684-437c-98f0-fc1fef722c2c}.xml using Guid(cea758ab632164bbe99a1b998bee83c9) Importer(2089858483,0ecaa5967403d082aa24f35e1b516d23) [PhysX] Initialized MultithreadedTaskDispatcher with 10 workers.
 -> (artifact id: '3b14bb37f9638109e009c41be91e42ee') in 0.001959 seconds
Number of updated asset objects reloaded before import = 0
Number of asset objects unloaded after import = 1
========================================================================
Received Import Request.
  Time since last request: 0.000103 seconds.
  path: Assets/Sound/Fmod_Project/Sound/Metadata/AudioFile/{36479c7e-acbd-41a2-b98f-3eeb97105704}.xml
  artifactKey: Guid(583ca495edb344104b79ff9733f73ac0) Importer(2089858483,0ecaa5967403d082aa24f35e1b516d23)
Start importing Assets/Sound/Fmod_Project/Sound/Metadata/AudioFile/{36479c7e-acbd-41a2-b98f-3eeb97105704}.xml using Guid(583ca495edb344104b79ff9733f73ac0) Importer(2089858483,0ecaa5967403d082aa24f35e1b516d23) [PhysX] Initialized MultithreadedTaskDispatcher with 10 workers.
 -> (artifact id: '36108f67295348e1b383cd7773c2c069') in 0.001573 seconds
Number of updated asset objects reloaded before import = 0
Number of asset objects unloaded after import = 1
========================================================================
Received Import Request.
  Time since last request: 0.000048 seconds.
  path: Assets/Sound/Fmod_Project/Sound/Metadata/AudioFile/{1d55a38e-9126-4e62-b63a-e1a0cfdc2ee5}.xml
  artifactKey: Guid(cef7d69888ade481886c29866c5cc69c) Importer(2089858483,0ecaa5967403d082aa24f35e1b516d23)
Start importing Assets/Sound/Fmod_Project/Sound/Metadata/AudioFile/{1d55a38e-9126-4e62-b63a-e1a0cfdc2ee5}.xml using Guid(cef7d69888ade481886c29866c5cc69c) Importer(2089858483,0ecaa5967403d082aa24f35e1b516d23) [PhysX] Initialized MultithreadedTaskDispatcher with 10 workers.
 -> (artifact id: '095382d861b7079d36629afad658a479') in 0.001618 seconds
Number of updated asset objects reloaded before import = 0
Number of asset objects unloaded after import = 1
========================================================================
Received Import Request.
  Time since last request: 0.000156 seconds.
  path: Assets/Sound/Fmod_Project/Sound/Metadata/AudioFile/{0fa9f907-2378-4678-a7f5-d6bc9b22d537}.xml
  artifactKey: Guid(68a95e680db024007845fe9d3d35cb4c) Importer(2089858483,0ecaa5967403d082aa24f35e1b516d23)
Start importing Assets/Sound/Fmod_Project/Sound/Metadata/AudioFile/{0fa9f907-2378-4678-a7f5-d6bc9b22d537}.xml using Guid(68a95e680db024007845fe9d3d35cb4c) Importer(2089858483,0ecaa5967403d082aa24f35e1b516d23) [PhysX] Initialized MultithreadedTaskDispatcher with 10 workers.
 -> (artifact id: 'f225aa621c48fbecf3f03d9eaae82403') in 0.002881 seconds
Number of updated asset objects reloaded before import = 0
Number of asset objects unloaded after import = 1
========================================================================
Received Import Request.
  Time since last request: 0.000073 seconds.
  path: Assets/Sound/Fmod_Project/Sound/Metadata/AudioFile/{30a5d0fb-64e4-403e-97de-741444e9edf4}.xml
  artifactKey: Guid(813aaa858e8f845d0a98d295969f5880) Importer(2089858483,0ecaa5967403d082aa24f35e1b516d23)
Start importing Assets/Sound/Fmod_Project/Sound/Metadata/AudioFile/{30a5d0fb-64e4-403e-97de-741444e9edf4}.xml using Guid(813aaa858e8f845d0a98d295969f5880) Importer(2089858483,0ecaa5967403d082aa24f35e1b516d23) [PhysX] Initialized MultithreadedTaskDispatcher with 10 workers.
 -> (artifact id: 'bb3b70d97f2dd59def5801fe7cc53a7f') in 0.001447 seconds
Number of updated asset objects reloaded before import = 0
Number of asset objects unloaded after import = 1
========================================================================
Received Import Request.
  Time since last request: 0.000062 seconds.
  path: Assets/Sound/Fmod_Project/Sound/Metadata/AudioFile/{2223eeac-c79a-4e8d-8f9d-b727cec799ac}.xml
  artifactKey: Guid(5f85ee03a91984e75bd73febd543dabf) Importer(2089858483,0ecaa5967403d082aa24f35e1b516d23)
Start importing Assets/Sound/Fmod_Project/Sound/Metadata/AudioFile/{2223eeac-c79a-4e8d-8f9d-b727cec799ac}.xml using Guid(5f85ee03a91984e75bd73febd543dabf) Importer(2089858483,0ecaa5967403d082aa24f35e1b516d23) [PhysX] Initialized MultithreadedTaskDispatcher with 10 workers.
 -> (artifact id: '61c18eef9e1f9f6d78d7a8c06b15f7b5') in 0.001629 seconds
Number of updated asset objects reloaded before import = 0
Number of asset objects unloaded after import = 1
========================================================================
Received Import Request.
  Time since last request: 0.000055 seconds.
  path: Assets/Sound/Fmod_Project/Sound/Metadata/AudioFile/{3a816c28-63d2-4967-aefe-b562d2b0ae17}.xml
  artifactKey: Guid(122af51eba1054cda88a86adc3589f6c) Importer(2089858483,0ecaa5967403d082aa24f35e1b516d23)
Start importing Assets/Sound/Fmod_Project/Sound/Metadata/AudioFile/{3a816c28-63d2-4967-aefe-b562d2b0ae17}.xml using Guid(122af51eba1054cda88a86adc3589f6c) Importer(2089858483,0ecaa5967403d082aa24f35e1b516d23) [PhysX] Initialized MultithreadedTaskDispatcher with 10 workers.
 -> (artifact id: '62c34bedb8eb66b3392a47e936218eef') in 0.001554 seconds
Number of updated asset objects reloaded before import = 0
Number of asset objects unloaded after import = 1
========================================================================
Received Import Request.
  Time since last request: 0.000086 seconds.
  path: Assets/Sound/Fmod_Project/Sound/Metadata/AudioFile/{3c894715-ab3b-41cb-a574-7217ff7580ed}.xml
  artifactKey: Guid(3b3887d060b2a43e6b68304b0debf7f3) Importer(2089858483,0ecaa5967403d082aa24f35e1b516d23)
Start importing Assets/Sound/Fmod_Project/Sound/Metadata/AudioFile/{3c894715-ab3b-41cb-a574-7217ff7580ed}.xml using Guid(3b3887d060b2a43e6b68304b0debf7f3) Importer(2089858483,0ecaa5967403d082aa24f35e1b516d23) [PhysX] Initialized MultithreadedTaskDispatcher with 10 workers.
 -> (artifact id: 'a489852337d466ef7a95db883c590c5e') in 0.001657 seconds
Number of updated asset objects reloaded before import = 0
Number of asset objects unloaded after import = 1
========================================================================
Received Import Request.
  Time since last request: 0.000057 seconds.
  path: Assets/Sound/Fmod_Project/Sound/Metadata/AudioFile/{11a3f14d-cae6-43cf-afb7-1aed1bd4badf}.xml
  artifactKey: Guid(4e4ba5fa58c4c484db291b9c32ea979b) Importer(2089858483,0ecaa5967403d082aa24f35e1b516d23)
Start importing Assets/Sound/Fmod_Project/Sound/Metadata/AudioFile/{11a3f14d-cae6-43cf-afb7-1aed1bd4badf}.xml using Guid(4e4ba5fa58c4c484db291b9c32ea979b) Importer(2089858483,0ecaa5967403d082aa24f35e1b516d23) [PhysX] Initialized MultithreadedTaskDispatcher with 10 workers.
 -> (artifact id: '20e3f9f87b0216c5ae4b9f4b2a52dafb') in 0.001425 seconds
Number of updated asset objects reloaded before import = 0
Number of asset objects unloaded after import = 1
========================================================================
Received Import Request.
  Time since last request: 0.000057 seconds.
  path: Assets/Sound/Fmod_Project/Sound/Metadata/AudioFile/{1249ec28-637f-46ba-98ad-045bf48a20d7}.xml
  artifactKey: Guid(060e57da289e24e278e41028d62248b2) Importer(2089858483,0ecaa5967403d082aa24f35e1b516d23)
Start importing Assets/Sound/Fmod_Project/Sound/Metadata/AudioFile/{1249ec28-637f-46ba-98ad-045bf48a20d7}.xml using Guid(060e57da289e24e278e41028d62248b2) Importer(2089858483,0ecaa5967403d082aa24f35e1b516d23) [PhysX] Initialized MultithreadedTaskDispatcher with 10 workers.
 -> (artifact id: 'fa220a5555faa271476ad2c56b8c2f5b') in 0.001638 seconds
Number of updated asset objects reloaded before import = 0
Number of asset objects unloaded after import = 1
========================================================================
Received Import Request.
  Time since last request: 0.000050 seconds.
  path: Assets/Sound/Fmod_Project/Sound/Metadata/AudioFile/{37c93d7a-75a3-4818-9487-e78eb4accecd}.xml
  artifactKey: Guid(429493c9e78474b2e81e318a6946f3cf) Importer(2089858483,0ecaa5967403d082aa24f35e1b516d23)
Start importing Assets/Sound/Fmod_Project/Sound/Metadata/AudioFile/{37c93d7a-75a3-4818-9487-e78eb4accecd}.xml using Guid(429493c9e78474b2e81e318a6946f3cf) Importer(2089858483,0ecaa5967403d082aa24f35e1b516d23) [PhysX] Initialized MultithreadedTaskDispatcher with 10 workers.
 -> (artifact id: '15dd4f6fa2b8f7ef5accc3500e975550') in 0.001768 seconds
Number of updated asset objects reloaded before import = 0
Number of asset objects unloaded after import = 1
========================================================================
Received Import Request.
  Time since last request: 0.000065 seconds.
  path: Assets/Sound/Fmod_Project/Sound/Metadata/AudioFile/{25831d86-1d2c-4157-aff6-f711257d593d}.xml
  artifactKey: Guid(0c4ac3eae96934414bce4f0b31b0978e) Importer(2089858483,0ecaa5967403d082aa24f35e1b516d23)
Start importing Assets/Sound/Fmod_Project/Sound/Metadata/AudioFile/{25831d86-1d2c-4157-aff6-f711257d593d}.xml using Guid(0c4ac3eae96934414bce4f0b31b0978e) Importer(2089858483,0ecaa5967403d082aa24f35e1b516d23) [PhysX] Initialized MultithreadedTaskDispatcher with 10 workers.
 -> (artifact id: '2ae4d786b1a7369618003d081496572e') in 0.001766 seconds
Number of updated asset objects reloaded before import = 0
Number of asset objects unloaded after import = 1
========================================================================
Received Import Request.
  Time since last request: 0.000053 seconds.
  path: Assets/Sound/Fmod_Project/Sound/Metadata/AudioFile/{3762cf85-e8d5-4069-be6c-c0278d2933d4}.xml
  artifactKey: Guid(abcb6dc195bb544608ad1fa65037e591) Importer(2089858483,0ecaa5967403d082aa24f35e1b516d23)
Start importing Assets/Sound/Fmod_Project/Sound/Metadata/AudioFile/{3762cf85-e8d5-4069-be6c-c0278d2933d4}.xml using Guid(abcb6dc195bb544608ad1fa65037e591) Importer(2089858483,0ecaa5967403d082aa24f35e1b516d23) [PhysX] Initialized MultithreadedTaskDispatcher with 10 workers.
 -> (artifact id: 'bb165f65a32599e820334c8fdf39ad23') in 0.001617 seconds
Number of updated asset objects reloaded before import = 0
Number of asset objects unloaded after import = 1
========================================================================
Received Import Request.
  Time since last request: 0.000065 seconds.
  path: Assets/Sound/Fmod_Project/Sound/Metadata/AudioFile/{2587a562-65d0-4ce8-a605-07e8acdf215f}.xml
  artifactKey: Guid(a8a0b49ea63354e2e9cebf66942927cc) Importer(2089858483,0ecaa5967403d082aa24f35e1b516d23)
Start importing Assets/Sound/Fmod_Project/Sound/Metadata/AudioFile/{2587a562-65d0-4ce8-a605-07e8acdf215f}.xml using Guid(a8a0b49ea63354e2e9cebf66942927cc) Importer(2089858483,0ecaa5967403d082aa24f35e1b516d23) [PhysX] Initialized MultithreadedTaskDispatcher with 10 workers.
 -> (artifact id: '7d28509a69015721b49646e3b4887eaa') in 0.001605 seconds
Number of updated asset objects reloaded before import = 0
Number of asset objects unloaded after import = 1
========================================================================
Received Import Request.
  Time since last request: 0.000095 seconds.
  path: Assets/Sound/Fmod_Project/Sound/Metadata/AudioFile/{25003559-a328-41e1-b60a-54cae6fee918}.xml
  artifactKey: Guid(77a0773ffa3f54905b6e636c3b051bb5) Importer(2089858483,0ecaa5967403d082aa24f35e1b516d23)
Start importing Assets/Sound/Fmod_Project/Sound/Metadata/AudioFile/{25003559-a328-41e1-b60a-54cae6fee918}.xml using Guid(77a0773ffa3f54905b6e636c3b051bb5) Importer(2089858483,0ecaa5967403d082aa24f35e1b516d23) [PhysX] Initialized MultithreadedTaskDispatcher with 10 workers.
 -> (artifact id: '5dcb91e04a348d9cd4d0c2862ca8408f') in 0.002673 seconds
Number of updated asset objects reloaded before import = 0
Number of asset objects unloaded after import = 1
========================================================================
Received Import Request.
  Time since last request: 0.000069 seconds.
  path: Assets/Sound/Fmod_Project/Sound/Metadata/AudioFile/{05ed617d-a9f6-48d9-beba-d032747894e8}.xml
  artifactKey: Guid(d6fd4b43e0aac4464a13fcfc81ef0eb7) Importer(2089858483,0ecaa5967403d082aa24f35e1b516d23)
Start importing Assets/Sound/Fmod_Project/Sound/Metadata/AudioFile/{05ed617d-a9f6-48d9-beba-d032747894e8}.xml using Guid(d6fd4b43e0aac4464a13fcfc81ef0eb7) Importer(2089858483,0ecaa5967403d082aa24f35e1b516d23) [PhysX] Initialized MultithreadedTaskDispatcher with 10 workers.
 -> (artifact id: 'caebce1caecc5cf76c9dd30600941321') in 0.001324 seconds
Number of updated asset objects reloaded before import = 0
Number of asset objects unloaded after import = 1
========================================================================
Received Import Request.
  Time since last request: 0.000046 seconds.
  path: Assets/Sound/Fmod_Project/Sound/Metadata/AudioFile/{1aedb1dd-2eb0-4274-90e4-6ab509b22d65}.xml
  artifactKey: Guid(38e36b8ac00db44c39b567616bdbd7e3) Importer(2089858483,0ecaa5967403d082aa24f35e1b516d23)
Start importing Assets/Sound/Fmod_Project/Sound/Metadata/AudioFile/{1aedb1dd-2eb0-4274-90e4-6ab509b22d65}.xml using Guid(38e36b8ac00db44c39b567616bdbd7e3) Importer(2089858483,0ecaa5967403d082aa24f35e1b516d23) [PhysX] Initialized MultithreadedTaskDispatcher with 10 workers.
 -> (artifact id: 'e88dc76cbf83da78a5776c0c268eb740') in 0.001585 seconds
Number of updated asset objects reloaded before import = 0
Number of asset objects unloaded after import = 1
========================================================================
Received Import Request.
  Time since last request: 0.000069 seconds.
  path: Assets/Sound/Fmod_Project/Sound/Metadata/AudioFile/{1812747e-80e3-43df-8930-b6b3cdf97dd9}.xml
  artifactKey: Guid(157b49ab6b7894500b53cc0839eb535c) Importer(2089858483,0ecaa5967403d082aa24f35e1b516d23)
Start importing Assets/Sound/Fmod_Project/Sound/Metadata/AudioFile/{1812747e-80e3-43df-8930-b6b3cdf97dd9}.xml using Guid(157b49ab6b7894500b53cc0839eb535c) Importer(2089858483,0ecaa5967403d082aa24f35e1b516d23) [PhysX] Initialized MultithreadedTaskDispatcher with 10 workers.
 -> (artifact id: '2120c369ebe592e8e6752c4f8fc7014f') in 0.001645 seconds
Number of updated asset objects reloaded before import = 0
Number of asset objects unloaded after import = 1
========================================================================
Received Import Request.
  Time since last request: 0.000039 seconds.
  path: Assets/Sound/Fmod_Project/Sound/Metadata/AudioFile/{3c93351a-4610-4407-97d2-2e9fccf440b2}.xml
  artifactKey: Guid(07bfdb27e187141309279fecf334cd54) Importer(2089858483,0ecaa5967403d082aa24f35e1b516d23)
Start importing Assets/Sound/Fmod_Project/Sound/Metadata/AudioFile/{3c93351a-4610-4407-97d2-2e9fccf440b2}.xml using Guid(07bfdb27e187141309279fecf334cd54) Importer(2089858483,0ecaa5967403d082aa24f35e1b516d23) [PhysX] Initialized MultithreadedTaskDispatcher with 10 workers.
 -> (artifact id: '25c56768d2a093ba06cc2c571a855d68') in 0.001668 seconds
Number of updated asset objects reloaded before import = 0
Number of asset objects unloaded after import = 1
========================================================================
Received Import Request.
  Time since last request: 0.000075 seconds.
  path: Assets/Sound/Fmod_Project/Sound/Metadata/AudioFile/{27c29986-1625-43e8-9009-7415c71a818a}.xml
  artifactKey: Guid(229052b80129846dbba1d4b79cf8cbd6) Importer(2089858483,0ecaa5967403d082aa24f35e1b516d23)
Start importing Assets/Sound/Fmod_Project/Sound/Metadata/AudioFile/{27c29986-1625-43e8-9009-7415c71a818a}.xml using Guid(229052b80129846dbba1d4b79cf8cbd6) Importer(2089858483,0ecaa5967403d082aa24f35e1b516d23) [PhysX] Initialized MultithreadedTaskDispatcher with 10 workers.
 -> (artifact id: 'a1c137e0fcbba050c88ce13565718096') in 0.001511 seconds
Number of updated asset objects reloaded before import = 0
Number of asset objects unloaded after import = 1
========================================================================
Received Import Request.
  Time since last request: 0.000044 seconds.
  path: Assets/Sound/Fmod_Project/Sound/Metadata/AudioFile/{32c0f806-5d74-4297-8e05-6ff58006bbbf}.xml
  artifactKey: Guid(0f1dc6b684c1349ecb0376d09937dd12) Importer(2089858483,0ecaa5967403d082aa24f35e1b516d23)
Start importing Assets/Sound/Fmod_Project/Sound/Metadata/AudioFile/{32c0f806-5d74-4297-8e05-6ff58006bbbf}.xml using Guid(0f1dc6b684c1349ecb0376d09937dd12) Importer(2089858483,0ecaa5967403d082aa24f35e1b516d23) [PhysX] Initialized MultithreadedTaskDispatcher with 10 workers.
 -> (artifact id: '838ee97a9d9e8e0fde32381e62f4b9ae') in 0.001601 seconds
Number of updated asset objects reloaded before import = 0
Number of asset objects unloaded after import = 1
========================================================================
Received Import Request.
  Time since last request: 0.000056 seconds.
  path: Assets/Sound/Fmod_Project/Sound/Metadata/AudioFile/{34ec2e7a-7d61-482f-be23-baa431d6da24}.xml
  artifactKey: Guid(6a8e741d4db1849f5ab1a69e5ce8f93f) Importer(2089858483,0ecaa5967403d082aa24f35e1b516d23)
Start importing Assets/Sound/Fmod_Project/Sound/Metadata/AudioFile/{34ec2e7a-7d61-482f-be23-baa431d6da24}.xml using Guid(6a8e741d4db1849f5ab1a69e5ce8f93f) Importer(2089858483,0ecaa5967403d082aa24f35e1b516d23) [PhysX] Initialized MultithreadedTaskDispatcher with 10 workers.
 -> (artifact id: '7e46d559cf39c20b6e4bf3fdd5ef87b9') in 0.001637 seconds
Number of updated asset objects reloaded before import = 0
Number of asset objects unloaded after import = 1
========================================================================
Received Import Request.
  Time since last request: 0.000082 seconds.
  path: Assets/Sound/Fmod_Project/Sound/Metadata/AudioFile/{2c3c332d-d51b-4f9a-87be-26c46d537c9a}.xml
  artifactKey: Guid(2e071da2befd8480c9adad9a1d17df56) Importer(2089858483,0ecaa5967403d082aa24f35e1b516d23)
Start importing Assets/Sound/Fmod_Project/Sound/Metadata/AudioFile/{2c3c332d-d51b-4f9a-87be-26c46d537c9a}.xml using Guid(2e071da2befd8480c9adad9a1d17df56) Importer(2089858483,0ecaa5967403d082aa24f35e1b516d23) [PhysX] Initialized MultithreadedTaskDispatcher with 10 workers.
 -> (artifact id: '49150e12d5fc92570addabccbe6f211f') in 0.001549 seconds
Number of updated asset objects reloaded before import = 0
Number of asset objects unloaded after import = 1
========================================================================
Received Import Request.
  Time since last request: 0.000077 seconds.
  path: Assets/Sound/Fmod_Project/Sound/Metadata/AudioFile/{16c18291-8822-4a37-af89-71449bf2f88a}.xml
  artifactKey: Guid(4825c060dc85c4d029a13b70b1bc59f4) Importer(2089858483,0ecaa5967403d082aa24f35e1b516d23)
Start importing Assets/Sound/Fmod_Project/Sound/Metadata/AudioFile/{16c18291-8822-4a37-af89-71449bf2f88a}.xml using Guid(4825c060dc85c4d029a13b70b1bc59f4) Importer(2089858483,0ecaa5967403d082aa24f35e1b516d23) [PhysX] Initialized MultithreadedTaskDispatcher with 10 workers.
 -> (artifact id: 'cd12a957e29e442313f46151d2025b9b') in 0.001441 seconds
Number of updated asset objects reloaded before import = 0
Number of asset objects unloaded after import = 1
========================================================================
Received Import Request.
  Time since last request: 0.000071 seconds.
  path: Assets/Sound/Fmod_Project/Sound/Metadata/AudioFile/{0e8a27ff-fe1a-4dee-8c17-15d0b3cf8565}.xml
  artifactKey: Guid(b8899bd1a3dde4976bc6541c51dc9bcd) Importer(2089858483,0ecaa5967403d082aa24f35e1b516d23)
Start importing Assets/Sound/Fmod_Project/Sound/Metadata/AudioFile/{0e8a27ff-fe1a-4dee-8c17-15d0b3cf8565}.xml using Guid(b8899bd1a3dde4976bc6541c51dc9bcd) Importer(2089858483,0ecaa5967403d082aa24f35e1b516d23) [PhysX] Initialized MultithreadedTaskDispatcher with 10 workers.
 -> (artifact id: '73f318d88979e936f7ef14df295a00ef') in 0.001583 seconds
Number of updated asset objects reloaded before import = 0
Number of asset objects unloaded after import = 1
========================================================================
Received Import Request.
  Time since last request: 0.000079 seconds.
  path: Assets/Sound/Fmod_Project/Sound/Metadata/AudioFile/{156948fd-dcea-40b1-a7e4-76e011750747}.xml
  artifactKey: Guid(a0384e2f6580a43458e87dcd892f62b4) Importer(2089858483,0ecaa5967403d082aa24f35e1b516d23)
Start importing Assets/Sound/Fmod_Project/Sound/Metadata/AudioFile/{156948fd-dcea-40b1-a7e4-76e011750747}.xml using Guid(a0384e2f6580a43458e87dcd892f62b4) Importer(2089858483,0ecaa5967403d082aa24f35e1b516d23) [PhysX] Initialized MultithreadedTaskDispatcher with 10 workers.
 -> (artifact id: '82405748607c19fff0c0e7099f4aec7e') in 0.002917 seconds
Number of updated asset objects reloaded before import = 0
Number of asset objects unloaded after import = 1
========================================================================
Received Import Request.
  Time since last request: 0.000027 seconds.
  path: Assets/Sound/Fmod_Project/Sound/Metadata/AudioFile/{0ffbadca-83e3-4c17-9530-75490553ea79}.xml
  artifactKey: Guid(6ca57c06d98264903a9df60cd773051e) Importer(2089858483,0ecaa5967403d082aa24f35e1b516d23)
Start importing Assets/Sound/Fmod_Project/Sound/Metadata/AudioFile/{0ffbadca-83e3-4c17-9530-75490553ea79}.xml using Guid(6ca57c06d98264903a9df60cd773051e) Importer(2089858483,0ecaa5967403d082aa24f35e1b516d23) [PhysX] Initialized MultithreadedTaskDispatcher with 10 workers.
 -> (artifact id: '1991f2ee8ca3011c659c596fc9df8735') in 0.001356 seconds
Number of updated asset objects reloaded before import = 0
Number of asset objects unloaded after import = 1
========================================================================
Received Import Request.
  Time since last request: 0.000047 seconds.
  path: Assets/Sound/Fmod_Project/Sound/Metadata/AudioFile/{0de0c3b2-309d-49c9-9bf2-31f96c8020b0}.xml
  artifactKey: Guid(07b56b7e6b65b49958f379efa7d7f9a0) Importer(2089858483,0ecaa5967403d082aa24f35e1b516d23)
Start importing Assets/Sound/Fmod_Project/Sound/Metadata/AudioFile/{0de0c3b2-309d-49c9-9bf2-31f96c8020b0}.xml using Guid(07b56b7e6b65b49958f379efa7d7f9a0) Importer(2089858483,0ecaa5967403d082aa24f35e1b516d23) [PhysX] Initialized MultithreadedTaskDispatcher with 10 workers.
 -> (artifact id: 'bdc6ccd549d50848d8de24325815dc9b') in 0.001524 seconds
Number of updated asset objects reloaded before import = 0
Number of asset objects unloaded after import = 1
========================================================================
Received Import Request.
  Time since last request: 0.000073 seconds.
  path: Assets/Sound/Fmod_Project/Sound/Metadata/AudioFile/{1963de5d-22de-4c80-9b90-71b8850e24c6}.xml
  artifactKey: Guid(7d34a803b8e994abc9750bc1f9158047) Importer(2089858483,0ecaa5967403d082aa24f35e1b516d23)
Start importing Assets/Sound/Fmod_Project/Sound/Metadata/AudioFile/{1963de5d-22de-4c80-9b90-71b8850e24c6}.xml using Guid(7d34a803b8e994abc9750bc1f9158047) Importer(2089858483,0ecaa5967403d082aa24f35e1b516d23) [PhysX] Initialized MultithreadedTaskDispatcher with 10 workers.
 -> (artifact id: '341cad78ce72dbfca108f6ccde4ad8b5') in 0.001509 seconds
Number of updated asset objects reloaded before import = 0
Number of asset objects unloaded after import = 1
========================================================================
Received Import Request.
  Time since last request: 0.000078 seconds.
  path: Assets/Sound/Fmod_Project/Sound/Metadata/AudioFile/{2d24a28c-8680-4b29-8948-961da2c58e1a}.xml
  artifactKey: Guid(b2dee362c2e1f4d71826a36508e22e9d) Importer(2089858483,0ecaa5967403d082aa24f35e1b516d23)
Start importing Assets/Sound/Fmod_Project/Sound/Metadata/AudioFile/{2d24a28c-8680-4b29-8948-961da2c58e1a}.xml using Guid(b2dee362c2e1f4d71826a36508e22e9d) Importer(2089858483,0ecaa5967403d082aa24f35e1b516d23) [PhysX] Initialized MultithreadedTaskDispatcher with 10 workers.
 -> (artifact id: 'f54faa9b036e0aee84d124ac70613b1d') in 0.001497 seconds
Number of updated asset objects reloaded before import = 0
Number of asset objects unloaded after import = 1
========================================================================
Received Import Request.
  Time since last request: 0.000075 seconds.
  path: Assets/Sound/Fmod_Project/Sound/Metadata/AudioFile/{3c3365f4-1546-461c-86d6-fd02f27aac37}.xml
  artifactKey: Guid(b19d4e090f7b04fa8b43b4d9e03c78ea) Importer(2089858483,0ecaa5967403d082aa24f35e1b516d23)
Start importing Assets/Sound/Fmod_Project/Sound/Metadata/AudioFile/{3c3365f4-1546-461c-86d6-fd02f27aac37}.xml using Guid(b19d4e090f7b04fa8b43b4d9e03c78ea) Importer(2089858483,0ecaa5967403d082aa24f35e1b516d23) [PhysX] Initialized MultithreadedTaskDispatcher with 10 workers.
 -> (artifact id: '18f9e5cd9ebe95aaed926e91e21512f7') in 0.001605 seconds
Number of updated asset objects reloaded before import = 0
Number of asset objects unloaded after import = 1
========================================================================
Received Import Request.
  Time since last request: 0.000103 seconds.
  path: Assets/Sound/Fmod_Project/Sound/Metadata/AudioFile/{0b6489e4-4c14-4ec7-b52f-8c19e1286049}.xml
  artifactKey: Guid(1a27ca42f88f141289aba59ee589a2bc) Importer(2089858483,0ecaa5967403d082aa24f35e1b516d23)
Start importing Assets/Sound/Fmod_Project/Sound/Metadata/AudioFile/{0b6489e4-4c14-4ec7-b52f-8c19e1286049}.xml using Guid(1a27ca42f88f141289aba59ee589a2bc) Importer(2089858483,0ecaa5967403d082aa24f35e1b516d23) [PhysX] Initialized MultithreadedTaskDispatcher with 10 workers.
 -> (artifact id: '8bdf0954f1407e271ecef8fbccdadef5') in 0.001458 seconds
Number of updated asset objects reloaded before import = 0
Number of asset objects unloaded after import = 1
========================================================================
Received Import Request.
  Time since last request: 0.000056 seconds.
  path: Assets/Sound/Fmod_Project/Sound/Metadata/AudioFile/{2086ff9c-8e24-4116-81c7-12fd3623f415}.xml
  artifactKey: Guid(67b662aabf1f34318be1216b2bf36384) Importer(2089858483,0ecaa5967403d082aa24f35e1b516d23)
Start importing Assets/Sound/Fmod_Project/Sound/Metadata/AudioFile/{2086ff9c-8e24-4116-81c7-12fd3623f415}.xml using Guid(67b662aabf1f34318be1216b2bf36384) Importer(2089858483,0ecaa5967403d082aa24f35e1b516d23) [PhysX] Initialized MultithreadedTaskDispatcher with 10 workers.
 -> (artifact id: '106c28ea3881e6aa6481f51a87eed9d4') in 0.001556 seconds
Number of updated asset objects reloaded before import = 0
Number of asset objects unloaded after import = 1
========================================================================
Received Import Request.
  Time since last request: 0.000052 seconds.
  path: Assets/Sound/Fmod_Project/Sound/Metadata/AudioFile/{07450963-9b13-4956-8eb8-27d257175a73}.xml
  artifactKey: Guid(31f9a06ee7b3e4e38af32ac486565f43) Importer(2089858483,0ecaa5967403d082aa24f35e1b516d23)
Start importing Assets/Sound/Fmod_Project/Sound/Metadata/AudioFile/{07450963-9b13-4956-8eb8-27d257175a73}.xml using Guid(31f9a06ee7b3e4e38af32ac486565f43) Importer(2089858483,0ecaa5967403d082aa24f35e1b516d23) [PhysX] Initialized MultithreadedTaskDispatcher with 10 workers.
 -> (artifact id: '774d39d6e8b2558884e7478908a55ca8') in 0.001741 seconds
Number of updated asset objects reloaded before import = 0
Number of asset objects unloaded after import = 1
========================================================================
Received Import Request.
  Time since last request: 0.000080 seconds.
  path: Assets/Sound/Fmod_Project/Sound/Metadata/AudioFile/{2eaceb99-b7c7-4d05-9076-5f3f0f610fe0}.xml
  artifactKey: Guid(1347f4a7874604860934ac9a000b195f) Importer(2089858483,0ecaa5967403d082aa24f35e1b516d23)
Start importing Assets/Sound/Fmod_Project/Sound/Metadata/AudioFile/{2eaceb99-b7c7-4d05-9076-5f3f0f610fe0}.xml using Guid(1347f4a7874604860934ac9a000b195f) Importer(2089858483,0ecaa5967403d082aa24f35e1b516d23) [PhysX] Initialized MultithreadedTaskDispatcher with 10 workers.
 -> (artifact id: '13fcd10ae8e79e50021099cb121cd99d') in 0.001409 seconds
Number of updated asset objects reloaded before import = 0
Number of asset objects unloaded after import = 1
========================================================================
Received Import Request.
  Time since last request: 0.000042 seconds.
  path: Assets/Sound/Fmod_Project/Sound/Metadata/AudioFile/{0d978f89-76f4-4fd5-ab20-adfbe822d806}.xml
  artifactKey: Guid(1390141370f5e4ef8a19477c44cb3bc5) Importer(2089858483,0ecaa5967403d082aa24f35e1b516d23)
Start importing Assets/Sound/Fmod_Project/Sound/Metadata/AudioFile/{0d978f89-76f4-4fd5-ab20-adfbe822d806}.xml using Guid(1390141370f5e4ef8a19477c44cb3bc5) Importer(2089858483,0ecaa5967403d082aa24f35e1b516d23) [PhysX] Initialized MultithreadedTaskDispatcher with 10 workers.
 -> (artifact id: 'a8c75803197a407e5d14544068119b12') in 0.001243 seconds
Number of updated asset objects reloaded before import = 0
Number of asset objects unloaded after import = 1
========================================================================
Received Import Request.
  Time since last request: 0.000055 seconds.
  path: Assets/Sound/Fmod_Project/Sound/Metadata/AudioFile/{219c1644-8bd0-4d70-814f-d505ee810bba}.xml
  artifactKey: Guid(0bd07540916114740843382e9e7f53c8) Importer(2089858483,0ecaa5967403d082aa24f35e1b516d23)
Start importing Assets/Sound/Fmod_Project/Sound/Metadata/AudioFile/{219c1644-8bd0-4d70-814f-d505ee810bba}.xml using Guid(0bd07540916114740843382e9e7f53c8) Importer(2089858483,0ecaa5967403d082aa24f35e1b516d23) [PhysX] Initialized MultithreadedTaskDispatcher with 10 workers.
 -> (artifact id: '8282e0a8602a1d8486408a14c35b3586') in 0.001502 seconds
Number of updated asset objects reloaded before import = 0
Number of asset objects unloaded after import = 1
========================================================================
Received Import Request.
  Time since last request: 0.000066 seconds.
  path: Assets/Sound/Fmod_Project/Sound/Metadata/AudioFile/{399e5f04-377a-4ee9-96f3-5526dde9c455}.xml
  artifactKey: Guid(b3da7496c18924018a9ac4e93fb3291b) Importer(2089858483,0ecaa5967403d082aa24f35e1b516d23)
Start importing Assets/Sound/Fmod_Project/Sound/Metadata/AudioFile/{399e5f04-377a-4ee9-96f3-5526dde9c455}.xml using Guid(b3da7496c18924018a9ac4e93fb3291b) Importer(2089858483,0ecaa5967403d082aa24f35e1b516d23) [PhysX] Initialized MultithreadedTaskDispatcher with 10 workers.
 -> (artifact id: '76248cb32f777173535ec92abbe04412') in 0.002654 seconds
Number of updated asset objects reloaded before import = 0
Number of asset objects unloaded after import = 1
========================================================================
Received Import Request.
  Time since last request: 0.000044 seconds.
  path: Assets/Sound/Fmod_Project/Sound/Metadata/AudioFile/{182b5f32-ee14-4023-bf38-1c303c7c9eae}.xml
  artifactKey: Guid(dc489f9a52d0544b0b16885f14912e7c) Importer(2089858483,0ecaa5967403d082aa24f35e1b516d23)
Start importing Assets/Sound/Fmod_Project/Sound/Metadata/AudioFile/{182b5f32-ee14-4023-bf38-1c303c7c9eae}.xml using Guid(dc489f9a52d0544b0b16885f14912e7c) Importer(2089858483,0ecaa5967403d082aa24f35e1b516d23) [PhysX] Initialized MultithreadedTaskDispatcher with 10 workers.
 -> (artifact id: '8963eef445140433d90635f10a9702b1') in 0.001456 seconds
Number of updated asset objects reloaded before import = 0
Number of asset objects unloaded after import = 1
========================================================================
Received Import Request.
  Time since last request: 0.000058 seconds.
  path: Assets/Sound/Fmod_Project/Sound/Metadata/AudioFile/{2286c58f-b7eb-4be3-8f29-03af0b5517c7}.xml
  artifactKey: Guid(9acb75c2fc7274ed0910963c61e1266b) Importer(2089858483,0ecaa5967403d082aa24f35e1b516d23)
Start importing Assets/Sound/Fmod_Project/Sound/Metadata/AudioFile/{2286c58f-b7eb-4be3-8f29-03af0b5517c7}.xml using Guid(9acb75c2fc7274ed0910963c61e1266b) Importer(2089858483,0ecaa5967403d082aa24f35e1b516d23) [PhysX] Initialized MultithreadedTaskDispatcher with 10 workers.
 -> (artifact id: '9077a6cb1fac5bcc50bec18809ffddb0') in 0.001473 seconds
Number of updated asset objects reloaded before import = 0
Number of asset objects unloaded after import = 1
========================================================================
Received Import Request.
  Time since last request: 0.000065 seconds.
  path: Assets/Sound/Fmod_Project/Sound/Metadata/AudioFile/{34cc0414-f73a-4afc-83b8-8be398ffbf1d}.xml
  artifactKey: Guid(0ed12cf281b4247c8a0c073dd6546c21) Importer(2089858483,0ecaa5967403d082aa24f35e1b516d23)
Start importing Assets/Sound/Fmod_Project/Sound/Metadata/AudioFile/{34cc0414-f73a-4afc-83b8-8be398ffbf1d}.xml using Guid(0ed12cf281b4247c8a0c073dd6546c21) Importer(2089858483,0ecaa5967403d082aa24f35e1b516d23) [PhysX] Initialized MultithreadedTaskDispatcher with 10 workers.
 -> (artifact id: '94dc24f2ec51d90c8a18f2f1530169de') in 0.001457 seconds
Number of updated asset objects reloaded before import = 0
Number of asset objects unloaded after import = 1
========================================================================
Received Import Request.
  Time since last request: 0.000065 seconds.
  path: Assets/Sound/Fmod_Project/Sound/Metadata/AudioFile/{2bc4034f-c71e-4816-b7ea-5cf51dd83492}.xml
  artifactKey: Guid(88e1c0bf81c194c3f851f055002608d6) Importer(2089858483,0ecaa5967403d082aa24f35e1b516d23)
Start importing Assets/Sound/Fmod_Project/Sound/Metadata/AudioFile/{2bc4034f-c71e-4816-b7ea-5cf51dd83492}.xml using Guid(88e1c0bf81c194c3f851f055002608d6) Importer(2089858483,0ecaa5967403d082aa24f35e1b516d23) [PhysX] Initialized MultithreadedTaskDispatcher with 10 workers.
 -> (artifact id: '08a6cd2dfb4fb915548024f3e5254e47') in 0.001438 seconds
Number of updated asset objects reloaded before import = 0
Number of asset objects unloaded after import = 1
========================================================================
Received Import Request.
  Time since last request: 0.000045 seconds.
  path: Assets/Sound/Fmod_Project/Sound/Metadata/AudioFile/{22b799f8-ba59-424d-b8a0-7028f94144c9}.xml
  artifactKey: Guid(822071079397a41178b58b48d7791281) Importer(2089858483,0ecaa5967403d082aa24f35e1b516d23)
Start importing Assets/Sound/Fmod_Project/Sound/Metadata/AudioFile/{22b799f8-ba59-424d-b8a0-7028f94144c9}.xml using Guid(822071079397a41178b58b48d7791281) Importer(2089858483,0ecaa5967403d082aa24f35e1b516d23) [PhysX] Initialized MultithreadedTaskDispatcher with 10 workers.
 -> (artifact id: 'f0cc9f7fe3d74355da451447d44f8862') in 0.001623 seconds
Number of updated asset objects reloaded before import = 0
Number of asset objects unloaded after import = 1
========================================================================
Received Import Request.
  Time since last request: 0.000087 seconds.
  path: Assets/Sound/Fmod_Project/Sound/Metadata/AudioFile/{2298b4ea-9d45-4552-b668-a62ec9059078}.xml
  artifactKey: Guid(2ace5018fb3d2439eaf926f259ddbc1d) Importer(2089858483,0ecaa5967403d082aa24f35e1b516d23)
Start importing Assets/Sound/Fmod_Project/Sound/Metadata/AudioFile/{2298b4ea-9d45-4552-b668-a62ec9059078}.xml using Guid(2ace5018fb3d2439eaf926f259ddbc1d) Importer(2089858483,0ecaa5967403d082aa24f35e1b516d23) [PhysX] Initialized MultithreadedTaskDispatcher with 10 workers.
 -> (artifact id: '6e8d30716d5b3401b0e6284b861f142c') in 0.001493 seconds
Number of updated asset objects reloaded before import = 0
Number of asset objects unloaded after import = 1
========================================================================
Received Import Request.
  Time since last request: 0.000049 seconds.
  path: Assets/Sound/Fmod_Project/Sound/Metadata/AudioFile/{22744c8a-dd9b-43e3-a6db-837a3e8c5d72}.xml
  artifactKey: Guid(c0bf11ea04b9549bd852cdc8dc465fe0) Importer(2089858483,0ecaa5967403d082aa24f35e1b516d23)
Start importing Assets/Sound/Fmod_Project/Sound/Metadata/AudioFile/{22744c8a-dd9b-43e3-a6db-837a3e8c5d72}.xml using Guid(c0bf11ea04b9549bd852cdc8dc465fe0) Importer(2089858483,0ecaa5967403d082aa24f35e1b516d23) [PhysX] Initialized MultithreadedTaskDispatcher with 10 workers.
 -> (artifact id: 'a5f63828430d4ec4fc9cd2e8d1696918') in 0.001584 seconds
Number of updated asset objects reloaded before import = 0
Number of asset objects unloaded after import = 1
========================================================================
Received Import Request.
  Time since last request: 0.000049 seconds.
  path: Assets/Sound/Fmod_Project/Sound/Metadata/AudioFile/{27ea2b35-2829-42ce-b487-0401167c3e63}.xml
  artifactKey: Guid(69d718533c2fd4d94ae3114267e743f6) Importer(2089858483,0ecaa5967403d082aa24f35e1b516d23)
Start importing Assets/Sound/Fmod_Project/Sound/Metadata/AudioFile/{27ea2b35-2829-42ce-b487-0401167c3e63}.xml using Guid(69d718533c2fd4d94ae3114267e743f6) Importer(2089858483,0ecaa5967403d082aa24f35e1b516d23) [PhysX] Initialized MultithreadedTaskDispatcher with 10 workers.
 -> (artifact id: 'acb92c5d0f797ec0272c780ccf1df1be') in 0.001602 seconds
Number of updated asset objects reloaded before import = 0
Number of asset objects unloaded after import = 1
========================================================================
Received Import Request.
  Time since last request: 0.000050 seconds.
  path: Assets/Sound/Fmod_Project/Sound/Metadata/AudioFile/{0661d6e9-27ba-4dee-bbd1-70a4f0a2625e}.xml
  artifactKey: Guid(f081ec0b4d58e4582af357e8ef5fee1d) Importer(2089858483,0ecaa5967403d082aa24f35e1b516d23)
Start importing Assets/Sound/Fmod_Project/Sound/Metadata/AudioFile/{0661d6e9-27ba-4dee-bbd1-70a4f0a2625e}.xml using Guid(f081ec0b4d58e4582af357e8ef5fee1d) Importer(2089858483,0ecaa5967403d082aa24f35e1b516d23) [PhysX] Initialized MultithreadedTaskDispatcher with 10 workers.
 -> (artifact id: '4e2cd9962c8a08061fdf61d164b8f121') in 0.001483 seconds
Number of updated asset objects reloaded before import = 0
Number of asset objects unloaded after import = 1
========================================================================
Received Import Request.
  Time since last request: 0.000041 seconds.
  path: Assets/Sound/Fmod_Project/Sound/Metadata/AudioFile/{3bab62db-ab46-43fe-b6f9-4841cc54ef7d}.xml
  artifactKey: Guid(ec1cbc34640e844a1af734e5a03c321f) Importer(2089858483,0ecaa5967403d082aa24f35e1b516d23)
Start importing Assets/Sound/Fmod_Project/Sound/Metadata/AudioFile/{3bab62db-ab46-43fe-b6f9-4841cc54ef7d}.xml using Guid(ec1cbc34640e844a1af734e5a03c321f) Importer(2089858483,0ecaa5967403d082aa24f35e1b516d23) [PhysX] Initialized MultithreadedTaskDispatcher with 10 workers.
 -> (artifact id: '205ea297ae562490abcbc914119f7fb6') in 0.001447 seconds
Number of updated asset objects reloaded before import = 0
Number of asset objects unloaded after import = 1
========================================================================
Received Import Request.
  Time since last request: 0.000055 seconds.
  path: Assets/Sound/Fmod_Project/Sound/Metadata/AudioFile/{2636c9d9-cd99-44fd-aef9-8259a4a31046}.xml
  artifactKey: Guid(fd6cd72b0001b44a79c9c205e0f0671a) Importer(2089858483,0ecaa5967403d082aa24f35e1b516d23)
Start importing Assets/Sound/Fmod_Project/Sound/Metadata/AudioFile/{2636c9d9-cd99-44fd-aef9-8259a4a31046}.xml using Guid(fd6cd72b0001b44a79c9c205e0f0671a) Importer(2089858483,0ecaa5967403d082aa24f35e1b516d23) [PhysX] Initialized MultithreadedTaskDispatcher with 10 workers.
 -> (artifact id: '7303e6334df0a758f9c2815cdfe0778a') in 0.002757 seconds
Number of updated asset objects reloaded before import = 0
Number of asset objects unloaded after import = 1
========================================================================
Received Import Request.
  Time since last request: 0.000062 seconds.
  path: Assets/Sound/Fmod_Project/Sound/Metadata/AudioFile/{0c2aa235-4166-4569-ac1b-cdaa682b0b95}.xml
  artifactKey: Guid(cbb7caeb0d51d4e9f826657f34ee0599) Importer(2089858483,0ecaa5967403d082aa24f35e1b516d23)
Start importing Assets/Sound/Fmod_Project/Sound/Metadata/AudioFile/{0c2aa235-4166-4569-ac1b-cdaa682b0b95}.xml using Guid(cbb7caeb0d51d4e9f826657f34ee0599) Importer(2089858483,0ecaa5967403d082aa24f35e1b516d23) [PhysX] Initialized MultithreadedTaskDispatcher with 10 workers.
 -> (artifact id: '7bd7e5370bcd8d083d8b147054ade8aa') in 0.001573 seconds
Number of updated asset objects reloaded before import = 0
Number of asset objects unloaded after import = 1
========================================================================
Received Import Request.
  Time since last request: 0.000027 seconds.
  path: Assets/Sound/Fmod_Project/Sound/Metadata/AudioFile/{2fee4d58-2e66-4303-b0c9-fa93c767038b}.xml
  artifactKey: Guid(cfcbc6ee598f84c1ca9c412bdb12d45a) Importer(2089858483,0ecaa5967403d082aa24f35e1b516d23)
Start importing Assets/Sound/Fmod_Project/Sound/Metadata/AudioFile/{2fee4d58-2e66-4303-b0c9-fa93c767038b}.xml using Guid(cfcbc6ee598f84c1ca9c412bdb12d45a) Importer(2089858483,0ecaa5967403d082aa24f35e1b516d23) [PhysX] Initialized MultithreadedTaskDispatcher with 10 workers.
 -> (artifact id: 'fb0504b61fe1a2d16160b5b27a0bfb6d') in 0.001537 seconds
Number of updated asset objects reloaded before import = 0
Number of asset objects unloaded after import = 1
========================================================================
Received Import Request.
  Time since last request: 0.000050 seconds.
  path: Assets/Sound/Fmod_Project/Sound/Metadata/AudioFile/{2ab0b8c0-f55b-4b8c-a3af-1c15bb5cedbb}.xml
  artifactKey: Guid(ef0e907fe495a461db99608dbbfee402) Importer(2089858483,0ecaa5967403d082aa24f35e1b516d23)
Start importing Assets/Sound/Fmod_Project/Sound/Metadata/AudioFile/{2ab0b8c0-f55b-4b8c-a3af-1c15bb5cedbb}.xml using Guid(ef0e907fe495a461db99608dbbfee402) Importer(2089858483,0ecaa5967403d082aa24f35e1b516d23) [PhysX] Initialized MultithreadedTaskDispatcher with 10 workers.
 -> (artifact id: 'b3428dc593e8949b01543190b9fc9629') in 0.001485 seconds
Number of updated asset objects reloaded before import = 0
Number of asset objects unloaded after import = 1
========================================================================
Received Import Request.
  Time since last request: 0.000102 seconds.
  path: Assets/Sound/Fmod_Project/Sound/Metadata/AudioFile/{072dbaf2-08b0-4399-8d97-10d62088ea09}.xml
  artifactKey: Guid(3f7da1805ead74b5ea3ad54344fef208) Importer(2089858483,0ecaa5967403d082aa24f35e1b516d23)
Start importing Assets/Sound/Fmod_Project/Sound/Metadata/AudioFile/{072dbaf2-08b0-4399-8d97-10d62088ea09}.xml using Guid(3f7da1805ead74b5ea3ad54344fef208) Importer(2089858483,0ecaa5967403d082aa24f35e1b516d23) [PhysX] Initialized MultithreadedTaskDispatcher with 10 workers.
 -> (artifact id: 'a60fae04f1bbf48e7fa8b0b36f4bdec6') in 0.001505 seconds
Number of updated asset objects reloaded before import = 0
Number of asset objects unloaded after import = 1
========================================================================
Received Import Request.
  Time since last request: 0.000054 seconds.
  path: Assets/Sound/Fmod_Project/Sound/Metadata/AudioFile/{313657ca-f002-4981-8b33-667ecfbfb7ea}.xml
  artifactKey: Guid(4bc29394d3d254aca93497bcd83313c6) Importer(2089858483,0ecaa5967403d082aa24f35e1b516d23)
Start importing Assets/Sound/Fmod_Project/Sound/Metadata/AudioFile/{313657ca-f002-4981-8b33-667ecfbfb7ea}.xml using Guid(4bc29394d3d254aca93497bcd83313c6) Importer(2089858483,0ecaa5967403d082aa24f35e1b516d23) [PhysX] Initialized MultithreadedTaskDispatcher with 10 workers.
 -> (artifact id: '8bf366bee1c404dc07c5a71b9737b6a4') in 0.001442 seconds
Number of updated asset objects reloaded before import = 0
Number of asset objects unloaded after import = 1
========================================================================
Received Import Request.
  Time since last request: 0.000049 seconds.
  path: Assets/Sound/Fmod_Project/Sound/Metadata/AudioFile/{1490f2c6-b8a3-4804-ba01-e720a49021e4}.xml
  artifactKey: Guid(9abddfb99e37442789a4b502595d1a68) Importer(2089858483,0ecaa5967403d082aa24f35e1b516d23)
Start importing Assets/Sound/Fmod_Project/Sound/Metadata/AudioFile/{1490f2c6-b8a3-4804-ba01-e720a49021e4}.xml using Guid(9abddfb99e37442789a4b502595d1a68) Importer(2089858483,0ecaa5967403d082aa24f35e1b516d23) [PhysX] Initialized MultithreadedTaskDispatcher with 10 workers.
 -> (artifact id: '3626841951dd661f4141a8955fc878fc') in 0.001336 seconds
Number of updated asset objects reloaded before import = 0
Number of asset objects unloaded after import = 1
========================================================================
Received Import Request.
  Time since last request: 0.000035 seconds.
  path: Assets/Sound/Fmod_Project/Sound/Metadata/AudioFile/{1efdf611-db17-4255-9ee9-38ed2a71a088}.xml
  artifactKey: Guid(3528fd427ed0e498baf021fefa329b36) Importer(2089858483,0ecaa5967403d082aa24f35e1b516d23)
Start importing Assets/Sound/Fmod_Project/Sound/Metadata/AudioFile/{1efdf611-db17-4255-9ee9-38ed2a71a088}.xml using Guid(3528fd427ed0e498baf021fefa329b36) Importer(2089858483,0ecaa5967403d082aa24f35e1b516d23) [PhysX] Initialized MultithreadedTaskDispatcher with 10 workers.
 -> (artifact id: '2c4ff9cfcb066e2f770f7f48e28e7659') in 0.001538 seconds
Number of updated asset objects reloaded before import = 0
Number of asset objects unloaded after import = 1
========================================================================
Received Import Request.
  Time since last request: 0.000039 seconds.
  path: Assets/Sound/Fmod_Project/Sound/Metadata/AudioFile/{1bc85604-cde5-46b2-8986-bdc9f65057c4}.xml
  artifactKey: Guid(823e6846a124d49a6b364fcc7c5dedc5) Importer(2089858483,0ecaa5967403d082aa24f35e1b516d23)
Start importing Assets/Sound/Fmod_Project/Sound/Metadata/AudioFile/{1bc85604-cde5-46b2-8986-bdc9f65057c4}.xml using Guid(823e6846a124d49a6b364fcc7c5dedc5) Importer(2089858483,0ecaa5967403d082aa24f35e1b516d23) [PhysX] Initialized MultithreadedTaskDispatcher with 10 workers.
 -> (artifact id: '8958e57f09bb302dff080e1732b59b21') in 0.001702 seconds
Number of updated asset objects reloaded before import = 0
Number of asset objects unloaded after import = 1
========================================================================
Received Import Request.
  Time since last request: 0.000053 seconds.
  path: Assets/Sound/Fmod_Project/Sound/Metadata/AudioFile/{1b5f8400-1fc6-41be-8f6f-9c6a9a71341f}.xml
  artifactKey: Guid(c2b7c9ddf1b6d4d4f90804a63486ffbc) Importer(2089858483,0ecaa5967403d082aa24f35e1b516d23)
Start importing Assets/Sound/Fmod_Project/Sound/Metadata/AudioFile/{1b5f8400-1fc6-41be-8f6f-9c6a9a71341f}.xml using Guid(c2b7c9ddf1b6d4d4f90804a63486ffbc) Importer(2089858483,0ecaa5967403d082aa24f35e1b516d23) [PhysX] Initialized MultithreadedTaskDispatcher with 10 workers.
 -> (artifact id: '586b52178ca95cb61686ec18dcb33e48') in 0.001496 seconds
Number of updated asset objects reloaded before import = 0
Number of asset objects unloaded after import = 1
========================================================================
Received Prepare
Caller must complete domain reload
Begin MonoManager ReloadAssembly
Thread 0x176cc7000 may have been prematurely finalized
- Loaded All Assemblies, in  0.217 seconds
Native extension for OSXStandalone target not found
Mono: successfully reloaded assembly
- Finished resetting the current domain, in  0.793 seconds
Domain Reload Profiling: 1010ms
	BeginReloadAssembly (73ms)
		ExecutionOrderSort (0ms)
		DisableScriptedObjects (2ms)
		BackupInstance (0ms)
		ReleaseScriptingObjects (0ms)
		CreateAndSetChildDomain (25ms)
	RebuildCommonClasses (14ms)
	RebuildNativeTypeToScriptingClass (5ms)
	initialDomainReloadingComplete (9ms)
	LoadAllAssembliesAndSetupDomain (116ms)
		LoadAssemblies (130ms)
		RebuildTransferFunctionScriptingTraits (0ms)
		AnalyzeDomain (13ms)
			TypeCache.Refresh (6ms)
				TypeCache.ScanAssembly (0ms)
			ScanForSourceGeneratedMonoScriptInfo (0ms)
			ResolveRequiredComponents (6ms)
	FinalizeReload (793ms)
		ReleaseScriptCaches (0ms)
		RebuildScriptCaches (0ms)
		SetupLoadedEditorAssemblies (225ms)
			LogAssemblyErrors (0ms)
			InitializePlatformSupportModulesInManaged (2ms)
			SetLoadedEditorAssemblies (2ms)
			RefreshPlugins (0ms)
			BeforeProcessingInitializeOnLoad (30ms)
			ProcessInitializeOnLoadAttributes (167ms)
			ProcessInitializeOnLoadMethodAttributes (24ms)
			AfterProcessingInitializeOnLoad (0ms)
			EditorAssembliesLoaded (0ms)
		ExecutionOrderSort2 (0ms)
		AwakeInstancesAfterBackupRestoration (7ms)
WARNING: Shader Unsupported: 'Universal Render Pipeline/VR/SpatialMapping/Wireframe' - All subshaders removed
WARNING: Shader Did you use #pragma only_renderers and omit this platform?
WARNING: Shader If subshaders removal was intentional, you may have forgotten turning Fallback off?
WARNING: Shader Unsupported: 'Universal Render Pipeline/VR/SpatialMapping/Wireframe' - All subshaders removed
WARNING: Shader Did you use #pragma only_renderers and omit this platform?
WARNING: Shader If subshaders removal was intentional, you may have forgotten turning Fallback off?
WARNING: Shader Unsupported: 'Hidden/Builtin_TerrainVisualization' - All subshaders removed
WARNING: Shader Did you use #pragma only_renderers and omit this platform?
WARNING: Shader If subshaders removal was intentional, you may have forgotten turning Fallback off?
WARNING: Shader Unsupported: 'Hidden/Builtin_TerrainVisualization' - All subshaders removed
WARNING: Shader Did you use #pragma only_renderers and omit this platform?
WARNING: Shader If subshaders removal was intentional, you may have forgotten turning Fallback off?
Refreshing native plugins compatible for Editor in 4.58 ms, found 5 plugins.
Preloading 0 native plugins for Editor in 0.00 ms.
Unloading 5612 Unused Serialized files (Serialized files now loaded: 0)
Unloading 51 unused Assets / (3.7 MB). Loaded Objects now: 6322.
Memory consumption went from 233.8 MB to 230.1 MB.
Total: 6.995667 ms (FindLiveObjects: 0.227375 ms CreateObjectMapping: 0.065083 ms MarkObjects: 6.115667 ms  DeleteObjects: 0.586833 ms)

Prepare: number of updated asset objects reloaded= 0
AssetImportParameters requested are different than current active one (requested -> active):
  custom:container-demuxer-ogg: 62fdf1f143b41e24485cea50d1cbac27 -> 
  custom:scripting/monoscript/fileName/CRTDataObject.cs: f1de7395209245cd93b30dd15005e602 -> 
  custom:scripting/monoscript/fileName/CRTCameraBehaviour.cs: 30ff3bb5a6d12bf7a3270d52e64fce8c -> 
  custom:video-decoder-ogg-theora: a1e56fd34408186e4bbccfd4996cb3dc -> 
  custom:scripting/monoscript/fileName/NewBehaviourScript.cs: 0bbf274f239518c006152eda55c74178 -> 
  custom:scripting/monoscript/fileName/Quad_controller.cs: f7f54a4dcd6a885b0486938ad49f3362 -> 
  custom:CustomObjectIndexerAttribute: 3ead1caaecf1c488f20bcfeb224b6af5 -> 
  custom:container-demuxer-webm: 4f35f7cbe854078d1ac9338744f61a02 -> 
  custom:container-muxer-webm: aa71ff27fc2769a1b78a27578f13a17b -> 
  custom:video-decoder-webm-vp8: 9c59270c3fd7afecdb556c50c9e8de78 -> 
  custom:SearchIndexIgnoredProperties: e643bd26f0fe6173181afceb89e7c659 -> 
  custom:AudioImporter_EditorPlatform: 3918e3fc78b5a79bad01e8451be0beb8 -> 
  custom:scripting/monoscript/fileName/CRTRenderSettingsObject.cs: 24bb0e83561f29e599898e7a5864aecc -> 
  custom:framework-osx-AVFoundation: e770b220cccbd017edd2c1fefb359320 -> 
  custom:video-encoder-webm-vp8: eb34c28f22e8b96e1ab97ce403110664 -> 
  custom:scripting/monoscript/fileName/CRTDemoBehaviour.cs: 20f57549ec3eef6393f5bf74787367c9 -> 
  custom:audio-decoder-ogg-vorbis: bf7c407c2cedff20999df2af8eb42d56 -> 
  custom:audio-encoder-webm-vorbis: bf7c407c2cedff20999df2af8eb42d56 -> 
