Unity Editor version:    2022.3.62f2 (7670c08855a9)
Branch:                  2022.3/respin/2022.3.62f2-4af31df585-v2
Build type:              Release
Batch mode:              YES
macOS version:           Version 26.3.1 (a) (Build 25D771280a)
Darwin version:          25.3.0
Architecture:            arm64
Running under Rosetta:   NO
Available memory:        16384 MB
Using pre-set license
Pro License: YES

COMMAND LINE ARGUMENTS:
/Applications/Unity/Hub/Editor/2022.3.62f2/Unity.app/Contents/MacOS/Unity
-adb2
-batchMode
-noUpm
-name
AssetImportWorker9
-projectPath
/Users/magdalenaplawinska/LicencjatCDV
-logFile
Logs/AssetImportWorker9.log
-srvPort
51014
Successfully changed project path to: /Users/magdalenaplawinska/LicencjatCDV
/Users/magdalenaplawinska/LicencjatCDV
[UnityMemory] Configuration Parameters - Can be set up in boot.config
    "memorysetup-bucket-allocator-granularity=16"
    "memorysetup-bucket-allocator-bucket-count=8"
    "memorysetup-bucket-allocator-block-size=33554432"
    "memorysetup-bucket-allocator-block-count=8"
    "memorysetup-main-allocator-block-size=16777216"
    "memorysetup-thread-allocator-block-size=16777216"
    "memorysetup-gfx-main-allocator-block-size=16777216"
    "memorysetup-gfx-thread-allocator-block-size=16777216"
    "memorysetup-cache-allocator-block-size=4194304"
    "memorysetup-typetree-allocator-block-size=2097152"
    "memorysetup-profiler-bucket-allocator-granularity=16"
    "memorysetup-profiler-bucket-allocator-bucket-count=8"
    "memorysetup-profiler-bucket-allocator-block-size=33554432"
    "memorysetup-profiler-bucket-allocator-block-count=8"
    "memorysetup-profiler-allocator-block-size=16777216"
    "memorysetup-profiler-editor-allocator-block-size=1048576"
    "memorysetup-temp-allocator-size-main=16777216"
    "memorysetup-job-temp-allocator-block-size=2097152"
    "memorysetup-job-temp-allocator-block-size-background=1048576"
    "memorysetup-job-temp-allocator-reduction-small-platforms=262144"
    "memorysetup-allocator-temp-initial-block-size-main=262144"
    "memorysetup-allocator-temp-initial-block-size-worker=262144"
    "memorysetup-temp-allocator-size-background-worker=32768"
    "memorysetup-temp-allocator-size-job-worker=262144"
    "memorysetup-temp-allocator-size-preload-manager=33554432"
    "memorysetup-temp-allocator-size-nav-mesh-worker=65536"
    "memorysetup-temp-allocator-size-audio-worker=65536"
    "memorysetup-temp-allocator-size-cloud-worker=32768"
    "memorysetup-temp-allocator-size-gi-baking-worker=262144"
    "memorysetup-temp-allocator-size-gfx=262144"
Player connection [8340467968]  Target information:

Player connection [8340467968]  * "[IP] 192.168.0.32 [Port] 0 [Flags] 2 [Guid] 455412586 [EditorId] 455412586 [Version] 1048832 [Id] OSXEditor(0,MacMiniMagda.local) [Debug] 1 [PackageName] OSXEditor [ProjectName] Editor" 

Player connection [8340467968] Host joined multi-casting on [225.0.0.222:54997]...
Player connection [8340467968] Host joined alternative multi-casting on [225.0.0.222:34997]...
Input System module state changed to: Initialized.
[PhysX] Initialized MultithreadedTaskDispatcher with 10 workers.
Refreshing native plugins compatible for Editor in 8.50 ms, found 5 plugins.
Preloading 0 native plugins for Editor in 0.00 ms.
Initialize engine version: 2022.3.62f2 (7670c08855a9)
[Subsystems] Discovering subsystems at path /Applications/Unity/Hub/Editor/2022.3.62f2/Unity.app/Contents/Resources/UnitySubsystems
[Subsystems] Discovering subsystems at path /Users/magdalenaplawinska/LicencjatCDV/Assets
GfxDevice: creating device client; threaded=0; jobified=0
 preferred device: Apple M4 (high power)
Metal devices available: 1
0: Apple M4 (high power)
Using device Apple M4 (high power)
Initializing Metal device caps: Apple M4
Initialize mono
Mono path[0] = '/Applications/Unity/Hub/Editor/2022.3.62f2/Unity.app/Contents/Managed'
Mono path[1] = '/Applications/Unity/Hub/Editor/2022.3.62f2/Unity.app/Contents/MonoBleedingEdge/lib/mono/unityjit-macos'
Mono config path = '/Applications/Unity/Hub/Editor/2022.3.62f2/Unity.app/Contents/MonoBleedingEdge/etc'
Using monoOptions --debugger-agent=transport=dt_socket,embedding=1,server=y,suspend=n,address=127.0.0.1:56137
Begin MonoManager ReloadAssembly
Registering precompiled unity dll's ...
Register platform support module: /Applications/Unity/Hub/Editor/2022.3.62f2/Unity.app/Contents/PlaybackEngines/MacStandaloneSupport/UnityEditor.OSXStandalone.Extensions.dll
Registered in 0.000600 seconds.
- Loaded All Assemblies, in  0.128 seconds
Native extension for OSXStandalone target not found
Mono: successfully reloaded assembly
- Finished resetting the current domain, in  0.099 seconds
Domain Reload Profiling: 227ms
	BeginReloadAssembly (30ms)
		ExecutionOrderSort (0ms)
		DisableScriptedObjects (0ms)
		BackupInstance (0ms)
		ReleaseScriptingObjects (0ms)
		CreateAndSetChildDomain (0ms)
	RebuildCommonClasses (15ms)
	RebuildNativeTypeToScriptingClass (5ms)
	initialDomainReloadingComplete (19ms)
	LoadAllAssembliesAndSetupDomain (59ms)
		LoadAssemblies (30ms)
		RebuildTransferFunctionScriptingTraits (0ms)
		AnalyzeDomain (58ms)
			TypeCache.Refresh (57ms)
				TypeCache.ScanAssembly (52ms)
			ScanForSourceGeneratedMonoScriptInfo (0ms)
			ResolveRequiredComponents (0ms)
	FinalizeReload (99ms)
		ReleaseScriptCaches (0ms)
		RebuildScriptCaches (0ms)
		SetupLoadedEditorAssemblies (79ms)
			LogAssemblyErrors (0ms)
			InitializePlatformSupportModulesInManaged (3ms)
			SetLoadedEditorAssemblies (3ms)
			RefreshPlugins (0ms)
			BeforeProcessingInitializeOnLoad (1ms)
			ProcessInitializeOnLoadAttributes (54ms)
			ProcessInitializeOnLoadMethodAttributes (18ms)
			AfterProcessingInitializeOnLoad (0ms)
			EditorAssembliesLoaded (0ms)
		ExecutionOrderSort2 (0ms)
		AwakeInstancesAfterBackupRestoration (0ms)
========================================================================
Worker process is ready to serve import requests
Caller must complete domain reload
Begin MonoManager ReloadAssembly
- Loaded All Assemblies, in  0.240 seconds
Native extension for OSXStandalone target not found
Mono: successfully reloaded assembly
- Finished resetting the current domain, in  0.286 seconds
Domain Reload Profiling: 527ms
	BeginReloadAssembly (41ms)
		ExecutionOrderSort (0ms)
		DisableScriptedObjects (2ms)
		BackupInstance (0ms)
		ReleaseScriptingObjects (0ms)
		CreateAndSetChildDomain (6ms)
	RebuildCommonClasses (13ms)
	RebuildNativeTypeToScriptingClass (5ms)
	initialDomainReloadingComplete (13ms)
	LoadAllAssembliesAndSetupDomain (168ms)
		LoadAssemblies (88ms)
		RebuildTransferFunctionScriptingTraits (0ms)
		AnalyzeDomain (100ms)
			TypeCache.Refresh (87ms)
				TypeCache.ScanAssembly (80ms)
			ScanForSourceGeneratedMonoScriptInfo (8ms)
			ResolveRequiredComponents (5ms)
	FinalizeReload (287ms)
		ReleaseScriptCaches (0ms)
		RebuildScriptCaches (0ms)
		SetupLoadedEditorAssemblies (226ms)
			LogAssemblyErrors (0ms)
			InitializePlatformSupportModulesInManaged (2ms)
			SetLoadedEditorAssemblies (2ms)
			RefreshPlugins (0ms)
			BeforeProcessingInitializeOnLoad (26ms)
			ProcessInitializeOnLoadAttributes (173ms)
			ProcessInitializeOnLoadMethodAttributes (23ms)
			AfterProcessingInitializeOnLoad (0ms)
			EditorAssembliesLoaded (0ms)
		ExecutionOrderSort2 (0ms)
		AwakeInstancesAfterBackupRestoration (1ms)
WARNING: Shader Unsupported: 'Universal Render Pipeline/VR/SpatialMapping/Wireframe' - All subshaders removed
WARNING: Shader Did you use #pragma only_renderers and omit this platform?
WARNING: Shader If subshaders removal was intentional, you may have forgotten turning Fallback off?
WARNING: Shader Unsupported: 'Universal Render Pipeline/VR/SpatialMapping/Wireframe' - All subshaders removed
WARNING: Shader Did you use #pragma only_renderers and omit this platform?
WARNING: Shader If subshaders removal was intentional, you may have forgotten turning Fallback off?
WARNING: Shader Unsupported: 'Hidden/Builtin_TerrainVisualization' - All subshaders removed
WARNING: Shader Did you use #pragma only_renderers and omit this platform?
WARNING: Shader If subshaders removal was intentional, you may have forgotten turning Fallback off?
WARNING: Shader Unsupported: 'Hidden/Builtin_TerrainVisualization' - All subshaders removed
WARNING: Shader Did you use #pragma only_renderers and omit this platform?
WARNING: Shader If subshaders removal was intentional, you may have forgotten turning Fallback off?
Launching external process: /Applications/Unity/Hub/Editor/2022.3.62f2/Unity.app/Contents/Tools/UnityShaderCompiler
Launched and connected shader compiler UnityShaderCompiler after 0.02 seconds
Refreshing native plugins compatible for Editor in 2.55 ms, found 5 plugins.
Preloading 0 native plugins for Editor in 0.00 ms.
Unloading 5836 Unused Serialized files (Serialized files now loaded: 0)
Unloading 76 unused Assets / (3.7 MB). Loaded Objects now: 6286.
Memory consumption went from 261.9 MB to 258.2 MB.
Total: 2.291709 ms (FindLiveObjects: 0.126000 ms CreateObjectMapping: 0.052541 ms MarkObjects: 1.689042 ms  DeleteObjects: 0.423708 ms)

AssetImportParameters requested are different than current active one (requested -> active):
  custom:container-demuxer-ogg: 62fdf1f143b41e24485cea50d1cbac27 -> 
  custom:scripting/monoscript/fileName/CRTDataObject.cs: f1de7395209245cd93b30dd15005e602 -> 
  custom:scripting/monoscript/fileName/CRTCameraBehaviour.cs: 30ff3bb5a6d12bf7a3270d52e64fce8c -> 
  custom:video-decoder-ogg-theora: a1e56fd34408186e4bbccfd4996cb3dc -> 
  custom:CustomObjectIndexerAttribute: 3ead1caaecf1c488f20bcfeb224b6af5 -> 
  custom:container-demuxer-webm: 4f35f7cbe854078d1ac9338744f61a02 -> 
  custom:container-muxer-webm: aa71ff27fc2769a1b78a27578f13a17b -> 
  custom:video-decoder-webm-vp8: 9c59270c3fd7afecdb556c50c9e8de78 -> 
  custom:SearchIndexIgnoredProperties: e643bd26f0fe6173181afceb89e7c659 -> 
  custom:AudioImporter_EditorPlatform: 3918e3fc78b5a79bad01e8451be0beb8 -> 
  custom:scripting/monoscript/fileName/CRTRenderSettingsObject.cs: 24bb0e83561f29e599898e7a5864aecc -> 
  custom:framework-osx-AVFoundation: e770b220cccbd017edd2c1fefb359320 -> 
  custom:video-encoder-webm-vp8: eb34c28f22e8b96e1ab97ce403110664 -> 
  custom:scripting/monoscript/fileName/CRTDemoBehaviour.cs: 20f57549ec3eef6393f5bf74787367c9 -> 
  custom:audio-decoder-ogg-vorbis: bf7c407c2cedff20999df2af8eb42d56 -> 
  custom:audio-encoder-webm-vorbis: bf7c407c2cedff20999df2af8eb42d56 -> 
========================================================================
Received Import Request.
  Time since last request: 1234543.334265 seconds.
  path: Assets/Art/Materials/Texture_smear.mat
  artifactKey: Guid(ff6705a28d9d943869420fc53121b104) Importer(815301076,1909f56bfc062723c751e8b465ee728b)
Start importing Assets/Art/Materials/Texture_smear.mat using Guid(ff6705a28d9d943869420fc53121b104) Importer(815301076,1909f56bfc062723c751e8b465ee728b) [PhysX] Initialized MultithreadedTaskDispatcher with 10 workers.
[PhysX] Initialized MultithreadedTaskDispatcher with 10 workers.
 -> (artifact id: '2e6a4f113e9889c214e3e7acb30549c0') in 0.140868 seconds
Number of updated asset objects reloaded before import = 0
Number of asset objects unloaded after import = 21
========================================================================
Received Prepare
Caller must complete domain reload
Begin MonoManager ReloadAssembly
Thread 0x17e2c7000 may have been prematurely finalized
- Loaded All Assemblies, in  0.230 seconds
Native extension for OSXStandalone target not found
Mono: successfully reloaded assembly
- Finished resetting the current domain, in  0.856 seconds
Domain Reload Profiling: 1086ms
	BeginReloadAssembly (79ms)
		ExecutionOrderSort (0ms)
		DisableScriptedObjects (7ms)
		BackupInstance (0ms)
		ReleaseScriptingObjects (0ms)
		CreateAndSetChildDomain (24ms)
	RebuildCommonClasses (14ms)
	RebuildNativeTypeToScriptingClass (5ms)
	initialDomainReloadingComplete (10ms)
	LoadAllAssembliesAndSetupDomain (122ms)
		LoadAssemblies (126ms)
		RebuildTransferFunctionScriptingTraits (0ms)
		AnalyzeDomain (23ms)
			TypeCache.Refresh (7ms)
				TypeCache.ScanAssembly (1ms)
			ScanForSourceGeneratedMonoScriptInfo (9ms)
			ResolveRequiredComponents (6ms)
	FinalizeReload (856ms)
		ReleaseScriptCaches (0ms)
		RebuildScriptCaches (0ms)
		SetupLoadedEditorAssemblies (220ms)
			LogAssemblyErrors (0ms)
			InitializePlatformSupportModulesInManaged (2ms)
			SetLoadedEditorAssemblies (2ms)
			RefreshPlugins (0ms)
			BeforeProcessingInitializeOnLoad (28ms)
			ProcessInitializeOnLoadAttributes (158ms)
			ProcessInitializeOnLoadMethodAttributes (30ms)
			AfterProcessingInitializeOnLoad (1ms)
			EditorAssembliesLoaded (0ms)
		ExecutionOrderSort2 (0ms)
		AwakeInstancesAfterBackupRestoration (8ms)
WARNING: Shader Unsupported: 'Universal Render Pipeline/VR/SpatialMapping/Wireframe' - All subshaders removed
WARNING: Shader Did you use #pragma only_renderers and omit this platform?
WARNING: Shader If subshaders removal was intentional, you may have forgotten turning Fallback off?
WARNING: Shader Unsupported: 'Universal Render Pipeline/VR/SpatialMapping/Wireframe' - All subshaders removed
WARNING: Shader Did you use #pragma only_renderers and omit this platform?
WARNING: Shader If subshaders removal was intentional, you may have forgotten turning Fallback off?
WARNING: Shader Unsupported: 'Hidden/Builtin_TerrainVisualization' - All subshaders removed
WARNING: Shader Did you use #pragma only_renderers and omit this platform?
WARNING: Shader If subshaders removal was intentional, you may have forgotten turning Fallback off?
WARNING: Shader Unsupported: 'Hidden/Builtin_TerrainVisualization' - All subshaders removed
WARNING: Shader Did you use #pragma only_renderers and omit this platform?
WARNING: Shader If subshaders removal was intentional, you may have forgotten turning Fallback off?
Refreshing native plugins compatible for Editor in 3.05 ms, found 5 plugins.
Preloading 0 native plugins for Editor in 0.00 ms.
Unloading 5611 Unused Serialized files (Serialized files now loaded: 0)
Unloading 49 unused Assets / (3.7 MB). Loaded Objects now: 6387.
Memory consumption went from 245.3 MB to 241.6 MB.
Total: 2.282959 ms (FindLiveObjects: 0.157958 ms CreateObjectMapping: 0.060834 ms MarkObjects: 1.706708 ms  DeleteObjects: 0.357000 ms)

Prepare: number of updated asset objects reloaded= 0
AssetImportParameters requested are different than current active one (requested -> active):
  custom:container-demuxer-ogg: 62fdf1f143b41e24485cea50d1cbac27 -> 
  custom:scripting/monoscript/fileName/CRTDataObject.cs: f1de7395209245cd93b30dd15005e602 -> 
  custom:scripting/monoscript/fileName/CRTCameraBehaviour.cs: 30ff3bb5a6d12bf7a3270d52e64fce8c -> 
  custom:video-decoder-ogg-theora: a1e56fd34408186e4bbccfd4996cb3dc -> 
  custom:scripting/monoscript/fileName/Quad_controller.cs: 2708f378f5f7706e7290e9b046a358c0 -> 
  custom:CustomObjectIndexerAttribute: 3ead1caaecf1c488f20bcfeb224b6af5 -> 
  custom:container-demuxer-webm: 4f35f7cbe854078d1ac9338744f61a02 -> 
  custom:container-muxer-webm: aa71ff27fc2769a1b78a27578f13a17b -> 
  custom:video-decoder-webm-vp8: 9c59270c3fd7afecdb556c50c9e8de78 -> 
  custom:SearchIndexIgnoredProperties: e643bd26f0fe6173181afceb89e7c659 -> 
  custom:AudioImporter_EditorPlatform: 3918e3fc78b5a79bad01e8451be0beb8 -> 
  custom:scripting/monoscript/fileName/CRTRenderSettingsObject.cs: 24bb0e83561f29e599898e7a5864aecc -> 
  custom:framework-osx-AVFoundation: e770b220cccbd017edd2c1fefb359320 -> 
  custom:video-encoder-webm-vp8: eb34c28f22e8b96e1ab97ce403110664 -> 
  custom:scripting/monoscript/fileName/CRTDemoBehaviour.cs: 20f57549ec3eef6393f5bf74787367c9 -> 
  custom:audio-decoder-ogg-vorbis: bf7c407c2cedff20999df2af8eb42d56 -> 
  custom:audio-encoder-webm-vorbis: bf7c407c2cedff20999df2af8eb42d56 -> 
  custom:scripting/precompiled-assembly-types:Assembly-CSharp: f4271953a286bc92c101bdabd03b4d19 -> 1395350fe2edf283cd03c3e3e2a79830
========================================================================
Received Prepare
Caller must complete domain reload
Begin MonoManager ReloadAssembly
Thread 0x16eec7000 may have been prematurely finalized
- Loaded All Assemblies, in  0.182 seconds
Native extension for OSXStandalone target not found
Mono: successfully reloaded assembly
- Finished resetting the current domain, in  0.396 seconds
Domain Reload Profiling: 579ms
	BeginReloadAssembly (58ms)
		ExecutionOrderSort (0ms)
		DisableScriptedObjects (2ms)
		BackupInstance (0ms)
		ReleaseScriptingObjects (0ms)
		CreateAndSetChildDomain (13ms)
	RebuildCommonClasses (14ms)
	RebuildNativeTypeToScriptingClass (5ms)
	initialDomainReloadingComplete (9ms)
	LoadAllAssembliesAndSetupDomain (96ms)
		LoadAssemblies (100ms)
		RebuildTransferFunctionScriptingTraits (0ms)
		AnalyzeDomain (19ms)
			TypeCache.Refresh (5ms)
				TypeCache.ScanAssembly (1ms)
			ScanForSourceGeneratedMonoScriptInfo (8ms)
			ResolveRequiredComponents (6ms)
	FinalizeReload (396ms)
		ReleaseScriptCaches (0ms)
		RebuildScriptCaches (0ms)
		SetupLoadedEditorAssemblies (203ms)
			LogAssemblyErrors (0ms)
			InitializePlatformSupportModulesInManaged (2ms)
			SetLoadedEditorAssemblies (1ms)
			RefreshPlugins (0ms)
			BeforeProcessingInitializeOnLoad (27ms)
			ProcessInitializeOnLoadAttributes (150ms)
			ProcessInitializeOnLoadMethodAttributes (22ms)
			AfterProcessingInitializeOnLoad (0ms)
			EditorAssembliesLoaded (0ms)
		ExecutionOrderSort2 (0ms)
		AwakeInstancesAfterBackupRestoration (6ms)
WARNING: Shader Unsupported: 'Universal Render Pipeline/VR/SpatialMapping/Wireframe' - All subshaders removed
WARNING: Shader Did you use #pragma only_renderers and omit this platform?
WARNING: Shader If subshaders removal was intentional, you may have forgotten turning Fallback off?
WARNING: Shader Unsupported: 'Universal Render Pipeline/VR/SpatialMapping/Wireframe' - All subshaders removed
WARNING: Shader Did you use #pragma only_renderers and omit this platform?
WARNING: Shader If subshaders removal was intentional, you may have forgotten turning Fallback off?
WARNING: Shader Unsupported: 'Hidden/Builtin_TerrainVisualization' - All subshaders removed
WARNING: Shader Did you use #pragma only_renderers and omit this platform?
WARNING: Shader If subshaders removal was intentional, you may have forgotten turning Fallback off?
WARNING: Shader Unsupported: 'Hidden/Builtin_TerrainVisualization' - All subshaders removed
WARNING: Shader Did you use #pragma only_renderers and omit this platform?
WARNING: Shader If subshaders removal was intentional, you may have forgotten turning Fallback off?
Refreshing native plugins compatible for Editor in 2.78 ms, found 5 plugins.
Preloading 0 native plugins for Editor in 0.00 ms.
Unloading 5611 Unused Serialized files (Serialized files now loaded: 0)
Unloading 49 unused Assets / (3.7 MB). Loaded Objects now: 6406.
Memory consumption went from 248.0 MB to 244.3 MB.
Total: 2.309125 ms (FindLiveObjects: 0.157709 ms CreateObjectMapping: 0.043500 ms MarkObjects: 1.690958 ms  DeleteObjects: 0.416459 ms)

Prepare: number of updated asset objects reloaded= 0
AssetImportParameters requested are different than current active one (requested -> active):
  custom:container-demuxer-ogg: 62fdf1f143b41e24485cea50d1cbac27 -> 
  custom:scripting/monoscript/fileName/CRTDataObject.cs: f1de7395209245cd93b30dd15005e602 -> 
  custom:scripting/monoscript/fileName/CRTCameraBehaviour.cs: 30ff3bb5a6d12bf7a3270d52e64fce8c -> 
  custom:video-decoder-ogg-theora: a1e56fd34408186e4bbccfd4996cb3dc -> 
  custom:scripting/monoscript/fileName/Quad_controller.cs: f7f54a4dcd6a885b0486938ad49f3362 -> 
  custom:CustomObjectIndexerAttribute: 3ead1caaecf1c488f20bcfeb224b6af5 -> 
  custom:container-demuxer-webm: 4f35f7cbe854078d1ac9338744f61a02 -> 
  custom:container-muxer-webm: aa71ff27fc2769a1b78a27578f13a17b -> 
  custom:video-decoder-webm-vp8: 9c59270c3fd7afecdb556c50c9e8de78 -> 
  custom:SearchIndexIgnoredProperties: e643bd26f0fe6173181afceb89e7c659 -> 
  custom:AudioImporter_EditorPlatform: 3918e3fc78b5a79bad01e8451be0beb8 -> 
  custom:scripting/monoscript/fileName/CRTRenderSettingsObject.cs: 24bb0e83561f29e599898e7a5864aecc -> 
  custom:framework-osx-AVFoundation: e770b220cccbd017edd2c1fefb359320 -> 
  custom:video-encoder-webm-vp8: eb34c28f22e8b96e1ab97ce403110664 -> 
  custom:scripting/monoscript/fileName/CRTDemoBehaviour.cs: 20f57549ec3eef6393f5bf74787367c9 -> 
  custom:audio-decoder-ogg-vorbis: bf7c407c2cedff20999df2af8eb42d56 -> 
  custom:audio-encoder-webm-vorbis: bf7c407c2cedff20999df2af8eb42d56 -> 
  custom:scripting/precompiled-assembly-types:Assembly-CSharp: f64451d9d62d207de56672f211c0f2a7 -> 1395350fe2edf283cd03c3e3e2a79830
========================================================================
Received Prepare
Caller must complete domain reload
Begin MonoManager ReloadAssembly
Thread 0x16eec7000 may have been prematurely finalized
- Loaded All Assemblies, in  0.210 seconds
Native extension for OSXStandalone target not found
Mono: successfully reloaded assembly
- Finished resetting the current domain, in  0.624 seconds
Domain Reload Profiling: 834ms
	BeginReloadAssembly (64ms)
		ExecutionOrderSort (0ms)
		DisableScriptedObjects (2ms)
		BackupInstance (0ms)
		ReleaseScriptingObjects (0ms)
		CreateAndSetChildDomain (16ms)
	RebuildCommonClasses (17ms)
	RebuildNativeTypeToScriptingClass (6ms)
	initialDomainReloadingComplete (11ms)
	LoadAllAssembliesAndSetupDomain (112ms)
		LoadAssemblies (115ms)
		RebuildTransferFunctionScriptingTraits (0ms)
		AnalyzeDomain (23ms)
			TypeCache.Refresh (6ms)
				TypeCache.ScanAssembly (0ms)
			ScanForSourceGeneratedMonoScriptInfo (10ms)
			ResolveRequiredComponents (6ms)
	FinalizeReload (624ms)
		ReleaseScriptCaches (0ms)
		RebuildScriptCaches (0ms)
		SetupLoadedEditorAssemblies (238ms)
			LogAssemblyErrors (0ms)
			InitializePlatformSupportModulesInManaged (2ms)
			SetLoadedEditorAssemblies (2ms)
			RefreshPlugins (0ms)
			BeforeProcessingInitializeOnLoad (33ms)
			ProcessInitializeOnLoadAttributes (174ms)
			ProcessInitializeOnLoadMethodAttributes (26ms)
			AfterProcessingInitializeOnLoad (1ms)
			EditorAssembliesLoaded (0ms)
		ExecutionOrderSort2 (0ms)
		AwakeInstancesAfterBackupRestoration (8ms)
WARNING: Shader Unsupported: 'Universal Render Pipeline/VR/SpatialMapping/Wireframe' - All subshaders removed
WARNING: Shader Did you use #pragma only_renderers and omit this platform?
WARNING: Shader If subshaders removal was intentional, you may have forgotten turning Fallback off?
WARNING: Shader Unsupported: 'Universal Render Pipeline/VR/SpatialMapping/Wireframe' - All subshaders removed
WARNING: Shader Did you use #pragma only_renderers and omit this platform?
WARNING: Shader If subshaders removal was intentional, you may have forgotten turning Fallback off?
WARNING: Shader Unsupported: 'Hidden/Builtin_TerrainVisualization' - All subshaders removed
WARNING: Shader Did you use #pragma only_renderers and omit this platform?
WARNING: Shader If subshaders removal was intentional, you may have forgotten turning Fallback off?
WARNING: Shader Unsupported: 'Hidden/Builtin_TerrainVisualization' - All subshaders removed
WARNING: Shader Did you use #pragma only_renderers and omit this platform?
WARNING: Shader If subshaders removal was intentional, you may have forgotten turning Fallback off?
Refreshing native plugins compatible for Editor in 2.91 ms, found 5 plugins.
Preloading 0 native plugins for Editor in 0.00 ms.
Unloading 5611 Unused Serialized files (Serialized files now loaded: 0)
Unloading 49 unused Assets / (3.7 MB). Loaded Objects now: 6425.
Memory consumption went from 250.9 MB to 247.2 MB.
Total: 2.438750 ms (FindLiveObjects: 0.172083 ms CreateObjectMapping: 0.047292 ms MarkObjects: 1.798917 ms  DeleteObjects: 0.419917 ms)

Prepare: number of updated asset objects reloaded= 0
AssetImportParameters requested are different than current active one (requested -> active):
  custom:container-demuxer-ogg: 62fdf1f143b41e24485cea50d1cbac27 -> 
  custom:scripting/monoscript/fileName/CRTDataObject.cs: f1de7395209245cd93b30dd15005e602 -> 
  custom:scripting/monoscript/fileName/CRTCameraBehaviour.cs: 30ff3bb5a6d12bf7a3270d52e64fce8c -> 
  custom:video-decoder-ogg-theora: a1e56fd34408186e4bbccfd4996cb3dc -> 
  custom:scripting/monoscript/fileName/Quad_controller.cs: f7f54a4dcd6a885b0486938ad49f3362 -> 
  custom:CustomObjectIndexerAttribute: 3ead1caaecf1c488f20bcfeb224b6af5 -> 
  custom:container-demuxer-webm: 4f35f7cbe854078d1ac9338744f61a02 -> 
  custom:container-muxer-webm: aa71ff27fc2769a1b78a27578f13a17b -> 
  custom:video-decoder-webm-vp8: 9c59270c3fd7afecdb556c50c9e8de78 -> 
  custom:SearchIndexIgnoredProperties: e643bd26f0fe6173181afceb89e7c659 -> 
  custom:AudioImporter_EditorPlatform: 3918e3fc78b5a79bad01e8451be0beb8 -> 
  custom:scripting/monoscript/fileName/CRTRenderSettingsObject.cs: 24bb0e83561f29e599898e7a5864aecc -> 
  custom:framework-osx-AVFoundation: e770b220cccbd017edd2c1fefb359320 -> 
  custom:scripting/monoscript/fileName/RandomQuadFade.cs: f7f54a4dcd6a885b0486938ad49f3362 -> 
  custom:video-encoder-webm-vp8: eb34c28f22e8b96e1ab97ce403110664 -> 
  custom:scripting/monoscript/fileName/CRTDemoBehaviour.cs: 20f57549ec3eef6393f5bf74787367c9 -> 
  custom:audio-decoder-ogg-vorbis: bf7c407c2cedff20999df2af8eb42d56 -> 
  custom:audio-encoder-webm-vorbis: bf7c407c2cedff20999df2af8eb42d56 -> 
  custom:scripting/precompiled-assembly-types:Assembly-CSharp: 1d916cefdbaeabe5f1b6bb49c9306982 -> 1395350fe2edf283cd03c3e3e2a79830
========================================================================
Received Import Request.
  Time since last request: 1126.657076 seconds.
  path: Assets/RandomQuadFade.cs
  artifactKey: Guid(0d8df821187ea449aac9b7a78a38ccd7) Importer(815301076,1909f56bfc062723c751e8b465ee728b)
Start importing Assets/RandomQuadFade.cs using Guid(0d8df821187ea449aac9b7a78a38ccd7) Importer(815301076,1909f56bfc062723c751e8b465ee728b) [PhysX] Initialized MultithreadedTaskDispatcher with 10 workers.
 -> (artifact id: 'ad9af493102e9f7a483977c7af9345ad') in 0.000958 seconds
Number of updated asset objects reloaded before import = 0
Number of asset objects unloaded after import = 0
========================================================================
Received Prepare
Caller must complete domain reload
Begin MonoManager ReloadAssembly
Thread 0x16eec7000 may have been prematurely finalized
- Loaded All Assemblies, in  0.163 seconds
Native extension for OSXStandalone target not found
Mono: successfully reloaded assembly
- Finished resetting the current domain, in  0.397 seconds
Domain Reload Profiling: 560ms
	BeginReloadAssembly (52ms)
		ExecutionOrderSort (0ms)
		DisableScriptedObjects (2ms)
		BackupInstance (0ms)
		ReleaseScriptingObjects (0ms)
		CreateAndSetChildDomain (12ms)
	RebuildCommonClasses (14ms)
	RebuildNativeTypeToScriptingClass (5ms)
	initialDomainReloadingComplete (9ms)
	LoadAllAssembliesAndSetupDomain (83ms)
		LoadAssemblies (94ms)
		RebuildTransferFunctionScriptingTraits (0ms)
		AnalyzeDomain (10ms)
			TypeCache.Refresh (4ms)
				TypeCache.ScanAssembly (0ms)
			ScanForSourceGeneratedMonoScriptInfo (0ms)
			ResolveRequiredComponents (6ms)
	FinalizeReload (398ms)
		ReleaseScriptCaches (0ms)
		RebuildScriptCaches (0ms)
		SetupLoadedEditorAssemblies (214ms)
			LogAssemblyErrors (0ms)
			InitializePlatformSupportModulesInManaged (2ms)
			SetLoadedEditorAssemblies (2ms)
			RefreshPlugins (0ms)
			BeforeProcessingInitializeOnLoad (28ms)
			ProcessInitializeOnLoadAttributes (159ms)
			ProcessInitializeOnLoadMethodAttributes (23ms)
			AfterProcessingInitializeOnLoad (0ms)
			EditorAssembliesLoaded (0ms)
		ExecutionOrderSort2 (0ms)
		AwakeInstancesAfterBackupRestoration (8ms)
WARNING: Shader Unsupported: 'Universal Render Pipeline/VR/SpatialMapping/Wireframe' - All subshaders removed
WARNING: Shader Did you use #pragma only_renderers and omit this platform?
WARNING: Shader If subshaders removal was intentional, you may have forgotten turning Fallback off?
WARNING: Shader Unsupported: 'Universal Render Pipeline/VR/SpatialMapping/Wireframe' - All subshaders removed
WARNING: Shader Did you use #pragma only_renderers and omit this platform?
WARNING: Shader If subshaders removal was intentional, you may have forgotten turning Fallback off?
WARNING: Shader Unsupported: 'Hidden/Builtin_TerrainVisualization' - All subshaders removed
WARNING: Shader Did you use #pragma only_renderers and omit this platform?
WARNING: Shader If subshaders removal was intentional, you may have forgotten turning Fallback off?
WARNING: Shader Unsupported: 'Hidden/Builtin_TerrainVisualization' - All subshaders removed
WARNING: Shader Did you use #pragma only_renderers and omit this platform?
WARNING: Shader If subshaders removal was intentional, you may have forgotten turning Fallback off?
Refreshing native plugins compatible for Editor in 3.84 ms, found 5 plugins.
Preloading 0 native plugins for Editor in 0.00 ms.
Unloading 5611 Unused Serialized files (Serialized files now loaded: 0)
Unloading 49 unused Assets / (3.7 MB). Loaded Objects now: 6444.
Memory consumption went from 254.0 MB to 250.3 MB.
Total: 3.173000 ms (FindLiveObjects: 0.209500 ms CreateObjectMapping: 0.056042 ms MarkObjects: 2.335542 ms  DeleteObjects: 0.571000 ms)

Prepare: number of updated asset objects reloaded= 0
AssetImportParameters requested are different than current active one (requested -> active):
  custom:container-demuxer-ogg: 62fdf1f143b41e24485cea50d1cbac27 -> 
  custom:scripting/monoscript/fileName/CRTDataObject.cs: f1de7395209245cd93b30dd15005e602 -> 
  custom:scripting/monoscript/fileName/CRTCameraBehaviour.cs: 30ff3bb5a6d12bf7a3270d52e64fce8c -> 
  custom:video-decoder-ogg-theora: a1e56fd34408186e4bbccfd4996cb3dc -> 
  custom:scripting/monoscript/fileName/Quad_controller.cs: f7f54a4dcd6a885b0486938ad49f3362 -> 
  custom:CustomObjectIndexerAttribute: 3ead1caaecf1c488f20bcfeb224b6af5 -> 
  custom:container-demuxer-webm: 4f35f7cbe854078d1ac9338744f61a02 -> 
  custom:container-muxer-webm: aa71ff27fc2769a1b78a27578f13a17b -> 
  custom:video-decoder-webm-vp8: 9c59270c3fd7afecdb556c50c9e8de78 -> 
  custom:SearchIndexIgnoredProperties: e643bd26f0fe6173181afceb89e7c659 -> 
  custom:AudioImporter_EditorPlatform: 3918e3fc78b5a79bad01e8451be0beb8 -> 
  custom:scripting/monoscript/fileName/CRTRenderSettingsObject.cs: 24bb0e83561f29e599898e7a5864aecc -> 
  custom:framework-osx-AVFoundation: e770b220cccbd017edd2c1fefb359320 -> 
  custom:scripting/monoscript/fileName/RandomQuadFade.cs: f7f54a4dcd6a885b0486938ad49f3362 -> 
  custom:video-encoder-webm-vp8: eb34c28f22e8b96e1ab97ce403110664 -> 
  custom:scripting/monoscript/fileName/CRTDemoBehaviour.cs: 20f57549ec3eef6393f5bf74787367c9 -> 
  custom:audio-decoder-ogg-vorbis: bf7c407c2cedff20999df2af8eb42d56 -> 
  custom:audio-encoder-webm-vorbis: bf7c407c2cedff20999df2af8eb42d56 -> 
  custom:scripting/precompiled-assembly-types:Assembly-CSharp: 1d916cefdbaeabe5f1b6bb49c9306982 -> 1395350fe2edf283cd03c3e3e2a79830
========================================================================
Received Prepare
Caller must complete domain reload
Begin MonoManager ReloadAssembly
Thread 0x16eec7000 may have been prematurely finalized
- Loaded All Assemblies, in  0.160 seconds
Native extension for OSXStandalone target not found
Mono: successfully reloaded assembly
- Finished resetting the current domain, in  0.427 seconds
Domain Reload Profiling: 586ms
	BeginReloadAssembly (52ms)
		ExecutionOrderSort (0ms)
		DisableScriptedObjects (2ms)
		BackupInstance (0ms)
		ReleaseScriptingObjects (0ms)
		CreateAndSetChildDomain (11ms)
	RebuildCommonClasses (13ms)
	RebuildNativeTypeToScriptingClass (5ms)
	initialDomainReloadingComplete (8ms)
	LoadAllAssembliesAndSetupDomain (81ms)
		LoadAssemblies (92ms)
		RebuildTransferFunctionScriptingTraits (0ms)
		AnalyzeDomain (10ms)
			TypeCache.Refresh (4ms)
				TypeCache.ScanAssembly (0ms)
			ScanForSourceGeneratedMonoScriptInfo (0ms)
			ResolveRequiredComponents (6ms)
	FinalizeReload (427ms)
		ReleaseScriptCaches (0ms)
		RebuildScriptCaches (0ms)
		SetupLoadedEditorAssemblies (221ms)
			LogAssemblyErrors (0ms)
			InitializePlatformSupportModulesInManaged (2ms)
			SetLoadedEditorAssemblies (2ms)
			RefreshPlugins (0ms)
			BeforeProcessingInitializeOnLoad (31ms)
			ProcessInitializeOnLoadAttributes (161ms)
			ProcessInitializeOnLoadMethodAttributes (24ms)
			AfterProcessingInitializeOnLoad (1ms)
			EditorAssembliesLoaded (0ms)
		ExecutionOrderSort2 (0ms)
		AwakeInstancesAfterBackupRestoration (6ms)
WARNING: Shader Unsupported: 'Universal Render Pipeline/VR/SpatialMapping/Wireframe' - All subshaders removed
WARNING: Shader Did you use #pragma only_renderers and omit this platform?
WARNING: Shader If subshaders removal was intentional, you may have forgotten turning Fallback off?
WARNING: Shader Unsupported: 'Universal Render Pipeline/VR/SpatialMapping/Wireframe' - All subshaders removed
WARNING: Shader Did you use #pragma only_renderers and omit this platform?
WARNING: Shader If subshaders removal was intentional, you may have forgotten turning Fallback off?
WARNING: Shader Unsupported: 'Hidden/Builtin_TerrainVisualization' - All subshaders removed
WARNING: Shader Did you use #pragma only_renderers and omit this platform?
WARNING: Shader If subshaders removal was intentional, you may have forgotten turning Fallback off?
WARNING: Shader Unsupported: 'Hidden/Builtin_TerrainVisualization' - All subshaders removed
WARNING: Shader Did you use #pragma only_renderers and omit this platform?
WARNING: Shader If subshaders removal was intentional, you may have forgotten turning Fallback off?
Refreshing native plugins compatible for Editor in 3.33 ms, found 5 plugins.
Preloading 0 native plugins for Editor in 0.00 ms.
Unloading 5611 Unused Serialized files (Serialized files now loaded: 0)
Unloading 49 unused Assets / (3.7 MB). Loaded Objects now: 6463.
Memory consumption went from 256.8 MB to 253.1 MB.
Total: 3.056709 ms (FindLiveObjects: 0.232625 ms CreateObjectMapping: 0.084167 ms MarkObjects: 2.234166 ms  DeleteObjects: 0.505292 ms)

Prepare: number of updated asset objects reloaded= 0
AssetImportParameters requested are different than current active one (requested -> active):
  custom:container-demuxer-ogg: 62fdf1f143b41e24485cea50d1cbac27 -> 
  custom:scripting/monoscript/fileName/CRTDataObject.cs: f1de7395209245cd93b30dd15005e602 -> 
  custom:scripting/monoscript/fileName/CRTCameraBehaviour.cs: 30ff3bb5a6d12bf7a3270d52e64fce8c -> 
  custom:video-decoder-ogg-theora: a1e56fd34408186e4bbccfd4996cb3dc -> 
  custom:scripting/monoscript/fileName/Quad_controller.cs: f7f54a4dcd6a885b0486938ad49f3362 -> 
  custom:CustomObjectIndexerAttribute: 3ead1caaecf1c488f20bcfeb224b6af5 -> 
  custom:container-demuxer-webm: 4f35f7cbe854078d1ac9338744f61a02 -> 
  custom:container-muxer-webm: aa71ff27fc2769a1b78a27578f13a17b -> 
  custom:video-decoder-webm-vp8: 9c59270c3fd7afecdb556c50c9e8de78 -> 
  custom:SearchIndexIgnoredProperties: e643bd26f0fe6173181afceb89e7c659 -> 
  custom:AudioImporter_EditorPlatform: 3918e3fc78b5a79bad01e8451be0beb8 -> 
  custom:scripting/monoscript/fileName/CRTRenderSettingsObject.cs: 24bb0e83561f29e599898e7a5864aecc -> 
  custom:framework-osx-AVFoundation: e770b220cccbd017edd2c1fefb359320 -> 
  custom:scripting/monoscript/fileName/RandomQuadFade.cs: f7f54a4dcd6a885b0486938ad49f3362 -> 
  custom:video-encoder-webm-vp8: eb34c28f22e8b96e1ab97ce403110664 -> 
  custom:scripting/monoscript/fileName/CRTDemoBehaviour.cs: 20f57549ec3eef6393f5bf74787367c9 -> 
  custom:audio-decoder-ogg-vorbis: bf7c407c2cedff20999df2af8eb42d56 -> 
  custom:audio-encoder-webm-vorbis: bf7c407c2cedff20999df2af8eb42d56 -> 
  custom:scripting/precompiled-assembly-types:Assembly-CSharp: 1d916cefdbaeabe5f1b6bb49c9306982 -> 1395350fe2edf283cd03c3e3e2a79830
========================================================================
Received Prepare
Caller must complete domain reload
Begin MonoManager ReloadAssembly
Thread 0x16eec7000 may have been prematurely finalized
- Loaded All Assemblies, in  0.170 seconds
Native extension for OSXStandalone target not found
Mono: successfully reloaded assembly
- Finished resetting the current domain, in  0.409 seconds
Domain Reload Profiling: 579ms
	BeginReloadAssembly (55ms)
		ExecutionOrderSort (0ms)
		DisableScriptedObjects (2ms)
		BackupInstance (0ms)
		ReleaseScriptingObjects (0ms)
		CreateAndSetChildDomain (13ms)
	RebuildCommonClasses (14ms)
	RebuildNativeTypeToScriptingClass (5ms)
	initialDomainReloadingComplete (9ms)
	LoadAllAssembliesAndSetupDomain (86ms)
		LoadAssemblies (99ms)
		RebuildTransferFunctionScriptingTraits (0ms)
		AnalyzeDomain (10ms)
			TypeCache.Refresh (4ms)
				TypeCache.ScanAssembly (0ms)
			ScanForSourceGeneratedMonoScriptInfo (0ms)
			ResolveRequiredComponents (6ms)
	FinalizeReload (409ms)
		ReleaseScriptCaches (0ms)
		RebuildScriptCaches (0ms)
		SetupLoadedEditorAssemblies (221ms)
			LogAssemblyErrors (0ms)
			InitializePlatformSupportModulesInManaged (2ms)
			SetLoadedEditorAssemblies (2ms)
			RefreshPlugins (0ms)
			BeforeProcessingInitializeOnLoad (29ms)
			ProcessInitializeOnLoadAttributes (163ms)
			ProcessInitializeOnLoadMethodAttributes (24ms)
			AfterProcessingInitializeOnLoad (1ms)
			EditorAssembliesLoaded (0ms)
		ExecutionOrderSort2 (0ms)
		AwakeInstancesAfterBackupRestoration (7ms)
WARNING: Shader Unsupported: 'Universal Render Pipeline/VR/SpatialMapping/Wireframe' - All subshaders removed
WARNING: Shader Did you use #pragma only_renderers and omit this platform?
WARNING: Shader If subshaders removal was intentional, you may have forgotten turning Fallback off?
WARNING: Shader Unsupported: 'Universal Render Pipeline/VR/SpatialMapping/Wireframe' - All subshaders removed
WARNING: Shader Did you use #pragma only_renderers and omit this platform?
WARNING: Shader If subshaders removal was intentional, you may have forgotten turning Fallback off?
WARNING: Shader Unsupported: 'Hidden/Builtin_TerrainVisualization' - All subshaders removed
WARNING: Shader Did you use #pragma only_renderers and omit this platform?
WARNING: Shader If subshaders removal was intentional, you may have forgotten turning Fallback off?
WARNING: Shader Unsupported: 'Hidden/Builtin_TerrainVisualization' - All subshaders removed
WARNING: Shader Did you use #pragma only_renderers and omit this platform?
WARNING: Shader If subshaders removal was intentional, you may have forgotten turning Fallback off?
Refreshing native plugins compatible for Editor in 3.13 ms, found 5 plugins.
Preloading 0 native plugins for Editor in 0.00 ms.
Unloading 5611 Unused Serialized files (Serialized files now loaded: 0)
Unloading 49 unused Assets / (3.7 MB). Loaded Objects now: 6482.
Memory consumption went from 259.7 MB to 256.0 MB.
Total: 3.054167 ms (FindLiveObjects: 0.180333 ms CreateObjectMapping: 0.060834 ms MarkObjects: 2.167750 ms  DeleteObjects: 0.644875 ms)

Prepare: number of updated asset objects reloaded= 0
AssetImportParameters requested are different than current active one (requested -> active):
  custom:container-demuxer-ogg: 62fdf1f143b41e24485cea50d1cbac27 -> 
  custom:scripting/monoscript/fileName/CRTDataObject.cs: f1de7395209245cd93b30dd15005e602 -> 
  custom:scripting/monoscript/fileName/CRTCameraBehaviour.cs: 30ff3bb5a6d12bf7a3270d52e64fce8c -> 
  custom:video-decoder-ogg-theora: a1e56fd34408186e4bbccfd4996cb3dc -> 
  custom:scripting/monoscript/fileName/Quad_controller.cs: f7f54a4dcd6a885b0486938ad49f3362 -> 
  custom:CustomObjectIndexerAttribute: 3ead1caaecf1c488f20bcfeb224b6af5 -> 
  custom:container-demuxer-webm: 4f35f7cbe854078d1ac9338744f61a02 -> 
  custom:container-muxer-webm: aa71ff27fc2769a1b78a27578f13a17b -> 
  custom:video-decoder-webm-vp8: 9c59270c3fd7afecdb556c50c9e8de78 -> 
  custom:SearchIndexIgnoredProperties: e643bd26f0fe6173181afceb89e7c659 -> 
  custom:AudioImporter_EditorPlatform: 3918e3fc78b5a79bad01e8451be0beb8 -> 
  custom:scripting/monoscript/fileName/CRTRenderSettingsObject.cs: 24bb0e83561f29e599898e7a5864aecc -> 
  custom:framework-osx-AVFoundation: e770b220cccbd017edd2c1fefb359320 -> 
  custom:scripting/monoscript/fileName/RandomQuadFade.cs: f7f54a4dcd6a885b0486938ad49f3362 -> 
  custom:video-encoder-webm-vp8: eb34c28f22e8b96e1ab97ce403110664 -> 
  custom:scripting/monoscript/fileName/CRTDemoBehaviour.cs: 20f57549ec3eef6393f5bf74787367c9 -> 
  custom:audio-decoder-ogg-vorbis: bf7c407c2cedff20999df2af8eb42d56 -> 
  custom:audio-encoder-webm-vorbis: bf7c407c2cedff20999df2af8eb42d56 -> 
  custom:scripting/precompiled-assembly-types:Assembly-CSharp: 1d916cefdbaeabe5f1b6bb49c9306982 -> 1395350fe2edf283cd03c3e3e2a79830
========================================================================
Received Prepare
Caller must complete domain reload
Begin MonoManager ReloadAssembly
Thread 0x16b687000 may have been prematurely finalized
- Loaded All Assemblies, in  0.166 seconds
Native extension for OSXStandalone target not found
Mono: successfully reloaded assembly
- Finished resetting the current domain, in  0.422 seconds
Domain Reload Profiling: 589ms
	BeginReloadAssembly (54ms)
		ExecutionOrderSort (0ms)
		DisableScriptedObjects (2ms)
		BackupInstance (0ms)
		ReleaseScriptingObjects (0ms)
		CreateAndSetChildDomain (11ms)
	RebuildCommonClasses (14ms)
	RebuildNativeTypeToScriptingClass (5ms)
	initialDomainReloadingComplete (8ms)
	LoadAllAssembliesAndSetupDomain (85ms)
		LoadAssemblies (97ms)
		RebuildTransferFunctionScriptingTraits (0ms)
		AnalyzeDomain (10ms)
			TypeCache.Refresh (4ms)
				TypeCache.ScanAssembly (0ms)
			ScanForSourceGeneratedMonoScriptInfo (0ms)
			ResolveRequiredComponents (6ms)
	FinalizeReload (422ms)
		ReleaseScriptCaches (0ms)
		RebuildScriptCaches (0ms)
		SetupLoadedEditorAssemblies (214ms)
			LogAssemblyErrors (0ms)
			InitializePlatformSupportModulesInManaged (2ms)
			SetLoadedEditorAssemblies (2ms)
			RefreshPlugins (0ms)
			BeforeProcessingInitializeOnLoad (28ms)
			ProcessInitializeOnLoadAttributes (158ms)
			ProcessInitializeOnLoadMethodAttributes (24ms)
			AfterProcessingInitializeOnLoad (1ms)
			EditorAssembliesLoaded (0ms)
		ExecutionOrderSort2 (0ms)
		AwakeInstancesAfterBackupRestoration (7ms)
WARNING: Shader Unsupported: 'Universal Render Pipeline/VR/SpatialMapping/Wireframe' - All subshaders removed
WARNING: Shader Did you use #pragma only_renderers and omit this platform?
WARNING: Shader If subshaders removal was intentional, you may have forgotten turning Fallback off?
WARNING: Shader Unsupported: 'Universal Render Pipeline/VR/SpatialMapping/Wireframe' - All subshaders removed
WARNING: Shader Did you use #pragma only_renderers and omit this platform?
WARNING: Shader If subshaders removal was intentional, you may have forgotten turning Fallback off?
WARNING: Shader Unsupported: 'Hidden/Builtin_TerrainVisualization' - All subshaders removed
WARNING: Shader Did you use #pragma only_renderers and omit this platform?
WARNING: Shader If subshaders removal was intentional, you may have forgotten turning Fallback off?
WARNING: Shader Unsupported: 'Hidden/Builtin_TerrainVisualization' - All subshaders removed
WARNING: Shader Did you use #pragma only_renderers and omit this platform?
WARNING: Shader If subshaders removal was intentional, you may have forgotten turning Fallback off?
Refreshing native plugins compatible for Editor in 3.09 ms, found 5 plugins.
Preloading 0 native plugins for Editor in 0.00 ms.
Unloading 5611 Unused Serialized files (Serialized files now loaded: 0)
Unloading 49 unused Assets / (3.7 MB). Loaded Objects now: 6501.
Memory consumption went from 262.6 MB to 258.9 MB.
Total: 3.069125 ms (FindLiveObjects: 0.277000 ms CreateObjectMapping: 0.056292 ms MarkObjects: 2.213625 ms  DeleteObjects: 0.521750 ms)

Prepare: number of updated asset objects reloaded= 0
AssetImportParameters requested are different than current active one (requested -> active):
  custom:container-demuxer-ogg: 62fdf1f143b41e24485cea50d1cbac27 -> 
  custom:scripting/monoscript/fileName/CRTDataObject.cs: f1de7395209245cd93b30dd15005e602 -> 
  custom:scripting/monoscript/fileName/CRTCameraBehaviour.cs: 30ff3bb5a6d12bf7a3270d52e64fce8c -> 
  custom:video-decoder-ogg-theora: a1e56fd34408186e4bbccfd4996cb3dc -> 
  custom:scripting/monoscript/fileName/Quad_controller.cs: f7f54a4dcd6a885b0486938ad49f3362 -> 
  custom:CustomObjectIndexerAttribute: 3ead1caaecf1c488f20bcfeb224b6af5 -> 
  custom:container-demuxer-webm: 4f35f7cbe854078d1ac9338744f61a02 -> 
  custom:container-muxer-webm: aa71ff27fc2769a1b78a27578f13a17b -> 
  custom:video-decoder-webm-vp8: 9c59270c3fd7afecdb556c50c9e8de78 -> 
  custom:SearchIndexIgnoredProperties: e643bd26f0fe6173181afceb89e7c659 -> 
  custom:AudioImporter_EditorPlatform: 3918e3fc78b5a79bad01e8451be0beb8 -> 
  custom:scripting/monoscript/fileName/CRTRenderSettingsObject.cs: 24bb0e83561f29e599898e7a5864aecc -> 
  custom:framework-osx-AVFoundation: e770b220cccbd017edd2c1fefb359320 -> 
  custom:scripting/monoscript/fileName/RandomQuadFade.cs: f7f54a4dcd6a885b0486938ad49f3362 -> 
  custom:video-encoder-webm-vp8: eb34c28f22e8b96e1ab97ce403110664 -> 
  custom:scripting/monoscript/fileName/CRTDemoBehaviour.cs: 20f57549ec3eef6393f5bf74787367c9 -> 
  custom:audio-decoder-ogg-vorbis: bf7c407c2cedff20999df2af8eb42d56 -> 
  custom:audio-encoder-webm-vorbis: bf7c407c2cedff20999df2af8eb42d56 -> 
  custom:scripting/precompiled-assembly-types:Assembly-CSharp: 1d916cefdbaeabe5f1b6bb49c9306982 -> 1395350fe2edf283cd03c3e3e2a79830
========================================================================
Received Prepare
Caller must complete domain reload
Begin MonoManager ReloadAssembly
Thread 0x16b687000 may have been prematurely finalized
- Loaded All Assemblies, in  0.167 seconds
Native extension for OSXStandalone target not found
Mono: successfully reloaded assembly
- Finished resetting the current domain, in  0.403 seconds
Domain Reload Profiling: 570ms
	BeginReloadAssembly (54ms)
		ExecutionOrderSort (0ms)
		DisableScriptedObjects (2ms)
		BackupInstance (0ms)
		ReleaseScriptingObjects (0ms)
		CreateAndSetChildDomain (12ms)
	RebuildCommonClasses (14ms)
	RebuildNativeTypeToScriptingClass (5ms)
	initialDomainReloadingComplete (9ms)
	LoadAllAssembliesAndSetupDomain (85ms)
		LoadAssemblies (97ms)
		RebuildTransferFunctionScriptingTraits (0ms)
		AnalyzeDomain (10ms)
			TypeCache.Refresh (4ms)
				TypeCache.ScanAssembly (0ms)
			ScanForSourceGeneratedMonoScriptInfo (0ms)
			ResolveRequiredComponents (6ms)
	FinalizeReload (403ms)
		ReleaseScriptCaches (0ms)
		RebuildScriptCaches (0ms)
		SetupLoadedEditorAssemblies (219ms)
			LogAssemblyErrors (0ms)
			InitializePlatformSupportModulesInManaged (2ms)
			SetLoadedEditorAssemblies (1ms)
			RefreshPlugins (0ms)
			BeforeProcessingInitializeOnLoad (28ms)
			ProcessInitializeOnLoadAttributes (163ms)
			ProcessInitializeOnLoadMethodAttributes (24ms)
			AfterProcessingInitializeOnLoad (0ms)
			EditorAssembliesLoaded (0ms)
		ExecutionOrderSort2 (0ms)
		AwakeInstancesAfterBackupRestoration (7ms)
WARNING: Shader Unsupported: 'Universal Render Pipeline/VR/SpatialMapping/Wireframe' - All subshaders removed
WARNING: Shader Did you use #pragma only_renderers and omit this platform?
WARNING: Shader If subshaders removal was intentional, you may have forgotten turning Fallback off?
WARNING: Shader Unsupported: 'Universal Render Pipeline/VR/SpatialMapping/Wireframe' - All subshaders removed
WARNING: Shader Did you use #pragma only_renderers and omit this platform?
WARNING: Shader If subshaders removal was intentional, you may have forgotten turning Fallback off?
WARNING: Shader Unsupported: 'Hidden/Builtin_TerrainVisualization' - All subshaders removed
WARNING: Shader Did you use #pragma only_renderers and omit this platform?
WARNING: Shader If subshaders removal was intentional, you may have forgotten turning Fallback off?
WARNING: Shader Unsupported: 'Hidden/Builtin_TerrainVisualization' - All subshaders removed
WARNING: Shader Did you use #pragma only_renderers and omit this platform?
WARNING: Shader If subshaders removal was intentional, you may have forgotten turning Fallback off?
Refreshing native plugins compatible for Editor in 3.27 ms, found 5 plugins.
Preloading 0 native plugins for Editor in 0.00 ms.
Unloading 5611 Unused Serialized files (Serialized files now loaded: 0)
Unloading 49 unused Assets / (3.7 MB). Loaded Objects now: 6520.
Memory consumption went from 265.4 MB to 261.7 MB.
Total: 3.088333 ms (FindLiveObjects: 0.253375 ms CreateObjectMapping: 0.054583 ms MarkObjects: 2.257209 ms  DeleteObjects: 0.522041 ms)

Prepare: number of updated asset objects reloaded= 0
AssetImportParameters requested are different than current active one (requested -> active):
  custom:container-demuxer-ogg: 62fdf1f143b41e24485cea50d1cbac27 -> 
  custom:scripting/monoscript/fileName/CRTDataObject.cs: f1de7395209245cd93b30dd15005e602 -> 
  custom:scripting/monoscript/fileName/CRTCameraBehaviour.cs: 30ff3bb5a6d12bf7a3270d52e64fce8c -> 
  custom:video-decoder-ogg-theora: a1e56fd34408186e4bbccfd4996cb3dc -> 
  custom:scripting/monoscript/fileName/Quad_controller.cs: f7f54a4dcd6a885b0486938ad49f3362 -> 
  custom:CustomObjectIndexerAttribute: 3ead1caaecf1c488f20bcfeb224b6af5 -> 
  custom:container-demuxer-webm: 4f35f7cbe854078d1ac9338744f61a02 -> 
  custom:container-muxer-webm: aa71ff27fc2769a1b78a27578f13a17b -> 
  custom:video-decoder-webm-vp8: 9c59270c3fd7afecdb556c50c9e8de78 -> 
  custom:SearchIndexIgnoredProperties: e643bd26f0fe6173181afceb89e7c659 -> 
  custom:AudioImporter_EditorPlatform: 3918e3fc78b5a79bad01e8451be0beb8 -> 
  custom:scripting/monoscript/fileName/CRTRenderSettingsObject.cs: 24bb0e83561f29e599898e7a5864aecc -> 
  custom:framework-osx-AVFoundation: e770b220cccbd017edd2c1fefb359320 -> 
  custom:scripting/monoscript/fileName/RandomQuadFade.cs: f7f54a4dcd6a885b0486938ad49f3362 -> 
  custom:video-encoder-webm-vp8: eb34c28f22e8b96e1ab97ce403110664 -> 
  custom:scripting/monoscript/fileName/CRTDemoBehaviour.cs: 20f57549ec3eef6393f5bf74787367c9 -> 
  custom:audio-decoder-ogg-vorbis: bf7c407c2cedff20999df2af8eb42d56 -> 
  custom:audio-encoder-webm-vorbis: bf7c407c2cedff20999df2af8eb42d56 -> 
  custom:scripting/precompiled-assembly-types:Assembly-CSharp: 1d916cefdbaeabe5f1b6bb49c9306982 -> 1395350fe2edf283cd03c3e3e2a79830
========================================================================
Received Prepare
Caller must complete domain reload
Begin MonoManager ReloadAssembly
Thread 0x16b687000 may have been prematurely finalized
- Loaded All Assemblies, in  0.167 seconds
Native extension for OSXStandalone target not found
Mono: successfully reloaded assembly
- Finished resetting the current domain, in  0.423 seconds
Domain Reload Profiling: 590ms
	BeginReloadAssembly (54ms)
		ExecutionOrderSort (0ms)
		DisableScriptedObjects (2ms)
		BackupInstance (0ms)
		ReleaseScriptingObjects (0ms)
		CreateAndSetChildDomain (12ms)
	RebuildCommonClasses (14ms)
	RebuildNativeTypeToScriptingClass (5ms)
	initialDomainReloadingComplete (9ms)
	LoadAllAssembliesAndSetupDomain (85ms)
		LoadAssemblies (97ms)
		RebuildTransferFunctionScriptingTraits (0ms)
		AnalyzeDomain (11ms)
			TypeCache.Refresh (4ms)
				TypeCache.ScanAssembly (0ms)
			ScanForSourceGeneratedMonoScriptInfo (0ms)
			ResolveRequiredComponents (6ms)
	FinalizeReload (423ms)
		ReleaseScriptCaches (0ms)
		RebuildScriptCaches (0ms)
		SetupLoadedEditorAssemblies (215ms)
			LogAssemblyErrors (0ms)
			InitializePlatformSupportModulesInManaged (2ms)
			SetLoadedEditorAssemblies (2ms)
			RefreshPlugins (0ms)
			BeforeProcessingInitializeOnLoad (28ms)
			ProcessInitializeOnLoadAttributes (159ms)
			ProcessInitializeOnLoadMethodAttributes (24ms)
			AfterProcessingInitializeOnLoad (0ms)
			EditorAssembliesLoaded (0ms)
		ExecutionOrderSort2 (0ms)
		AwakeInstancesAfterBackupRestoration (7ms)
WARNING: Shader Unsupported: 'Universal Render Pipeline/VR/SpatialMapping/Wireframe' - All subshaders removed
WARNING: Shader Did you use #pragma only_renderers and omit this platform?
WARNING: Shader If subshaders removal was intentional, you may have forgotten turning Fallback off?
WARNING: Shader Unsupported: 'Universal Render Pipeline/VR/SpatialMapping/Wireframe' - All subshaders removed
WARNING: Shader Did you use #pragma only_renderers and omit this platform?
WARNING: Shader If subshaders removal was intentional, you may have forgotten turning Fallback off?
WARNING: Shader Unsupported: 'Hidden/Builtin_TerrainVisualization' - All subshaders removed
WARNING: Shader Did you use #pragma only_renderers and omit this platform?
WARNING: Shader If subshaders removal was intentional, you may have forgotten turning Fallback off?
WARNING: Shader Unsupported: 'Hidden/Builtin_TerrainVisualization' - All subshaders removed
WARNING: Shader Did you use #pragma only_renderers and omit this platform?
WARNING: Shader If subshaders removal was intentional, you may have forgotten turning Fallback off?
Refreshing native plugins compatible for Editor in 3.18 ms, found 5 plugins.
Preloading 0 native plugins for Editor in 0.00 ms.
Unloading 5611 Unused Serialized files (Serialized files now loaded: 0)
Unloading 49 unused Assets / (3.7 MB). Loaded Objects now: 6539.
Memory consumption went from 268.3 MB to 264.6 MB.
Total: 3.242917 ms (FindLiveObjects: 0.270584 ms CreateObjectMapping: 0.059584 ms MarkObjects: 2.332625 ms  DeleteObjects: 0.579542 ms)

Prepare: number of updated asset objects reloaded= 0
AssetImportParameters requested are different than current active one (requested -> active):
  custom:container-demuxer-ogg: 62fdf1f143b41e24485cea50d1cbac27 -> 
  custom:scripting/monoscript/fileName/CRTDataObject.cs: f1de7395209245cd93b30dd15005e602 -> 
  custom:scripting/monoscript/fileName/CRTCameraBehaviour.cs: 30ff3bb5a6d12bf7a3270d52e64fce8c -> 
  custom:video-decoder-ogg-theora: a1e56fd34408186e4bbccfd4996cb3dc -> 
  custom:scripting/monoscript/fileName/Quad_controller.cs: f7f54a4dcd6a885b0486938ad49f3362 -> 
  custom:CustomObjectIndexerAttribute: 3ead1caaecf1c488f20bcfeb224b6af5 -> 
  custom:container-demuxer-webm: 4f35f7cbe854078d1ac9338744f61a02 -> 
  custom:container-muxer-webm: aa71ff27fc2769a1b78a27578f13a17b -> 
  custom:video-decoder-webm-vp8: 9c59270c3fd7afecdb556c50c9e8de78 -> 
  custom:SearchIndexIgnoredProperties: e643bd26f0fe6173181afceb89e7c659 -> 
  custom:AudioImporter_EditorPlatform: 3918e3fc78b5a79bad01e8451be0beb8 -> 
  custom:scripting/monoscript/fileName/CRTRenderSettingsObject.cs: 24bb0e83561f29e599898e7a5864aecc -> 
  custom:framework-osx-AVFoundation: e770b220cccbd017edd2c1fefb359320 -> 
  custom:scripting/monoscript/fileName/RandomQuadFade.cs: f7f54a4dcd6a885b0486938ad49f3362 -> 
  custom:video-encoder-webm-vp8: eb34c28f22e8b96e1ab97ce403110664 -> 
  custom:scripting/monoscript/fileName/CRTDemoBehaviour.cs: 20f57549ec3eef6393f5bf74787367c9 -> 
  custom:audio-decoder-ogg-vorbis: bf7c407c2cedff20999df2af8eb42d56 -> 
  custom:audio-encoder-webm-vorbis: bf7c407c2cedff20999df2af8eb42d56 -> 
  custom:scripting/precompiled-assembly-types:Assembly-CSharp: 1d916cefdbaeabe5f1b6bb49c9306982 -> 1395350fe2edf283cd03c3e3e2a79830
========================================================================
Received Prepare
Caller must complete domain reload
Begin MonoManager ReloadAssembly
Thread 0x16b687000 may have been prematurely finalized
- Loaded All Assemblies, in  0.167 seconds
Native extension for OSXStandalone target not found
Mono: successfully reloaded assembly
- Finished resetting the current domain, in  0.404 seconds
Domain Reload Profiling: 571ms
	BeginReloadAssembly (55ms)
		ExecutionOrderSort (0ms)
		DisableScriptedObjects (2ms)
		BackupInstance (0ms)
		ReleaseScriptingObjects (0ms)
		CreateAndSetChildDomain (12ms)
	RebuildCommonClasses (14ms)
	RebuildNativeTypeToScriptingClass (5ms)
	initialDomainReloadingComplete (9ms)
	LoadAllAssembliesAndSetupDomain (84ms)
		LoadAssemblies (96ms)
		RebuildTransferFunctionScriptingTraits (0ms)
		AnalyzeDomain (10ms)
			TypeCache.Refresh (3ms)
				TypeCache.ScanAssembly (0ms)
			ScanForSourceGeneratedMonoScriptInfo (0ms)
			ResolveRequiredComponents (6ms)
	FinalizeReload (404ms)
		ReleaseScriptCaches (0ms)
		RebuildScriptCaches (0ms)
		SetupLoadedEditorAssemblies (221ms)
			LogAssemblyErrors (0ms)
			InitializePlatformSupportModulesInManaged (2ms)
			SetLoadedEditorAssemblies (2ms)
			RefreshPlugins (0ms)
			BeforeProcessingInitializeOnLoad (28ms)
			ProcessInitializeOnLoadAttributes (163ms)
			ProcessInitializeOnLoadMethodAttributes (26ms)
			AfterProcessingInitializeOnLoad (1ms)
			EditorAssembliesLoaded (0ms)
		ExecutionOrderSort2 (0ms)
		AwakeInstancesAfterBackupRestoration (6ms)
WARNING: Shader Unsupported: 'Universal Render Pipeline/VR/SpatialMapping/Wireframe' - All subshaders removed
WARNING: Shader Did you use #pragma only_renderers and omit this platform?
WARNING: Shader If subshaders removal was intentional, you may have forgotten turning Fallback off?
WARNING: Shader Unsupported: 'Universal Render Pipeline/VR/SpatialMapping/Wireframe' - All subshaders removed
WARNING: Shader Did you use #pragma only_renderers and omit this platform?
WARNING: Shader If subshaders removal was intentional, you may have forgotten turning Fallback off?
WARNING: Shader Unsupported: 'Hidden/Builtin_TerrainVisualization' - All subshaders removed
WARNING: Shader Did you use #pragma only_renderers and omit this platform?
WARNING: Shader If subshaders removal was intentional, you may have forgotten turning Fallback off?
WARNING: Shader Unsupported: 'Hidden/Builtin_TerrainVisualization' - All subshaders removed
WARNING: Shader Did you use #pragma only_renderers and omit this platform?
WARNING: Shader If subshaders removal was intentional, you may have forgotten turning Fallback off?
Refreshing native plugins compatible for Editor in 3.21 ms, found 5 plugins.
Preloading 0 native plugins for Editor in 0.00 ms.
Unloading 5611 Unused Serialized files (Serialized files now loaded: 0)
Unloading 49 unused Assets / (3.7 MB). Loaded Objects now: 6558.
Memory consumption went from 271.1 MB to 267.4 MB.
Total: 3.166084 ms (FindLiveObjects: 0.204708 ms CreateObjectMapping: 0.050750 ms MarkObjects: 2.277959 ms  DeleteObjects: 0.632458 ms)

Prepare: number of updated asset objects reloaded= 0
AssetImportParameters requested are different than current active one (requested -> active):
  custom:container-demuxer-ogg: 62fdf1f143b41e24485cea50d1cbac27 -> 
  custom:scripting/monoscript/fileName/CRTDataObject.cs: f1de7395209245cd93b30dd15005e602 -> 
  custom:scripting/monoscript/fileName/CRTCameraBehaviour.cs: 30ff3bb5a6d12bf7a3270d52e64fce8c -> 
  custom:video-decoder-ogg-theora: a1e56fd34408186e4bbccfd4996cb3dc -> 
  custom:scripting/monoscript/fileName/Quad_controller.cs: f7f54a4dcd6a885b0486938ad49f3362 -> 
  custom:CustomObjectIndexerAttribute: 3ead1caaecf1c488f20bcfeb224b6af5 -> 
  custom:container-demuxer-webm: 4f35f7cbe854078d1ac9338744f61a02 -> 
  custom:container-muxer-webm: aa71ff27fc2769a1b78a27578f13a17b -> 
  custom:video-decoder-webm-vp8: 9c59270c3fd7afecdb556c50c9e8de78 -> 
  custom:SearchIndexIgnoredProperties: e643bd26f0fe6173181afceb89e7c659 -> 
  custom:AudioImporter_EditorPlatform: 3918e3fc78b5a79bad01e8451be0beb8 -> 
  custom:scripting/monoscript/fileName/CRTRenderSettingsObject.cs: 24bb0e83561f29e599898e7a5864aecc -> 
  custom:framework-osx-AVFoundation: e770b220cccbd017edd2c1fefb359320 -> 
  custom:scripting/monoscript/fileName/RandomQuadFade.cs: f7f54a4dcd6a885b0486938ad49f3362 -> 
  custom:video-encoder-webm-vp8: eb34c28f22e8b96e1ab97ce403110664 -> 
  custom:scripting/monoscript/fileName/CRTDemoBehaviour.cs: 20f57549ec3eef6393f5bf74787367c9 -> 
  custom:audio-decoder-ogg-vorbis: bf7c407c2cedff20999df2af8eb42d56 -> 
  custom:audio-encoder-webm-vorbis: bf7c407c2cedff20999df2af8eb42d56 -> 
  custom:scripting/precompiled-assembly-types:Assembly-CSharp: 1d916cefdbaeabe5f1b6bb49c9306982 -> 1395350fe2edf283cd03c3e3e2a79830
========================================================================
Received Prepare
Caller must complete domain reload
Begin MonoManager ReloadAssembly
Thread 0x16b687000 may have been prematurely finalized
- Loaded All Assemblies, in  0.167 seconds
Native extension for OSXStandalone target not found
Mono: successfully reloaded assembly
- Finished resetting the current domain, in  0.424 seconds
Domain Reload Profiling: 592ms
	BeginReloadAssembly (55ms)
		ExecutionOrderSort (0ms)
		DisableScriptedObjects (2ms)
		BackupInstance (0ms)
		ReleaseScriptingObjects (0ms)
		CreateAndSetChildDomain (12ms)
	RebuildCommonClasses (14ms)
	RebuildNativeTypeToScriptingClass (5ms)
	initialDomainReloadingComplete (9ms)
	LoadAllAssembliesAndSetupDomain (85ms)
		LoadAssemblies (97ms)
		RebuildTransferFunctionScriptingTraits (0ms)
		AnalyzeDomain (10ms)
			TypeCache.Refresh (4ms)
				TypeCache.ScanAssembly (0ms)
			ScanForSourceGeneratedMonoScriptInfo (0ms)
			ResolveRequiredComponents (6ms)
	FinalizeReload (424ms)
		ReleaseScriptCaches (0ms)
		RebuildScriptCaches (0ms)
		SetupLoadedEditorAssemblies (217ms)
			LogAssemblyErrors (0ms)
			InitializePlatformSupportModulesInManaged (2ms)
			SetLoadedEditorAssemblies (2ms)
			RefreshPlugins (0ms)
			BeforeProcessingInitializeOnLoad (28ms)
			ProcessInitializeOnLoadAttributes (161ms)
			ProcessInitializeOnLoadMethodAttributes (23ms)
			AfterProcessingInitializeOnLoad (1ms)
			EditorAssembliesLoaded (0ms)
		ExecutionOrderSort2 (0ms)
		AwakeInstancesAfterBackupRestoration (8ms)
WARNING: Shader Unsupported: 'Universal Render Pipeline/VR/SpatialMapping/Wireframe' - All subshaders removed
WARNING: Shader Did you use #pragma only_renderers and omit this platform?
WARNING: Shader If subshaders removal was intentional, you may have forgotten turning Fallback off?
WARNING: Shader Unsupported: 'Universal Render Pipeline/VR/SpatialMapping/Wireframe' - All subshaders removed
WARNING: Shader Did you use #pragma only_renderers and omit this platform?
WARNING: Shader If subshaders removal was intentional, you may have forgotten turning Fallback off?
WARNING: Shader Unsupported: 'Hidden/Builtin_TerrainVisualization' - All subshaders removed
WARNING: Shader Did you use #pragma only_renderers and omit this platform?
WARNING: Shader If subshaders removal was intentional, you may have forgotten turning Fallback off?
WARNING: Shader Unsupported: 'Hidden/Builtin_TerrainVisualization' - All subshaders removed
WARNING: Shader Did you use #pragma only_renderers and omit this platform?
WARNING: Shader If subshaders removal was intentional, you may have forgotten turning Fallback off?
Refreshing native plugins compatible for Editor in 3.21 ms, found 5 plugins.
Preloading 0 native plugins for Editor in 0.00 ms.
Unloading 5611 Unused Serialized files (Serialized files now loaded: 0)
Unloading 49 unused Assets / (3.7 MB). Loaded Objects now: 6577.
Memory consumption went from 274.0 MB to 270.3 MB.
Total: 3.140250 ms (FindLiveObjects: 0.233250 ms CreateObjectMapping: 0.059625 ms MarkObjects: 2.302625 ms  DeleteObjects: 0.544000 ms)

Prepare: number of updated asset objects reloaded= 0
AssetImportParameters requested are different than current active one (requested -> active):
  custom:container-demuxer-ogg: 62fdf1f143b41e24485cea50d1cbac27 -> 
  custom:scripting/monoscript/fileName/CRTDataObject.cs: f1de7395209245cd93b30dd15005e602 -> 
  custom:scripting/monoscript/fileName/CRTCameraBehaviour.cs: 30ff3bb5a6d12bf7a3270d52e64fce8c -> 
  custom:video-decoder-ogg-theora: a1e56fd34408186e4bbccfd4996cb3dc -> 
  custom:scripting/monoscript/fileName/Quad_controller.cs: f7f54a4dcd6a885b0486938ad49f3362 -> 
  custom:CustomObjectIndexerAttribute: 3ead1caaecf1c488f20bcfeb224b6af5 -> 
  custom:container-demuxer-webm: 4f35f7cbe854078d1ac9338744f61a02 -> 
  custom:container-muxer-webm: aa71ff27fc2769a1b78a27578f13a17b -> 
  custom:video-decoder-webm-vp8: 9c59270c3fd7afecdb556c50c9e8de78 -> 
  custom:SearchIndexIgnoredProperties: e643bd26f0fe6173181afceb89e7c659 -> 
  custom:AudioImporter_EditorPlatform: 3918e3fc78b5a79bad01e8451be0beb8 -> 
  custom:scripting/monoscript/fileName/CRTRenderSettingsObject.cs: 24bb0e83561f29e599898e7a5864aecc -> 
  custom:framework-osx-AVFoundation: e770b220cccbd017edd2c1fefb359320 -> 
  custom:scripting/monoscript/fileName/RandomQuadFade.cs: f7f54a4dcd6a885b0486938ad49f3362 -> 
  custom:video-encoder-webm-vp8: eb34c28f22e8b96e1ab97ce403110664 -> 
  custom:scripting/monoscript/fileName/CRTDemoBehaviour.cs: 20f57549ec3eef6393f5bf74787367c9 -> 
  custom:audio-decoder-ogg-vorbis: bf7c407c2cedff20999df2af8eb42d56 -> 
  custom:audio-encoder-webm-vorbis: bf7c407c2cedff20999df2af8eb42d56 -> 
  custom:scripting/precompiled-assembly-types:Assembly-CSharp: 1d916cefdbaeabe5f1b6bb49c9306982 -> 1395350fe2edf283cd03c3e3e2a79830
========================================================================
Received Prepare
Caller must complete domain reload
Begin MonoManager ReloadAssembly
Thread 0x16b687000 may have been prematurely finalized
- Loaded All Assemblies, in  0.166 seconds
Native extension for OSXStandalone target not found
Mono: successfully reloaded assembly
- Finished resetting the current domain, in  0.420 seconds
Domain Reload Profiling: 586ms
	BeginReloadAssembly (54ms)
		ExecutionOrderSort (0ms)
		DisableScriptedObjects (2ms)
		BackupInstance (0ms)
		ReleaseScriptingObjects (0ms)
		CreateAndSetChildDomain (12ms)
	RebuildCommonClasses (14ms)
	RebuildNativeTypeToScriptingClass (5ms)
	initialDomainReloadingComplete (9ms)
	LoadAllAssembliesAndSetupDomain (84ms)
		LoadAssemblies (96ms)
		RebuildTransferFunctionScriptingTraits (0ms)
		AnalyzeDomain (10ms)
			TypeCache.Refresh (4ms)
				TypeCache.ScanAssembly (0ms)
			ScanForSourceGeneratedMonoScriptInfo (0ms)
			ResolveRequiredComponents (6ms)
	FinalizeReload (421ms)
		ReleaseScriptCaches (0ms)
		RebuildScriptCaches (0ms)
		SetupLoadedEditorAssemblies (215ms)
			LogAssemblyErrors (0ms)
			InitializePlatformSupportModulesInManaged (2ms)
			SetLoadedEditorAssemblies (2ms)
			RefreshPlugins (0ms)
			BeforeProcessingInitializeOnLoad (28ms)
			ProcessInitializeOnLoadAttributes (160ms)
			ProcessInitializeOnLoadMethodAttributes (23ms)
			AfterProcessingInitializeOnLoad (0ms)
			EditorAssembliesLoaded (0ms)
		ExecutionOrderSort2 (0ms)
		AwakeInstancesAfterBackupRestoration (7ms)
WARNING: Shader Unsupported: 'Universal Render Pipeline/VR/SpatialMapping/Wireframe' - All subshaders removed
WARNING: Shader Did you use #pragma only_renderers and omit this platform?
WARNING: Shader If subshaders removal was intentional, you may have forgotten turning Fallback off?
WARNING: Shader Unsupported: 'Universal Render Pipeline/VR/SpatialMapping/Wireframe' - All subshaders removed
WARNING: Shader Did you use #pragma only_renderers and omit this platform?
WARNING: Shader If subshaders removal was intentional, you may have forgotten turning Fallback off?
WARNING: Shader Unsupported: 'Hidden/Builtin_TerrainVisualization' - All subshaders removed
WARNING: Shader Did you use #pragma only_renderers and omit this platform?
WARNING: Shader If subshaders removal was intentional, you may have forgotten turning Fallback off?
WARNING: Shader Unsupported: 'Hidden/Builtin_TerrainVisualization' - All subshaders removed
WARNING: Shader Did you use #pragma only_renderers and omit this platform?
WARNING: Shader If subshaders removal was intentional, you may have forgotten turning Fallback off?
Refreshing native plugins compatible for Editor in 3.30 ms, found 5 plugins.
Preloading 0 native plugins for Editor in 0.00 ms.
Unloading 5611 Unused Serialized files (Serialized files now loaded: 0)
Unloading 49 unused Assets / (3.7 MB). Loaded Objects now: 6596.
Memory consumption went from 276.8 MB to 273.1 MB.
Total: 3.132958 ms (FindLiveObjects: 0.213291 ms CreateObjectMapping: 0.063333 ms MarkObjects: 2.232500 ms  DeleteObjects: 0.623417 ms)

Prepare: number of updated asset objects reloaded= 0
AssetImportParameters requested are different than current active one (requested -> active):
  custom:container-demuxer-ogg: 62fdf1f143b41e24485cea50d1cbac27 -> 
  custom:scripting/monoscript/fileName/CRTDataObject.cs: f1de7395209245cd93b30dd15005e602 -> 
  custom:scripting/monoscript/fileName/CRTCameraBehaviour.cs: 30ff3bb5a6d12bf7a3270d52e64fce8c -> 
  custom:video-decoder-ogg-theora: a1e56fd34408186e4bbccfd4996cb3dc -> 
  custom:scripting/monoscript/fileName/Quad_controller.cs: f7f54a4dcd6a885b0486938ad49f3362 -> 
  custom:CustomObjectIndexerAttribute: 3ead1caaecf1c488f20bcfeb224b6af5 -> 
  custom:container-demuxer-webm: 4f35f7cbe854078d1ac9338744f61a02 -> 
  custom:container-muxer-webm: aa71ff27fc2769a1b78a27578f13a17b -> 
  custom:video-decoder-webm-vp8: 9c59270c3fd7afecdb556c50c9e8de78 -> 
  custom:SearchIndexIgnoredProperties: e643bd26f0fe6173181afceb89e7c659 -> 
  custom:AudioImporter_EditorPlatform: 3918e3fc78b5a79bad01e8451be0beb8 -> 
  custom:scripting/monoscript/fileName/CRTRenderSettingsObject.cs: 24bb0e83561f29e599898e7a5864aecc -> 
  custom:framework-osx-AVFoundation: e770b220cccbd017edd2c1fefb359320 -> 
  custom:scripting/monoscript/fileName/RandomQuadFade.cs: f7f54a4dcd6a885b0486938ad49f3362 -> 
  custom:video-encoder-webm-vp8: eb34c28f22e8b96e1ab97ce403110664 -> 
  custom:scripting/monoscript/fileName/CRTDemoBehaviour.cs: 20f57549ec3eef6393f5bf74787367c9 -> 
  custom:audio-decoder-ogg-vorbis: bf7c407c2cedff20999df2af8eb42d56 -> 
  custom:audio-encoder-webm-vorbis: bf7c407c2cedff20999df2af8eb42d56 -> 
  custom:scripting/precompiled-assembly-types:Assembly-CSharp: 1d916cefdbaeabe5f1b6bb49c9306982 -> 1395350fe2edf283cd03c3e3e2a79830
========================================================================
Received Prepare
Caller must complete domain reload
Begin MonoManager ReloadAssembly
Thread 0x16b687000 may have been prematurely finalized
- Loaded All Assemblies, in  0.165 seconds
Native extension for OSXStandalone target not found
Mono: successfully reloaded assembly
- Finished resetting the current domain, in  0.432 seconds
Domain Reload Profiling: 598ms
	BeginReloadAssembly (55ms)
		ExecutionOrderSort (0ms)
		DisableScriptedObjects (2ms)
		BackupInstance (0ms)
		ReleaseScriptingObjects (0ms)
		CreateAndSetChildDomain (12ms)
	RebuildCommonClasses (14ms)
	RebuildNativeTypeToScriptingClass (5ms)
	initialDomainReloadingComplete (9ms)
	LoadAllAssembliesAndSetupDomain (83ms)
		LoadAssemblies (95ms)
		RebuildTransferFunctionScriptingTraits (0ms)
		AnalyzeDomain (11ms)
			TypeCache.Refresh (4ms)
				TypeCache.ScanAssembly (0ms)
			ScanForSourceGeneratedMonoScriptInfo (0ms)
			ResolveRequiredComponents (6ms)
	FinalizeReload (432ms)
		ReleaseScriptCaches (0ms)
		RebuildScriptCaches (0ms)
		SetupLoadedEditorAssemblies (219ms)
			LogAssemblyErrors (0ms)
			InitializePlatformSupportModulesInManaged (2ms)
			SetLoadedEditorAssemblies (2ms)
			RefreshPlugins (0ms)
			BeforeProcessingInitializeOnLoad (28ms)
			ProcessInitializeOnLoadAttributes (163ms)
			ProcessInitializeOnLoadMethodAttributes (24ms)
			AfterProcessingInitializeOnLoad (0ms)
			EditorAssembliesLoaded (0ms)
		ExecutionOrderSort2 (0ms)
		AwakeInstancesAfterBackupRestoration (7ms)
WARNING: Shader Unsupported: 'Universal Render Pipeline/VR/SpatialMapping/Wireframe' - All subshaders removed
WARNING: Shader Did you use #pragma only_renderers and omit this platform?
WARNING: Shader If subshaders removal was intentional, you may have forgotten turning Fallback off?
WARNING: Shader Unsupported: 'Universal Render Pipeline/VR/SpatialMapping/Wireframe' - All subshaders removed
WARNING: Shader Did you use #pragma only_renderers and omit this platform?
WARNING: Shader If subshaders removal was intentional, you may have forgotten turning Fallback off?
WARNING: Shader Unsupported: 'Hidden/Builtin_TerrainVisualization' - All subshaders removed
WARNING: Shader Did you use #pragma only_renderers and omit this platform?
WARNING: Shader If subshaders removal was intentional, you may have forgotten turning Fallback off?
WARNING: Shader Unsupported: 'Hidden/Builtin_TerrainVisualization' - All subshaders removed
WARNING: Shader Did you use #pragma only_renderers and omit this platform?
WARNING: Shader If subshaders removal was intentional, you may have forgotten turning Fallback off?
Refreshing native plugins compatible for Editor in 3.15 ms, found 5 plugins.
Preloading 0 native plugins for Editor in 0.00 ms.
Unloading 5611 Unused Serialized files (Serialized files now loaded: 0)
Unloading 49 unused Assets / (3.7 MB). Loaded Objects now: 6615.
Memory consumption went from 279.7 MB to 276.0 MB.
Total: 2.982709 ms (FindLiveObjects: 0.245834 ms CreateObjectMapping: 0.054625 ms MarkObjects: 2.061083 ms  DeleteObjects: 0.620625 ms)

Prepare: number of updated asset objects reloaded= 0
AssetImportParameters requested are different than current active one (requested -> active):
  custom:container-demuxer-ogg: 62fdf1f143b41e24485cea50d1cbac27 -> 
  custom:scripting/monoscript/fileName/CRTDataObject.cs: f1de7395209245cd93b30dd15005e602 -> 
  custom:scripting/monoscript/fileName/CRTCameraBehaviour.cs: 30ff3bb5a6d12bf7a3270d52e64fce8c -> 
  custom:video-decoder-ogg-theora: a1e56fd34408186e4bbccfd4996cb3dc -> 
  custom:scripting/monoscript/fileName/Quad_controller.cs: f7f54a4dcd6a885b0486938ad49f3362 -> 
  custom:CustomObjectIndexerAttribute: 3ead1caaecf1c488f20bcfeb224b6af5 -> 
  custom:container-demuxer-webm: 4f35f7cbe854078d1ac9338744f61a02 -> 
  custom:container-muxer-webm: aa71ff27fc2769a1b78a27578f13a17b -> 
  custom:video-decoder-webm-vp8: 9c59270c3fd7afecdb556c50c9e8de78 -> 
  custom:SearchIndexIgnoredProperties: e643bd26f0fe6173181afceb89e7c659 -> 
  custom:AudioImporter_EditorPlatform: 3918e3fc78b5a79bad01e8451be0beb8 -> 
  custom:scripting/monoscript/fileName/CRTRenderSettingsObject.cs: 24bb0e83561f29e599898e7a5864aecc -> 
  custom:framework-osx-AVFoundation: e770b220cccbd017edd2c1fefb359320 -> 
  custom:scripting/monoscript/fileName/RandomQuadFade.cs: f7f54a4dcd6a885b0486938ad49f3362 -> 
  custom:video-encoder-webm-vp8: eb34c28f22e8b96e1ab97ce403110664 -> 
  custom:scripting/monoscript/fileName/CRTDemoBehaviour.cs: 20f57549ec3eef6393f5bf74787367c9 -> 
  custom:audio-decoder-ogg-vorbis: bf7c407c2cedff20999df2af8eb42d56 -> 
  custom:audio-encoder-webm-vorbis: bf7c407c2cedff20999df2af8eb42d56 -> 
  custom:scripting/precompiled-assembly-types:Assembly-CSharp: 1d916cefdbaeabe5f1b6bb49c9306982 -> 1395350fe2edf283cd03c3e3e2a79830
========================================================================
Received Prepare
Caller must complete domain reload
Begin MonoManager ReloadAssembly
Thread 0x16b687000 may have been prematurely finalized
- Loaded All Assemblies, in  0.168 seconds
Native extension for OSXStandalone target not found
Mono: successfully reloaded assembly
- Finished resetting the current domain, in  0.422 seconds
Domain Reload Profiling: 589ms
	BeginReloadAssembly (55ms)
		ExecutionOrderSort (0ms)
		DisableScriptedObjects (2ms)
		BackupInstance (0ms)
		ReleaseScriptingObjects (0ms)
		CreateAndSetChildDomain (12ms)
	RebuildCommonClasses (14ms)
	RebuildNativeTypeToScriptingClass (5ms)
	initialDomainReloadingComplete (9ms)
	LoadAllAssembliesAndSetupDomain (85ms)
		LoadAssemblies (97ms)
		RebuildTransferFunctionScriptingTraits (0ms)
		AnalyzeDomain (10ms)
			TypeCache.Refresh (4ms)
				TypeCache.ScanAssembly (0ms)
			ScanForSourceGeneratedMonoScriptInfo (0ms)
			ResolveRequiredComponents (6ms)
	FinalizeReload (422ms)
		ReleaseScriptCaches (0ms)
		RebuildScriptCaches (0ms)
		SetupLoadedEditorAssemblies (214ms)
			LogAssemblyErrors (0ms)
			InitializePlatformSupportModulesInManaged (2ms)
			SetLoadedEditorAssemblies (1ms)
			RefreshPlugins (0ms)
			BeforeProcessingInitializeOnLoad (28ms)
			ProcessInitializeOnLoadAttributes (159ms)
			ProcessInitializeOnLoadMethodAttributes (23ms)
			AfterProcessingInitializeOnLoad (0ms)
			EditorAssembliesLoaded (0ms)
		ExecutionOrderSort2 (0ms)
		AwakeInstancesAfterBackupRestoration (8ms)
WARNING: Shader Unsupported: 'Universal Render Pipeline/VR/SpatialMapping/Wireframe' - All subshaders removed
WARNING: Shader Did you use #pragma only_renderers and omit this platform?
WARNING: Shader If subshaders removal was intentional, you may have forgotten turning Fallback off?
WARNING: Shader Unsupported: 'Universal Render Pipeline/VR/SpatialMapping/Wireframe' - All subshaders removed
WARNING: Shader Did you use #pragma only_renderers and omit this platform?
WARNING: Shader If subshaders removal was intentional, you may have forgotten turning Fallback off?
WARNING: Shader Unsupported: 'Hidden/Builtin_TerrainVisualization' - All subshaders removed
WARNING: Shader Did you use #pragma only_renderers and omit this platform?
WARNING: Shader If subshaders removal was intentional, you may have forgotten turning Fallback off?
WARNING: Shader Unsupported: 'Hidden/Builtin_TerrainVisualization' - All subshaders removed
WARNING: Shader Did you use #pragma only_renderers and omit this platform?
WARNING: Shader If subshaders removal was intentional, you may have forgotten turning Fallback off?
Refreshing native plugins compatible for Editor in 3.04 ms, found 5 plugins.
Preloading 0 native plugins for Editor in 0.00 ms.
Unloading 5611 Unused Serialized files (Serialized files now loaded: 0)
Unloading 49 unused Assets / (3.7 MB). Loaded Objects now: 6634.
Memory consumption went from 282.5 MB to 278.8 MB.
Total: 3.314291 ms (FindLiveObjects: 0.237333 ms CreateObjectMapping: 0.291709 ms MarkObjects: 2.193250 ms  DeleteObjects: 0.591541 ms)

Prepare: number of updated asset objects reloaded= 0
AssetImportParameters requested are different than current active one (requested -> active):
  custom:container-demuxer-ogg: 62fdf1f143b41e24485cea50d1cbac27 -> 
  custom:scripting/monoscript/fileName/CRTDataObject.cs: f1de7395209245cd93b30dd15005e602 -> 
  custom:scripting/monoscript/fileName/CRTCameraBehaviour.cs: 30ff3bb5a6d12bf7a3270d52e64fce8c -> 
  custom:video-decoder-ogg-theora: a1e56fd34408186e4bbccfd4996cb3dc -> 
  custom:scripting/monoscript/fileName/Quad_controller.cs: f7f54a4dcd6a885b0486938ad49f3362 -> 
  custom:CustomObjectIndexerAttribute: 3ead1caaecf1c488f20bcfeb224b6af5 -> 
  custom:container-demuxer-webm: 4f35f7cbe854078d1ac9338744f61a02 -> 
  custom:container-muxer-webm: aa71ff27fc2769a1b78a27578f13a17b -> 
  custom:video-decoder-webm-vp8: 9c59270c3fd7afecdb556c50c9e8de78 -> 
  custom:SearchIndexIgnoredProperties: e643bd26f0fe6173181afceb89e7c659 -> 
  custom:AudioImporter_EditorPlatform: 3918e3fc78b5a79bad01e8451be0beb8 -> 
  custom:scripting/monoscript/fileName/CRTRenderSettingsObject.cs: 24bb0e83561f29e599898e7a5864aecc -> 
  custom:framework-osx-AVFoundation: e770b220cccbd017edd2c1fefb359320 -> 
  custom:scripting/monoscript/fileName/RandomQuadFade.cs: f7f54a4dcd6a885b0486938ad49f3362 -> 
  custom:video-encoder-webm-vp8: eb34c28f22e8b96e1ab97ce403110664 -> 
  custom:scripting/monoscript/fileName/CRTDemoBehaviour.cs: 20f57549ec3eef6393f5bf74787367c9 -> 
  custom:audio-decoder-ogg-vorbis: bf7c407c2cedff20999df2af8eb42d56 -> 
  custom:audio-encoder-webm-vorbis: bf7c407c2cedff20999df2af8eb42d56 -> 
  custom:scripting/precompiled-assembly-types:Assembly-CSharp: 1d916cefdbaeabe5f1b6bb49c9306982 -> 1395350fe2edf283cd03c3e3e2a79830
========================================================================
Received Prepare
Caller must complete domain reload
Begin MonoManager ReloadAssembly
Thread 0x16b687000 may have been prematurely finalized
- Loaded All Assemblies, in  0.204 seconds
Native extension for OSXStandalone target not found
Mono: successfully reloaded assembly
- Finished resetting the current domain, in  0.819 seconds
Domain Reload Profiling: 1024ms
	BeginReloadAssembly (68ms)
		ExecutionOrderSort (0ms)
		DisableScriptedObjects (2ms)
		BackupInstance (0ms)
		ReleaseScriptingObjects (0ms)
		CreateAndSetChildDomain (18ms)
	RebuildCommonClasses (14ms)
	RebuildNativeTypeToScriptingClass (5ms)
	initialDomainReloadingComplete (10ms)
	LoadAllAssembliesAndSetupDomain (108ms)
		LoadAssemblies (124ms)
		RebuildTransferFunctionScriptingTraits (0ms)
		AnalyzeDomain (12ms)
			TypeCache.Refresh (5ms)
				TypeCache.ScanAssembly (0ms)
			ScanForSourceGeneratedMonoScriptInfo (0ms)
			ResolveRequiredComponents (6ms)
	FinalizeReload (819ms)
		ReleaseScriptCaches (0ms)
		RebuildScriptCaches (0ms)
		SetupLoadedEditorAssemblies (249ms)
			LogAssemblyErrors (0ms)
			InitializePlatformSupportModulesInManaged (2ms)
			SetLoadedEditorAssemblies (2ms)
			RefreshPlugins (0ms)
			BeforeProcessingInitializeOnLoad (34ms)
			ProcessInitializeOnLoadAttributes (183ms)
			ProcessInitializeOnLoadMethodAttributes (27ms)
			AfterProcessingInitializeOnLoad (1ms)
			EditorAssembliesLoaded (0ms)
		ExecutionOrderSort2 (0ms)
		AwakeInstancesAfterBackupRestoration (9ms)
WARNING: Shader Unsupported: 'Universal Render Pipeline/VR/SpatialMapping/Wireframe' - All subshaders removed
WARNING: Shader Did you use #pragma only_renderers and omit this platform?
WARNING: Shader If subshaders removal was intentional, you may have forgotten turning Fallback off?
WARNING: Shader Unsupported: 'Universal Render Pipeline/VR/SpatialMapping/Wireframe' - All subshaders removed
WARNING: Shader Did you use #pragma only_renderers and omit this platform?
WARNING: Shader If subshaders removal was intentional, you may have forgotten turning Fallback off?
WARNING: Shader Unsupported: 'Hidden/Builtin_TerrainVisualization' - All subshaders removed
WARNING: Shader Did you use #pragma only_renderers and omit this platform?
WARNING: Shader If subshaders removal was intentional, you may have forgotten turning Fallback off?
WARNING: Shader Unsupported: 'Hidden/Builtin_TerrainVisualization' - All subshaders removed
WARNING: Shader Did you use #pragma only_renderers and omit this platform?
WARNING: Shader If subshaders removal was intentional, you may have forgotten turning Fallback off?
Refreshing native plugins compatible for Editor in 3.38 ms, found 5 plugins.
Preloading 0 native plugins for Editor in 0.00 ms.
Unloading 5611 Unused Serialized files (Serialized files now loaded: 0)
Unloading 49 unused Assets / (3.7 MB). Loaded Objects now: 6653.
Memory consumption went from 285.3 MB to 281.6 MB.
Total: 3.308750 ms (FindLiveObjects: 0.228542 ms CreateObjectMapping: 0.057000 ms MarkObjects: 2.246209 ms  DeleteObjects: 0.776208 ms)

Prepare: number of updated asset objects reloaded= 0
AssetImportParameters requested are different than current active one (requested -> active):
  custom:container-demuxer-ogg: 62fdf1f143b41e24485cea50d1cbac27 -> 
  custom:scripting/monoscript/fileName/CRTDataObject.cs: f1de7395209245cd93b30dd15005e602 -> 
  custom:scripting/monoscript/fileName/CRTCameraBehaviour.cs: 30ff3bb5a6d12bf7a3270d52e64fce8c -> 
  custom:video-decoder-ogg-theora: a1e56fd34408186e4bbccfd4996cb3dc -> 
  custom:scripting/monoscript/fileName/Quad_controller.cs: f7f54a4dcd6a885b0486938ad49f3362 -> 
  custom:CustomObjectIndexerAttribute: 3ead1caaecf1c488f20bcfeb224b6af5 -> 
  custom:container-demuxer-webm: 4f35f7cbe854078d1ac9338744f61a02 -> 
  custom:container-muxer-webm: aa71ff27fc2769a1b78a27578f13a17b -> 
  custom:video-decoder-webm-vp8: 9c59270c3fd7afecdb556c50c9e8de78 -> 
  custom:SearchIndexIgnoredProperties: e643bd26f0fe6173181afceb89e7c659 -> 
  custom:AudioImporter_EditorPlatform: 3918e3fc78b5a79bad01e8451be0beb8 -> 
  custom:scripting/monoscript/fileName/CRTRenderSettingsObject.cs: 24bb0e83561f29e599898e7a5864aecc -> 
  custom:framework-osx-AVFoundation: e770b220cccbd017edd2c1fefb359320 -> 
  custom:scripting/monoscript/fileName/RandomQuadFade.cs: f7f54a4dcd6a885b0486938ad49f3362 -> 
  custom:video-encoder-webm-vp8: eb34c28f22e8b96e1ab97ce403110664 -> 
  custom:scripting/monoscript/fileName/CRTDemoBehaviour.cs: 20f57549ec3eef6393f5bf74787367c9 -> 
  custom:audio-decoder-ogg-vorbis: bf7c407c2cedff20999df2af8eb42d56 -> 
  custom:audio-encoder-webm-vorbis: bf7c407c2cedff20999df2af8eb42d56 -> 
  custom:scripting/precompiled-assembly-types:Assembly-CSharp: 1d916cefdbaeabe5f1b6bb49c9306982 -> 1395350fe2edf283cd03c3e3e2a79830
========================================================================
Received Prepare
Caller must complete domain reload
Begin MonoManager ReloadAssembly
Thread 0x16b687000 may have been prematurely finalized
- Loaded All Assemblies, in  0.164 seconds
Native extension for OSXStandalone target not found
Mono: successfully reloaded assembly
- Finished resetting the current domain, in  0.406 seconds
Domain Reload Profiling: 571ms
	BeginReloadAssembly (53ms)
		ExecutionOrderSort (0ms)
		DisableScriptedObjects (2ms)
		BackupInstance (0ms)
		ReleaseScriptingObjects (0ms)
		CreateAndSetChildDomain (12ms)
	RebuildCommonClasses (14ms)
	RebuildNativeTypeToScriptingClass (5ms)
	initialDomainReloadingComplete (9ms)
	LoadAllAssembliesAndSetupDomain (84ms)
		LoadAssemblies (95ms)
		RebuildTransferFunctionScriptingTraits (0ms)
		AnalyzeDomain (10ms)
			TypeCache.Refresh (4ms)
				TypeCache.ScanAssembly (0ms)
			ScanForSourceGeneratedMonoScriptInfo (0ms)
			ResolveRequiredComponents (6ms)
	FinalizeReload (406ms)
		ReleaseScriptCaches (0ms)
		RebuildScriptCaches (0ms)
		SetupLoadedEditorAssemblies (219ms)
			LogAssemblyErrors (0ms)
			InitializePlatformSupportModulesInManaged (2ms)
			SetLoadedEditorAssemblies (2ms)
			RefreshPlugins (0ms)
			BeforeProcessingInitializeOnLoad (28ms)
			ProcessInitializeOnLoadAttributes (162ms)
			ProcessInitializeOnLoadMethodAttributes (25ms)
			AfterProcessingInitializeOnLoad (0ms)
			EditorAssembliesLoaded (0ms)
		ExecutionOrderSort2 (0ms)
		AwakeInstancesAfterBackupRestoration (7ms)
WARNING: Shader Unsupported: 'Universal Render Pipeline/VR/SpatialMapping/Wireframe' - All subshaders removed
WARNING: Shader Did you use #pragma only_renderers and omit this platform?
WARNING: Shader If subshaders removal was intentional, you may have forgotten turning Fallback off?
WARNING: Shader Unsupported: 'Universal Render Pipeline/VR/SpatialMapping/Wireframe' - All subshaders removed
WARNING: Shader Did you use #pragma only_renderers and omit this platform?
WARNING: Shader If subshaders removal was intentional, you may have forgotten turning Fallback off?
WARNING: Shader Unsupported: 'Hidden/Builtin_TerrainVisualization' - All subshaders removed
WARNING: Shader Did you use #pragma only_renderers and omit this platform?
WARNING: Shader If subshaders removal was intentional, you may have forgotten turning Fallback off?
WARNING: Shader Unsupported: 'Hidden/Builtin_TerrainVisualization' - All subshaders removed
WARNING: Shader Did you use #pragma only_renderers and omit this platform?
WARNING: Shader If subshaders removal was intentional, you may have forgotten turning Fallback off?
Refreshing native plugins compatible for Editor in 3.04 ms, found 5 plugins.
Preloading 0 native plugins for Editor in 0.00 ms.
Unloading 5611 Unused Serialized files (Serialized files now loaded: 0)
Unloading 49 unused Assets / (3.7 MB). Loaded Objects now: 6672.
Memory consumption went from 288.2 MB to 284.6 MB.
Total: 2.908708 ms (FindLiveObjects: 0.220666 ms CreateObjectMapping: 0.055542 ms MarkObjects: 2.054916 ms  DeleteObjects: 0.577042 ms)

Prepare: number of updated asset objects reloaded= 0
AssetImportParameters requested are different than current active one (requested -> active):
  custom:container-demuxer-ogg: 62fdf1f143b41e24485cea50d1cbac27 -> 
  custom:scripting/monoscript/fileName/CRTDataObject.cs: f1de7395209245cd93b30dd15005e602 -> 
  custom:scripting/monoscript/fileName/CRTCameraBehaviour.cs: 30ff3bb5a6d12bf7a3270d52e64fce8c -> 
  custom:video-decoder-ogg-theora: a1e56fd34408186e4bbccfd4996cb3dc -> 
  custom:scripting/monoscript/fileName/Quad_controller.cs: f7f54a4dcd6a885b0486938ad49f3362 -> 
  custom:CustomObjectIndexerAttribute: 3ead1caaecf1c488f20bcfeb224b6af5 -> 
  custom:container-demuxer-webm: 4f35f7cbe854078d1ac9338744f61a02 -> 
  custom:container-muxer-webm: aa71ff27fc2769a1b78a27578f13a17b -> 
  custom:video-decoder-webm-vp8: 9c59270c3fd7afecdb556c50c9e8de78 -> 
  custom:SearchIndexIgnoredProperties: e643bd26f0fe6173181afceb89e7c659 -> 
  custom:AudioImporter_EditorPlatform: 3918e3fc78b5a79bad01e8451be0beb8 -> 
  custom:scripting/monoscript/fileName/CRTRenderSettingsObject.cs: 24bb0e83561f29e599898e7a5864aecc -> 
  custom:framework-osx-AVFoundation: e770b220cccbd017edd2c1fefb359320 -> 
  custom:scripting/monoscript/fileName/RandomQuadFade.cs: f7f54a4dcd6a885b0486938ad49f3362 -> 
  custom:video-encoder-webm-vp8: eb34c28f22e8b96e1ab97ce403110664 -> 
  custom:scripting/monoscript/fileName/CRTDemoBehaviour.cs: 20f57549ec3eef6393f5bf74787367c9 -> 
  custom:audio-decoder-ogg-vorbis: bf7c407c2cedff20999df2af8eb42d56 -> 
  custom:audio-encoder-webm-vorbis: bf7c407c2cedff20999df2af8eb42d56 -> 
  custom:scripting/precompiled-assembly-types:Assembly-CSharp: 1d916cefdbaeabe5f1b6bb49c9306982 -> 1395350fe2edf283cd03c3e3e2a79830
========================================================================
Received Prepare
Caller must complete domain reload
Begin MonoManager ReloadAssembly
Thread 0x16b687000 may have been prematurely finalized
- Loaded All Assemblies, in  0.168 seconds
Native extension for OSXStandalone target not found
Mono: successfully reloaded assembly
- Finished resetting the current domain, in  0.429 seconds
Domain Reload Profiling: 597ms
	BeginReloadAssembly (55ms)
		ExecutionOrderSort (0ms)
		DisableScriptedObjects (2ms)
		BackupInstance (0ms)
		ReleaseScriptingObjects (0ms)
		CreateAndSetChildDomain (12ms)
	RebuildCommonClasses (14ms)
	RebuildNativeTypeToScriptingClass (5ms)
	initialDomainReloadingComplete (9ms)
	LoadAllAssembliesAndSetupDomain (86ms)
		LoadAssemblies (98ms)
		RebuildTransferFunctionScriptingTraits (0ms)
		AnalyzeDomain (10ms)
			TypeCache.Refresh (4ms)
				TypeCache.ScanAssembly (0ms)
			ScanForSourceGeneratedMonoScriptInfo (0ms)
			ResolveRequiredComponents (6ms)
	FinalizeReload (429ms)
		ReleaseScriptCaches (0ms)
		RebuildScriptCaches (0ms)
		SetupLoadedEditorAssemblies (213ms)
			LogAssemblyErrors (0ms)
			InitializePlatformSupportModulesInManaged (2ms)
			SetLoadedEditorAssemblies (2ms)
			RefreshPlugins (0ms)
			BeforeProcessingInitializeOnLoad (28ms)
			ProcessInitializeOnLoadAttributes (157ms)
			ProcessInitializeOnLoadMethodAttributes (24ms)
			AfterProcessingInitializeOnLoad (1ms)
			EditorAssembliesLoaded (0ms)
		ExecutionOrderSort2 (0ms)
		AwakeInstancesAfterBackupRestoration (11ms)
WARNING: Shader Unsupported: 'Universal Render Pipeline/VR/SpatialMapping/Wireframe' - All subshaders removed
WARNING: Shader Did you use #pragma only_renderers and omit this platform?
WARNING: Shader If subshaders removal was intentional, you may have forgotten turning Fallback off?
WARNING: Shader Unsupported: 'Universal Render Pipeline/VR/SpatialMapping/Wireframe' - All subshaders removed
WARNING: Shader Did you use #pragma only_renderers and omit this platform?
WARNING: Shader If subshaders removal was intentional, you may have forgotten turning Fallback off?
WARNING: Shader Unsupported: 'Hidden/Builtin_TerrainVisualization' - All subshaders removed
WARNING: Shader Did you use #pragma only_renderers and omit this platform?
WARNING: Shader If subshaders removal was intentional, you may have forgotten turning Fallback off?
WARNING: Shader Unsupported: 'Hidden/Builtin_TerrainVisualization' - All subshaders removed
WARNING: Shader Did you use #pragma only_renderers and omit this platform?
WARNING: Shader If subshaders removal was intentional, you may have forgotten turning Fallback off?
Refreshing native plugins compatible for Editor in 3.51 ms, found 5 plugins.
Preloading 0 native plugins for Editor in 0.00 ms.
Unloading 5611 Unused Serialized files (Serialized files now loaded: 0)
Unloading 49 unused Assets / (3.7 MB). Loaded Objects now: 6691.
Memory consumption went from 291.1 MB to 287.4 MB.
Total: 3.769375 ms (FindLiveObjects: 0.210042 ms CreateObjectMapping: 0.054667 ms MarkObjects: 2.761250 ms  DeleteObjects: 0.742917 ms)

Prepare: number of updated asset objects reloaded= 0
AssetImportParameters requested are different than current active one (requested -> active):
  custom:container-demuxer-ogg: 62fdf1f143b41e24485cea50d1cbac27 -> 
  custom:scripting/monoscript/fileName/CRTDataObject.cs: f1de7395209245cd93b30dd15005e602 -> 
  custom:scripting/monoscript/fileName/CRTCameraBehaviour.cs: 30ff3bb5a6d12bf7a3270d52e64fce8c -> 
  custom:video-decoder-ogg-theora: a1e56fd34408186e4bbccfd4996cb3dc -> 
  custom:scripting/monoscript/fileName/Quad_controller.cs: f7f54a4dcd6a885b0486938ad49f3362 -> 
  custom:CustomObjectIndexerAttribute: 3ead1caaecf1c488f20bcfeb224b6af5 -> 
  custom:container-demuxer-webm: 4f35f7cbe854078d1ac9338744f61a02 -> 
  custom:container-muxer-webm: aa71ff27fc2769a1b78a27578f13a17b -> 
  custom:video-decoder-webm-vp8: 9c59270c3fd7afecdb556c50c9e8de78 -> 
  custom:SearchIndexIgnoredProperties: e643bd26f0fe6173181afceb89e7c659 -> 
  custom:AudioImporter_EditorPlatform: 3918e3fc78b5a79bad01e8451be0beb8 -> 
  custom:scripting/monoscript/fileName/CRTRenderSettingsObject.cs: 24bb0e83561f29e599898e7a5864aecc -> 
  custom:framework-osx-AVFoundation: e770b220cccbd017edd2c1fefb359320 -> 
  custom:scripting/monoscript/fileName/RandomQuadFade.cs: f7f54a4dcd6a885b0486938ad49f3362 -> 
  custom:video-encoder-webm-vp8: eb34c28f22e8b96e1ab97ce403110664 -> 
  custom:scripting/monoscript/fileName/CRTDemoBehaviour.cs: 20f57549ec3eef6393f5bf74787367c9 -> 
  custom:audio-decoder-ogg-vorbis: bf7c407c2cedff20999df2af8eb42d56 -> 
  custom:audio-encoder-webm-vorbis: bf7c407c2cedff20999df2af8eb42d56 -> 
  custom:scripting/precompiled-assembly-types:Assembly-CSharp: 1d916cefdbaeabe5f1b6bb49c9306982 -> 1395350fe2edf283cd03c3e3e2a79830
========================================================================
Received Prepare
Caller must complete domain reload
Begin MonoManager ReloadAssembly
Thread 0x16b687000 may have been prematurely finalized
- Loaded All Assemblies, in  0.167 seconds
Native extension for OSXStandalone target not found
Mono: successfully reloaded assembly
- Finished resetting the current domain, in  0.431 seconds
Domain Reload Profiling: 598ms
	BeginReloadAssembly (55ms)
		ExecutionOrderSort (0ms)
		DisableScriptedObjects (2ms)
		BackupInstance (0ms)
		ReleaseScriptingObjects (0ms)
		CreateAndSetChildDomain (12ms)
	RebuildCommonClasses (14ms)
	RebuildNativeTypeToScriptingClass (5ms)
	initialDomainReloadingComplete (9ms)
	LoadAllAssembliesAndSetupDomain (85ms)
		LoadAssemblies (97ms)
		RebuildTransferFunctionScriptingTraits (0ms)
		AnalyzeDomain (10ms)
			TypeCache.Refresh (4ms)
				TypeCache.ScanAssembly (0ms)
			ScanForSourceGeneratedMonoScriptInfo (0ms)
			ResolveRequiredComponents (6ms)
	FinalizeReload (431ms)
		ReleaseScriptCaches (0ms)
		RebuildScriptCaches (0ms)
		SetupLoadedEditorAssemblies (222ms)
			LogAssemblyErrors (0ms)
			InitializePlatformSupportModulesInManaged (2ms)
			SetLoadedEditorAssemblies (2ms)
			RefreshPlugins (0ms)
			BeforeProcessingInitializeOnLoad (31ms)
			ProcessInitializeOnLoadAttributes (162ms)
			ProcessInitializeOnLoadMethodAttributes (24ms)
			AfterProcessingInitializeOnLoad (0ms)
			EditorAssembliesLoaded (0ms)
		ExecutionOrderSort2 (0ms)
		AwakeInstancesAfterBackupRestoration (7ms)
WARNING: Shader Unsupported: 'Universal Render Pipeline/VR/SpatialMapping/Wireframe' - All subshaders removed
WARNING: Shader Did you use #pragma only_renderers and omit this platform?
WARNING: Shader If subshaders removal was intentional, you may have forgotten turning Fallback off?
WARNING: Shader Unsupported: 'Universal Render Pipeline/VR/SpatialMapping/Wireframe' - All subshaders removed
WARNING: Shader Did you use #pragma only_renderers and omit this platform?
WARNING: Shader If subshaders removal was intentional, you may have forgotten turning Fallback off?
WARNING: Shader Unsupported: 'Hidden/Builtin_TerrainVisualization' - All subshaders removed
WARNING: Shader Did you use #pragma only_renderers and omit this platform?
WARNING: Shader If subshaders removal was intentional, you may have forgotten turning Fallback off?
WARNING: Shader Unsupported: 'Hidden/Builtin_TerrainVisualization' - All subshaders removed
WARNING: Shader Did you use #pragma only_renderers and omit this platform?
WARNING: Shader If subshaders removal was intentional, you may have forgotten turning Fallback off?
Refreshing native plugins compatible for Editor in 3.90 ms, found 5 plugins.
Preloading 0 native plugins for Editor in 0.00 ms.
Unloading 5611 Unused Serialized files (Serialized files now loaded: 0)
Unloading 49 unused Assets / (3.7 MB). Loaded Objects now: 6710.
Memory consumption went from 293.9 MB to 290.2 MB.
Total: 3.127958 ms (FindLiveObjects: 0.222542 ms CreateObjectMapping: 0.060041 ms MarkObjects: 2.134917 ms  DeleteObjects: 0.709833 ms)

Prepare: number of updated asset objects reloaded= 0
AssetImportParameters requested are different than current active one (requested -> active):
  custom:container-demuxer-ogg: 62fdf1f143b41e24485cea50d1cbac27 -> 
  custom:scripting/monoscript/fileName/CRTDataObject.cs: f1de7395209245cd93b30dd15005e602 -> 
  custom:scripting/monoscript/fileName/CRTCameraBehaviour.cs: 30ff3bb5a6d12bf7a3270d52e64fce8c -> 
  custom:video-decoder-ogg-theora: a1e56fd34408186e4bbccfd4996cb3dc -> 
  custom:scripting/monoscript/fileName/Quad_controller.cs: f7f54a4dcd6a885b0486938ad49f3362 -> 
  custom:CustomObjectIndexerAttribute: 3ead1caaecf1c488f20bcfeb224b6af5 -> 
  custom:container-demuxer-webm: 4f35f7cbe854078d1ac9338744f61a02 -> 
  custom:container-muxer-webm: aa71ff27fc2769a1b78a27578f13a17b -> 
  custom:video-decoder-webm-vp8: 9c59270c3fd7afecdb556c50c9e8de78 -> 
  custom:SearchIndexIgnoredProperties: e643bd26f0fe6173181afceb89e7c659 -> 
  custom:AudioImporter_EditorPlatform: 3918e3fc78b5a79bad01e8451be0beb8 -> 
  custom:scripting/monoscript/fileName/CRTRenderSettingsObject.cs: 24bb0e83561f29e599898e7a5864aecc -> 
  custom:framework-osx-AVFoundation: e770b220cccbd017edd2c1fefb359320 -> 
  custom:scripting/monoscript/fileName/RandomQuadFade.cs: f7f54a4dcd6a885b0486938ad49f3362 -> 
  custom:video-encoder-webm-vp8: eb34c28f22e8b96e1ab97ce403110664 -> 
  custom:scripting/monoscript/fileName/CRTDemoBehaviour.cs: 20f57549ec3eef6393f5bf74787367c9 -> 
  custom:audio-decoder-ogg-vorbis: bf7c407c2cedff20999df2af8eb42d56 -> 
  custom:audio-encoder-webm-vorbis: bf7c407c2cedff20999df2af8eb42d56 -> 
  custom:scripting/precompiled-assembly-types:Assembly-CSharp: 1d916cefdbaeabe5f1b6bb49c9306982 -> 1395350fe2edf283cd03c3e3e2a79830
========================================================================
Received Prepare
Caller must complete domain reload
Begin MonoManager ReloadAssembly
Thread 0x16b687000 may have been prematurely finalized
- Loaded All Assemblies, in  0.169 seconds
Native extension for OSXStandalone target not found
Mono: successfully reloaded assembly
- Finished resetting the current domain, in  0.430 seconds
Domain Reload Profiling: 599ms
	BeginReloadAssembly (56ms)
		ExecutionOrderSort (0ms)
		DisableScriptedObjects (3ms)
		BackupInstance (0ms)
		ReleaseScriptingObjects (0ms)
		CreateAndSetChildDomain (12ms)
	RebuildCommonClasses (14ms)
	RebuildNativeTypeToScriptingClass (5ms)
	initialDomainReloadingComplete (9ms)
	LoadAllAssembliesAndSetupDomain (85ms)
		LoadAssemblies (97ms)
		RebuildTransferFunctionScriptingTraits (0ms)
		AnalyzeDomain (10ms)
			TypeCache.Refresh (4ms)
				TypeCache.ScanAssembly (0ms)
			ScanForSourceGeneratedMonoScriptInfo (0ms)
			ResolveRequiredComponents (6ms)
	FinalizeReload (430ms)
		ReleaseScriptCaches (0ms)
		RebuildScriptCaches (0ms)
		SetupLoadedEditorAssemblies (217ms)
			LogAssemblyErrors (0ms)
			InitializePlatformSupportModulesInManaged (2ms)
			SetLoadedEditorAssemblies (2ms)
			RefreshPlugins (0ms)
			BeforeProcessingInitializeOnLoad (28ms)
			ProcessInitializeOnLoadAttributes (160ms)
			ProcessInitializeOnLoadMethodAttributes (24ms)
			AfterProcessingInitializeOnLoad (1ms)
			EditorAssembliesLoaded (0ms)
		ExecutionOrderSort2 (0ms)
		AwakeInstancesAfterBackupRestoration (7ms)
WARNING: Shader Unsupported: 'Universal Render Pipeline/VR/SpatialMapping/Wireframe' - All subshaders removed
WARNING: Shader Did you use #pragma only_renderers and omit this platform?
WARNING: Shader If subshaders removal was intentional, you may have forgotten turning Fallback off?
WARNING: Shader Unsupported: 'Universal Render Pipeline/VR/SpatialMapping/Wireframe' - All subshaders removed
WARNING: Shader Did you use #pragma only_renderers and omit this platform?
WARNING: Shader If subshaders removal was intentional, you may have forgotten turning Fallback off?
WARNING: Shader Unsupported: 'Hidden/Builtin_TerrainVisualization' - All subshaders removed
WARNING: Shader Did you use #pragma only_renderers and omit this platform?
WARNING: Shader If subshaders removal was intentional, you may have forgotten turning Fallback off?
WARNING: Shader Unsupported: 'Hidden/Builtin_TerrainVisualization' - All subshaders removed
WARNING: Shader Did you use #pragma only_renderers and omit this platform?
WARNING: Shader If subshaders removal was intentional, you may have forgotten turning Fallback off?
Refreshing native plugins compatible for Editor in 3.41 ms, found 5 plugins.
Preloading 0 native plugins for Editor in 0.00 ms.
Unloading 5611 Unused Serialized files (Serialized files now loaded: 0)
Unloading 49 unused Assets / (3.7 MB). Loaded Objects now: 6729.
Memory consumption went from 296.8 MB to 293.1 MB.
Total: 3.168708 ms (FindLiveObjects: 0.233375 ms CreateObjectMapping: 0.069000 ms MarkObjects: 2.310500 ms  DeleteObjects: 0.555250 ms)

Prepare: number of updated asset objects reloaded= 0
AssetImportParameters requested are different than current active one (requested -> active):
  custom:container-demuxer-ogg: 62fdf1f143b41e24485cea50d1cbac27 -> 
  custom:scripting/monoscript/fileName/CRTDataObject.cs: f1de7395209245cd93b30dd15005e602 -> 
  custom:scripting/monoscript/fileName/CRTCameraBehaviour.cs: 30ff3bb5a6d12bf7a3270d52e64fce8c -> 
  custom:video-decoder-ogg-theora: a1e56fd34408186e4bbccfd4996cb3dc -> 
  custom:scripting/monoscript/fileName/Quad_controller.cs: f7f54a4dcd6a885b0486938ad49f3362 -> 
  custom:CustomObjectIndexerAttribute: 3ead1caaecf1c488f20bcfeb224b6af5 -> 
  custom:container-demuxer-webm: 4f35f7cbe854078d1ac9338744f61a02 -> 
  custom:container-muxer-webm: aa71ff27fc2769a1b78a27578f13a17b -> 
  custom:video-decoder-webm-vp8: 9c59270c3fd7afecdb556c50c9e8de78 -> 
  custom:SearchIndexIgnoredProperties: e643bd26f0fe6173181afceb89e7c659 -> 
  custom:AudioImporter_EditorPlatform: 3918e3fc78b5a79bad01e8451be0beb8 -> 
  custom:scripting/monoscript/fileName/CRTRenderSettingsObject.cs: 24bb0e83561f29e599898e7a5864aecc -> 
  custom:framework-osx-AVFoundation: e770b220cccbd017edd2c1fefb359320 -> 
  custom:scripting/monoscript/fileName/RandomQuadFade.cs: f7f54a4dcd6a885b0486938ad49f3362 -> 
  custom:video-encoder-webm-vp8: eb34c28f22e8b96e1ab97ce403110664 -> 
  custom:scripting/monoscript/fileName/CRTDemoBehaviour.cs: 20f57549ec3eef6393f5bf74787367c9 -> 
  custom:audio-decoder-ogg-vorbis: bf7c407c2cedff20999df2af8eb42d56 -> 
  custom:audio-encoder-webm-vorbis: bf7c407c2cedff20999df2af8eb42d56 -> 
  custom:scripting/precompiled-assembly-types:Assembly-CSharp: 1d916cefdbaeabe5f1b6bb49c9306982 -> 1395350fe2edf283cd03c3e3e2a79830
========================================================================
Received Prepare
Caller must complete domain reload
Begin MonoManager ReloadAssembly
Thread 0x16b687000 may have been prematurely finalized
- Loaded All Assemblies, in  0.167 seconds
Native extension for OSXStandalone target not found
Mono: successfully reloaded assembly
- Finished resetting the current domain, in  0.422 seconds
Domain Reload Profiling: 589ms
	BeginReloadAssembly (55ms)
		ExecutionOrderSort (0ms)
		DisableScriptedObjects (2ms)
		BackupInstance (0ms)
		ReleaseScriptingObjects (0ms)
		CreateAndSetChildDomain (12ms)
	RebuildCommonClasses (14ms)
	RebuildNativeTypeToScriptingClass (5ms)
	initialDomainReloadingComplete (9ms)
	LoadAllAssembliesAndSetupDomain (84ms)
		LoadAssemblies (96ms)
		RebuildTransferFunctionScriptingTraits (0ms)
		AnalyzeDomain (10ms)
			TypeCache.Refresh (4ms)
				TypeCache.ScanAssembly (0ms)
			ScanForSourceGeneratedMonoScriptInfo (0ms)
			ResolveRequiredComponents (6ms)
	FinalizeReload (422ms)
		ReleaseScriptCaches (0ms)
		RebuildScriptCaches (0ms)
		SetupLoadedEditorAssemblies (214ms)
			LogAssemblyErrors (0ms)
			InitializePlatformSupportModulesInManaged (2ms)
			SetLoadedEditorAssemblies (2ms)
			RefreshPlugins (0ms)
			BeforeProcessingInitializeOnLoad (28ms)
			ProcessInitializeOnLoadAttributes (158ms)
			ProcessInitializeOnLoadMethodAttributes (24ms)
			AfterProcessingInitializeOnLoad (1ms)
			EditorAssembliesLoaded (0ms)
		ExecutionOrderSort2 (0ms)
		AwakeInstancesAfterBackupRestoration (7ms)
WARNING: Shader Unsupported: 'Universal Render Pipeline/VR/SpatialMapping/Wireframe' - All subshaders removed
WARNING: Shader Did you use #pragma only_renderers and omit this platform?
WARNING: Shader If subshaders removal was intentional, you may have forgotten turning Fallback off?
WARNING: Shader Unsupported: 'Universal Render Pipeline/VR/SpatialMapping/Wireframe' - All subshaders removed
WARNING: Shader Did you use #pragma only_renderers and omit this platform?
WARNING: Shader If subshaders removal was intentional, you may have forgotten turning Fallback off?
WARNING: Shader Unsupported: 'Hidden/Builtin_TerrainVisualization' - All subshaders removed
WARNING: Shader Did you use #pragma only_renderers and omit this platform?
WARNING: Shader If subshaders removal was intentional, you may have forgotten turning Fallback off?
WARNING: Shader Unsupported: 'Hidden/Builtin_TerrainVisualization' - All subshaders removed
WARNING: Shader Did you use #pragma only_renderers and omit this platform?
WARNING: Shader If subshaders removal was intentional, you may have forgotten turning Fallback off?
Refreshing native plugins compatible for Editor in 3.12 ms, found 5 plugins.
Preloading 0 native plugins for Editor in 0.00 ms.
Unloading 5611 Unused Serialized files (Serialized files now loaded: 0)
Unloading 49 unused Assets / (3.7 MB). Loaded Objects now: 6748.
Memory consumption went from 299.6 MB to 295.9 MB.
Total: 3.023125 ms (FindLiveObjects: 0.247792 ms CreateObjectMapping: 0.070125 ms MarkObjects: 2.110875 ms  DeleteObjects: 0.593583 ms)

Prepare: number of updated asset objects reloaded= 0
AssetImportParameters requested are different than current active one (requested -> active):
  custom:container-demuxer-ogg: 62fdf1f143b41e24485cea50d1cbac27 -> 
  custom:scripting/monoscript/fileName/CRTDataObject.cs: f1de7395209245cd93b30dd15005e602 -> 
  custom:scripting/monoscript/fileName/CRTCameraBehaviour.cs: 30ff3bb5a6d12bf7a3270d52e64fce8c -> 
  custom:video-decoder-ogg-theora: a1e56fd34408186e4bbccfd4996cb3dc -> 
  custom:scripting/monoscript/fileName/Quad_controller.cs: f7f54a4dcd6a885b0486938ad49f3362 -> 
  custom:CustomObjectIndexerAttribute: 3ead1caaecf1c488f20bcfeb224b6af5 -> 
  custom:container-demuxer-webm: 4f35f7cbe854078d1ac9338744f61a02 -> 
  custom:container-muxer-webm: aa71ff27fc2769a1b78a27578f13a17b -> 
  custom:video-decoder-webm-vp8: 9c59270c3fd7afecdb556c50c9e8de78 -> 
  custom:SearchIndexIgnoredProperties: e643bd26f0fe6173181afceb89e7c659 -> 
  custom:AudioImporter_EditorPlatform: 3918e3fc78b5a79bad01e8451be0beb8 -> 
  custom:scripting/monoscript/fileName/CRTRenderSettingsObject.cs: 24bb0e83561f29e599898e7a5864aecc -> 
  custom:framework-osx-AVFoundation: e770b220cccbd017edd2c1fefb359320 -> 
  custom:scripting/monoscript/fileName/RandomQuadFade.cs: f7f54a4dcd6a885b0486938ad49f3362 -> 
  custom:video-encoder-webm-vp8: eb34c28f22e8b96e1ab97ce403110664 -> 
  custom:scripting/monoscript/fileName/CRTDemoBehaviour.cs: 20f57549ec3eef6393f5bf74787367c9 -> 
  custom:audio-decoder-ogg-vorbis: bf7c407c2cedff20999df2af8eb42d56 -> 
  custom:audio-encoder-webm-vorbis: bf7c407c2cedff20999df2af8eb42d56 -> 
  custom:scripting/precompiled-assembly-types:Assembly-CSharp: 1d916cefdbaeabe5f1b6bb49c9306982 -> 1395350fe2edf283cd03c3e3e2a79830
========================================================================
Received Prepare
Caller must complete domain reload
Begin MonoManager ReloadAssembly
Thread 0x16b687000 may have been prematurely finalized
- Loaded All Assemblies, in  0.163 seconds
Native extension for OSXStandalone target not found
Mono: successfully reloaded assembly
- Finished resetting the current domain, in  0.433 seconds
Domain Reload Profiling: 597ms
	BeginReloadAssembly (52ms)
		ExecutionOrderSort (0ms)
		DisableScriptedObjects (2ms)
		BackupInstance (0ms)
		ReleaseScriptingObjects (0ms)
		CreateAndSetChildDomain (12ms)
	RebuildCommonClasses (14ms)
	RebuildNativeTypeToScriptingClass (5ms)
	initialDomainReloadingComplete (9ms)
	LoadAllAssembliesAndSetupDomain (84ms)
		LoadAssemblies (94ms)
		RebuildTransferFunctionScriptingTraits (0ms)
		AnalyzeDomain (10ms)
			TypeCache.Refresh (4ms)
				TypeCache.ScanAssembly (0ms)
			ScanForSourceGeneratedMonoScriptInfo (0ms)
			ResolveRequiredComponents (6ms)
	FinalizeReload (433ms)
		ReleaseScriptCaches (0ms)
		RebuildScriptCaches (0ms)
		SetupLoadedEditorAssemblies (222ms)
			LogAssemblyErrors (0ms)
			InitializePlatformSupportModulesInManaged (2ms)
			SetLoadedEditorAssemblies (2ms)
			RefreshPlugins (0ms)
			BeforeProcessingInitializeOnLoad (28ms)
			ProcessInitializeOnLoadAttributes (165ms)
			ProcessInitializeOnLoadMethodAttributes (24ms)
			AfterProcessingInitializeOnLoad (1ms)
			EditorAssembliesLoaded (0ms)
		ExecutionOrderSort2 (0ms)
		AwakeInstancesAfterBackupRestoration (8ms)
WARNING: Shader Unsupported: 'Universal Render Pipeline/VR/SpatialMapping/Wireframe' - All subshaders removed
WARNING: Shader Did you use #pragma only_renderers and omit this platform?
WARNING: Shader If subshaders removal was intentional, you may have forgotten turning Fallback off?
WARNING: Shader Unsupported: 'Universal Render Pipeline/VR/SpatialMapping/Wireframe' - All subshaders removed
WARNING: Shader Did you use #pragma only_renderers and omit this platform?
WARNING: Shader If subshaders removal was intentional, you may have forgotten turning Fallback off?
WARNING: Shader Unsupported: 'Hidden/Builtin_TerrainVisualization' - All subshaders removed
WARNING: Shader Did you use #pragma only_renderers and omit this platform?
WARNING: Shader If subshaders removal was intentional, you may have forgotten turning Fallback off?
WARNING: Shader Unsupported: 'Hidden/Builtin_TerrainVisualization' - All subshaders removed
WARNING: Shader Did you use #pragma only_renderers and omit this platform?
WARNING: Shader If subshaders removal was intentional, you may have forgotten turning Fallback off?
Refreshing native plugins compatible for Editor in 3.37 ms, found 5 plugins.
Preloading 0 native plugins for Editor in 0.00 ms.
Unloading 5611 Unused Serialized files (Serialized files now loaded: 0)
Unloading 49 unused Assets / (3.7 MB). Loaded Objects now: 6767.
Memory consumption went from 302.5 MB to 298.8 MB.
Total: 3.465125 ms (FindLiveObjects: 0.228208 ms CreateObjectMapping: 0.060500 ms MarkObjects: 2.248417 ms  DeleteObjects: 0.927166 ms)

Prepare: number of updated asset objects reloaded= 0
AssetImportParameters requested are different than current active one (requested -> active):
  custom:container-demuxer-ogg: 62fdf1f143b41e24485cea50d1cbac27 -> 
  custom:scripting/monoscript/fileName/CRTDataObject.cs: f1de7395209245cd93b30dd15005e602 -> 
  custom:scripting/monoscript/fileName/CRTCameraBehaviour.cs: 30ff3bb5a6d12bf7a3270d52e64fce8c -> 
  custom:video-decoder-ogg-theora: a1e56fd34408186e4bbccfd4996cb3dc -> 
  custom:scripting/monoscript/fileName/Quad_controller.cs: f7f54a4dcd6a885b0486938ad49f3362 -> 
  custom:CustomObjectIndexerAttribute: 3ead1caaecf1c488f20bcfeb224b6af5 -> 
  custom:container-demuxer-webm: 4f35f7cbe854078d1ac9338744f61a02 -> 
  custom:container-muxer-webm: aa71ff27fc2769a1b78a27578f13a17b -> 
  custom:video-decoder-webm-vp8: 9c59270c3fd7afecdb556c50c9e8de78 -> 
  custom:SearchIndexIgnoredProperties: e643bd26f0fe6173181afceb89e7c659 -> 
  custom:AudioImporter_EditorPlatform: 3918e3fc78b5a79bad01e8451be0beb8 -> 
  custom:scripting/monoscript/fileName/CRTRenderSettingsObject.cs: 24bb0e83561f29e599898e7a5864aecc -> 
  custom:framework-osx-AVFoundation: e770b220cccbd017edd2c1fefb359320 -> 
  custom:scripting/monoscript/fileName/RandomQuadFade.cs: f7f54a4dcd6a885b0486938ad49f3362 -> 
  custom:video-encoder-webm-vp8: eb34c28f22e8b96e1ab97ce403110664 -> 
  custom:scripting/monoscript/fileName/CRTDemoBehaviour.cs: 20f57549ec3eef6393f5bf74787367c9 -> 
  custom:audio-decoder-ogg-vorbis: bf7c407c2cedff20999df2af8eb42d56 -> 
  custom:audio-encoder-webm-vorbis: bf7c407c2cedff20999df2af8eb42d56 -> 
  custom:scripting/precompiled-assembly-types:Assembly-CSharp: 1d916cefdbaeabe5f1b6bb49c9306982 -> 1395350fe2edf283cd03c3e3e2a79830
========================================================================
Received Prepare
Caller must complete domain reload
Begin MonoManager ReloadAssembly
Thread 0x16b687000 may have been prematurely finalized
- Loaded All Assemblies, in  0.182 seconds
Native extension for OSXStandalone target not found
Mono: successfully reloaded assembly
- Finished resetting the current domain, in  0.820 seconds
Domain Reload Profiling: 1002ms
	BeginReloadAssembly (56ms)
		ExecutionOrderSort (0ms)
		DisableScriptedObjects (2ms)
		BackupInstance (0ms)
		ReleaseScriptingObjects (0ms)
		CreateAndSetChildDomain (13ms)
	RebuildCommonClasses (14ms)
	RebuildNativeTypeToScriptingClass (5ms)
	initialDomainReloadingComplete (10ms)
	LoadAllAssembliesAndSetupDomain (97ms)
		LoadAssemblies (110ms)
		RebuildTransferFunctionScriptingTraits (0ms)
		AnalyzeDomain (10ms)
			TypeCache.Refresh (4ms)
				TypeCache.ScanAssembly (0ms)
			ScanForSourceGeneratedMonoScriptInfo (0ms)
			ResolveRequiredComponents (6ms)
	FinalizeReload (820ms)
		ReleaseScriptCaches (0ms)
		RebuildScriptCaches (0ms)
		SetupLoadedEditorAssemblies (253ms)
			LogAssemblyErrors (0ms)
			InitializePlatformSupportModulesInManaged (2ms)
			SetLoadedEditorAssemblies (2ms)
			RefreshPlugins (0ms)
			BeforeProcessingInitializeOnLoad (29ms)
			ProcessInitializeOnLoadAttributes (191ms)
			ProcessInitializeOnLoadMethodAttributes (29ms)
			AfterProcessingInitializeOnLoad (1ms)
			EditorAssembliesLoaded (0ms)
		ExecutionOrderSort2 (0ms)
		AwakeInstancesAfterBackupRestoration (8ms)
WARNING: Shader Unsupported: 'Universal Render Pipeline/VR/SpatialMapping/Wireframe' - All subshaders removed
WARNING: Shader Did you use #pragma only_renderers and omit this platform?
WARNING: Shader If subshaders removal was intentional, you may have forgotten turning Fallback off?
WARNING: Shader Unsupported: 'Universal Render Pipeline/VR/SpatialMapping/Wireframe' - All subshaders removed
WARNING: Shader Did you use #pragma only_renderers and omit this platform?
WARNING: Shader If subshaders removal was intentional, you may have forgotten turning Fallback off?
WARNING: Shader Unsupported: 'Hidden/Builtin_TerrainVisualization' - All subshaders removed
WARNING: Shader Did you use #pragma only_renderers and omit this platform?
WARNING: Shader If subshaders removal was intentional, you may have forgotten turning Fallback off?
WARNING: Shader Unsupported: 'Hidden/Builtin_TerrainVisualization' - All subshaders removed
WARNING: Shader Did you use #pragma only_renderers and omit this platform?
WARNING: Shader If subshaders removal was intentional, you may have forgotten turning Fallback off?
Refreshing native plugins compatible for Editor in 3.43 ms, found 5 plugins.
Preloading 0 native plugins for Editor in 0.00 ms.
Unloading 5611 Unused Serialized files (Serialized files now loaded: 0)
Unloading 49 unused Assets / (3.7 MB). Loaded Objects now: 6786.
Memory consumption went from 305.3 MB to 301.6 MB.
Total: 2.947333 ms (FindLiveObjects: 0.248458 ms CreateObjectMapping: 0.066542 ms MarkObjects: 1.997833 ms  DeleteObjects: 0.633625 ms)

Prepare: number of updated asset objects reloaded= 0
AssetImportParameters requested are different than current active one (requested -> active):
  custom:container-demuxer-ogg: 62fdf1f143b41e24485cea50d1cbac27 -> 
  custom:scripting/monoscript/fileName/CRTDataObject.cs: f1de7395209245cd93b30dd15005e602 -> 
  custom:scripting/monoscript/fileName/CRTCameraBehaviour.cs: 30ff3bb5a6d12bf7a3270d52e64fce8c -> 
  custom:video-decoder-ogg-theora: a1e56fd34408186e4bbccfd4996cb3dc -> 
  custom:scripting/monoscript/fileName/Quad_controller.cs: f7f54a4dcd6a885b0486938ad49f3362 -> 
  custom:CustomObjectIndexerAttribute: 3ead1caaecf1c488f20bcfeb224b6af5 -> 
  custom:container-demuxer-webm: 4f35f7cbe854078d1ac9338744f61a02 -> 
  custom:container-muxer-webm: aa71ff27fc2769a1b78a27578f13a17b -> 
  custom:video-decoder-webm-vp8: 9c59270c3fd7afecdb556c50c9e8de78 -> 
  custom:SearchIndexIgnoredProperties: e643bd26f0fe6173181afceb89e7c659 -> 
  custom:AudioImporter_EditorPlatform: 3918e3fc78b5a79bad01e8451be0beb8 -> 
  custom:scripting/monoscript/fileName/CRTRenderSettingsObject.cs: 24bb0e83561f29e599898e7a5864aecc -> 
  custom:framework-osx-AVFoundation: e770b220cccbd017edd2c1fefb359320 -> 
  custom:scripting/monoscript/fileName/RandomQuadFade.cs: f7f54a4dcd6a885b0486938ad49f3362 -> 
  custom:video-encoder-webm-vp8: eb34c28f22e8b96e1ab97ce403110664 -> 
  custom:scripting/monoscript/fileName/CRTDemoBehaviour.cs: 20f57549ec3eef6393f5bf74787367c9 -> 
  custom:audio-decoder-ogg-vorbis: bf7c407c2cedff20999df2af8eb42d56 -> 
  custom:audio-encoder-webm-vorbis: bf7c407c2cedff20999df2af8eb42d56 -> 
  custom:scripting/precompiled-assembly-types:Assembly-CSharp: 1d916cefdbaeabe5f1b6bb49c9306982 -> 1395350fe2edf283cd03c3e3e2a79830
========================================================================
Received Prepare
Caller must complete domain reload
Begin MonoManager ReloadAssembly
Thread 0x16b687000 may have been prematurely finalized
- Loaded All Assemblies, in  0.159 seconds
Native extension for OSXStandalone target not found
Mono: successfully reloaded assembly
- Finished resetting the current domain, in  0.420 seconds
Domain Reload Profiling: 580ms
	BeginReloadAssembly (53ms)
		ExecutionOrderSort (0ms)
		DisableScriptedObjects (2ms)
		BackupInstance (0ms)
		ReleaseScriptingObjects (0ms)
		CreateAndSetChildDomain (12ms)
	RebuildCommonClasses (13ms)
	RebuildNativeTypeToScriptingClass (5ms)
	initialDomainReloadingComplete (9ms)
	LoadAllAssembliesAndSetupDomain (80ms)
		LoadAssemblies (91ms)
		RebuildTransferFunctionScriptingTraits (0ms)
		AnalyzeDomain (10ms)
			TypeCache.Refresh (3ms)
				TypeCache.ScanAssembly (0ms)
			ScanForSourceGeneratedMonoScriptInfo (0ms)
			ResolveRequiredComponents (6ms)
	FinalizeReload (420ms)
		ReleaseScriptCaches (0ms)
		RebuildScriptCaches (0ms)
		SetupLoadedEditorAssemblies (216ms)
			LogAssemblyErrors (0ms)
			InitializePlatformSupportModulesInManaged (2ms)
			SetLoadedEditorAssemblies (2ms)
			RefreshPlugins (0ms)
			BeforeProcessingInitializeOnLoad (28ms)
			ProcessInitializeOnLoadAttributes (160ms)
			ProcessInitializeOnLoadMethodAttributes (24ms)
			AfterProcessingInitializeOnLoad (1ms)
			EditorAssembliesLoaded (0ms)
		ExecutionOrderSort2 (0ms)
		AwakeInstancesAfterBackupRestoration (7ms)
WARNING: Shader Unsupported: 'Universal Render Pipeline/VR/SpatialMapping/Wireframe' - All subshaders removed
WARNING: Shader Did you use #pragma only_renderers and omit this platform?
WARNING: Shader If subshaders removal was intentional, you may have forgotten turning Fallback off?
WARNING: Shader Unsupported: 'Universal Render Pipeline/VR/SpatialMapping/Wireframe' - All subshaders removed
WARNING: Shader Did you use #pragma only_renderers and omit this platform?
WARNING: Shader If subshaders removal was intentional, you may have forgotten turning Fallback off?
WARNING: Shader Unsupported: 'Hidden/Builtin_TerrainVisualization' - All subshaders removed
WARNING: Shader Did you use #pragma only_renderers and omit this platform?
WARNING: Shader If subshaders removal was intentional, you may have forgotten turning Fallback off?
WARNING: Shader Unsupported: 'Hidden/Builtin_TerrainVisualization' - All subshaders removed
WARNING: Shader Did you use #pragma only_renderers and omit this platform?
WARNING: Shader If subshaders removal was intentional, you may have forgotten turning Fallback off?
Refreshing native plugins compatible for Editor in 3.55 ms, found 5 plugins.
Preloading 0 native plugins for Editor in 0.00 ms.
Unloading 5611 Unused Serialized files (Serialized files now loaded: 0)
Unloading 49 unused Assets / (3.7 MB). Loaded Objects now: 6805.
Memory consumption went from 308.2 MB to 304.6 MB.
Total: 3.610208 ms (FindLiveObjects: 0.195792 ms CreateObjectMapping: 0.056750 ms MarkObjects: 2.519083 ms  DeleteObjects: 0.838041 ms)

Prepare: number of updated asset objects reloaded= 0
AssetImportParameters requested are different than current active one (requested -> active):
  custom:container-demuxer-ogg: 62fdf1f143b41e24485cea50d1cbac27 -> 
  custom:scripting/monoscript/fileName/CRTDataObject.cs: f1de7395209245cd93b30dd15005e602 -> 
  custom:scripting/monoscript/fileName/CRTCameraBehaviour.cs: 30ff3bb5a6d12bf7a3270d52e64fce8c -> 
  custom:video-decoder-ogg-theora: a1e56fd34408186e4bbccfd4996cb3dc -> 
  custom:scripting/monoscript/fileName/Quad_controller.cs: f7f54a4dcd6a885b0486938ad49f3362 -> 
  custom:CustomObjectIndexerAttribute: 3ead1caaecf1c488f20bcfeb224b6af5 -> 
  custom:container-demuxer-webm: 4f35f7cbe854078d1ac9338744f61a02 -> 
  custom:container-muxer-webm: aa71ff27fc2769a1b78a27578f13a17b -> 
  custom:video-decoder-webm-vp8: 9c59270c3fd7afecdb556c50c9e8de78 -> 
  custom:SearchIndexIgnoredProperties: e643bd26f0fe6173181afceb89e7c659 -> 
  custom:AudioImporter_EditorPlatform: 3918e3fc78b5a79bad01e8451be0beb8 -> 
  custom:scripting/monoscript/fileName/CRTRenderSettingsObject.cs: 24bb0e83561f29e599898e7a5864aecc -> 
  custom:framework-osx-AVFoundation: e770b220cccbd017edd2c1fefb359320 -> 
  custom:scripting/monoscript/fileName/RandomQuadFade.cs: f7f54a4dcd6a885b0486938ad49f3362 -> 
  custom:video-encoder-webm-vp8: eb34c28f22e8b96e1ab97ce403110664 -> 
  custom:scripting/monoscript/fileName/CRTDemoBehaviour.cs: 20f57549ec3eef6393f5bf74787367c9 -> 
  custom:audio-decoder-ogg-vorbis: bf7c407c2cedff20999df2af8eb42d56 -> 
  custom:audio-encoder-webm-vorbis: bf7c407c2cedff20999df2af8eb42d56 -> 
  custom:scripting/precompiled-assembly-types:Assembly-CSharp: 1d916cefdbaeabe5f1b6bb49c9306982 -> 1395350fe2edf283cd03c3e3e2a79830
========================================================================
Received Prepare
Caller must complete domain reload
Begin MonoManager ReloadAssembly
Thread 0x16b687000 may have been prematurely finalized
- Loaded All Assemblies, in  0.163 seconds
Native extension for OSXStandalone target not found
Mono: successfully reloaded assembly
- Finished resetting the current domain, in  0.400 seconds
Domain Reload Profiling: 564ms
	BeginReloadAssembly (53ms)
		ExecutionOrderSort (0ms)
		DisableScriptedObjects (2ms)
		BackupInstance (0ms)
		ReleaseScriptingObjects (0ms)
		CreateAndSetChildDomain (12ms)
	RebuildCommonClasses (14ms)
	RebuildNativeTypeToScriptingClass (5ms)
	initialDomainReloadingComplete (9ms)
	LoadAllAssembliesAndSetupDomain (82ms)
		LoadAssemblies (94ms)
		RebuildTransferFunctionScriptingTraits (0ms)
		AnalyzeDomain (10ms)
			TypeCache.Refresh (4ms)
				TypeCache.ScanAssembly (0ms)
			ScanForSourceGeneratedMonoScriptInfo (0ms)
			ResolveRequiredComponents (6ms)
	FinalizeReload (400ms)
		ReleaseScriptCaches (0ms)
		RebuildScriptCaches (0ms)
		SetupLoadedEditorAssemblies (217ms)
			LogAssemblyErrors (0ms)
			InitializePlatformSupportModulesInManaged (2ms)
			SetLoadedEditorAssemblies (2ms)
			RefreshPlugins (0ms)
			BeforeProcessingInitializeOnLoad (28ms)
			ProcessInitializeOnLoadAttributes (162ms)
			ProcessInitializeOnLoadMethodAttributes (23ms)
			AfterProcessingInitializeOnLoad (0ms)
			EditorAssembliesLoaded (0ms)
		ExecutionOrderSort2 (0ms)
		AwakeInstancesAfterBackupRestoration (7ms)
WARNING: Shader Unsupported: 'Universal Render Pipeline/VR/SpatialMapping/Wireframe' - All subshaders removed
WARNING: Shader Did you use #pragma only_renderers and omit this platform?
WARNING: Shader If subshaders removal was intentional, you may have forgotten turning Fallback off?
WARNING: Shader Unsupported: 'Universal Render Pipeline/VR/SpatialMapping/Wireframe' - All subshaders removed
WARNING: Shader Did you use #pragma only_renderers and omit this platform?
WARNING: Shader If subshaders removal was intentional, you may have forgotten turning Fallback off?
WARNING: Shader Unsupported: 'Hidden/Builtin_TerrainVisualization' - All subshaders removed
WARNING: Shader Did you use #pragma only_renderers and omit this platform?
WARNING: Shader If subshaders removal was intentional, you may have forgotten turning Fallback off?
WARNING: Shader Unsupported: 'Hidden/Builtin_TerrainVisualization' - All subshaders removed
WARNING: Shader Did you use #pragma only_renderers and omit this platform?
WARNING: Shader If subshaders removal was intentional, you may have forgotten turning Fallback off?
Refreshing native plugins compatible for Editor in 2.88 ms, found 5 plugins.
Preloading 0 native plugins for Editor in 0.00 ms.
Unloading 5611 Unused Serialized files (Serialized files now loaded: 0)
Unloading 49 unused Assets / (3.7 MB). Loaded Objects now: 6824.
Memory consumption went from 311.1 MB to 307.4 MB.
Total: 3.390584 ms (FindLiveObjects: 0.230709 ms CreateObjectMapping: 0.065125 ms MarkObjects: 2.381167 ms  DeleteObjects: 0.713084 ms)

Prepare: number of updated asset objects reloaded= 0
AssetImportParameters requested are different than current active one (requested -> active):
  custom:container-demuxer-ogg: 62fdf1f143b41e24485cea50d1cbac27 -> 
  custom:scripting/monoscript/fileName/CRTDataObject.cs: f1de7395209245cd93b30dd15005e602 -> 
  custom:scripting/monoscript/fileName/CRTCameraBehaviour.cs: 30ff3bb5a6d12bf7a3270d52e64fce8c -> 
  custom:video-decoder-ogg-theora: a1e56fd34408186e4bbccfd4996cb3dc -> 
  custom:scripting/monoscript/fileName/Quad_controller.cs: f7f54a4dcd6a885b0486938ad49f3362 -> 
  custom:CustomObjectIndexerAttribute: 3ead1caaecf1c488f20bcfeb224b6af5 -> 
  custom:container-demuxer-webm: 4f35f7cbe854078d1ac9338744f61a02 -> 
  custom:container-muxer-webm: aa71ff27fc2769a1b78a27578f13a17b -> 
  custom:video-decoder-webm-vp8: 9c59270c3fd7afecdb556c50c9e8de78 -> 
  custom:SearchIndexIgnoredProperties: e643bd26f0fe6173181afceb89e7c659 -> 
  custom:AudioImporter_EditorPlatform: 3918e3fc78b5a79bad01e8451be0beb8 -> 
  custom:scripting/monoscript/fileName/CRTRenderSettingsObject.cs: 24bb0e83561f29e599898e7a5864aecc -> 
  custom:framework-osx-AVFoundation: e770b220cccbd017edd2c1fefb359320 -> 
  custom:scripting/monoscript/fileName/RandomQuadFade.cs: f7f54a4dcd6a885b0486938ad49f3362 -> 
  custom:video-encoder-webm-vp8: eb34c28f22e8b96e1ab97ce403110664 -> 
  custom:scripting/monoscript/fileName/CRTDemoBehaviour.cs: 20f57549ec3eef6393f5bf74787367c9 -> 
  custom:audio-decoder-ogg-vorbis: bf7c407c2cedff20999df2af8eb42d56 -> 
  custom:audio-encoder-webm-vorbis: bf7c407c2cedff20999df2af8eb42d56 -> 
  custom:scripting/precompiled-assembly-types:Assembly-CSharp: 1d916cefdbaeabe5f1b6bb49c9306982 -> 1395350fe2edf283cd03c3e3e2a79830
========================================================================
Received Prepare
Caller must complete domain reload
Begin MonoManager ReloadAssembly
Thread 0x16b687000 may have been prematurely finalized
- Loaded All Assemblies, in  0.162 seconds
Native extension for OSXStandalone target not found
Mono: successfully reloaded assembly
- Finished resetting the current domain, in  0.422 seconds
Domain Reload Profiling: 584ms
	BeginReloadAssembly (53ms)
		ExecutionOrderSort (0ms)
		DisableScriptedObjects (2ms)
		BackupInstance (0ms)
		ReleaseScriptingObjects (0ms)
		CreateAndSetChildDomain (12ms)
	RebuildCommonClasses (14ms)
	RebuildNativeTypeToScriptingClass (5ms)
	initialDomainReloadingComplete (9ms)
	LoadAllAssembliesAndSetupDomain (81ms)
		LoadAssemblies (92ms)
		RebuildTransferFunctionScriptingTraits (0ms)
		AnalyzeDomain (10ms)
			TypeCache.Refresh (4ms)
				TypeCache.ScanAssembly (0ms)
			ScanForSourceGeneratedMonoScriptInfo (0ms)
			ResolveRequiredComponents (6ms)
	FinalizeReload (422ms)
		ReleaseScriptCaches (0ms)
		RebuildScriptCaches (0ms)
		SetupLoadedEditorAssemblies (217ms)
			LogAssemblyErrors (0ms)
			InitializePlatformSupportModulesInManaged (2ms)
			SetLoadedEditorAssemblies (2ms)
			RefreshPlugins (0ms)
			BeforeProcessingInitializeOnLoad (28ms)
			ProcessInitializeOnLoadAttributes (160ms)
			ProcessInitializeOnLoadMethodAttributes (24ms)
			AfterProcessingInitializeOnLoad (2ms)
			EditorAssembliesLoaded (0ms)
		ExecutionOrderSort2 (0ms)
		AwakeInstancesAfterBackupRestoration (7ms)
WARNING: Shader Unsupported: 'Universal Render Pipeline/VR/SpatialMapping/Wireframe' - All subshaders removed
WARNING: Shader Did you use #pragma only_renderers and omit this platform?
WARNING: Shader If subshaders removal was intentional, you may have forgotten turning Fallback off?
WARNING: Shader Unsupported: 'Universal Render Pipeline/VR/SpatialMapping/Wireframe' - All subshaders removed
WARNING: Shader Did you use #pragma only_renderers and omit this platform?
WARNING: Shader If subshaders removal was intentional, you may have forgotten turning Fallback off?
WARNING: Shader Unsupported: 'Hidden/Builtin_TerrainVisualization' - All subshaders removed
WARNING: Shader Did you use #pragma only_renderers and omit this platform?
WARNING: Shader If subshaders removal was intentional, you may have forgotten turning Fallback off?
WARNING: Shader Unsupported: 'Hidden/Builtin_TerrainVisualization' - All subshaders removed
WARNING: Shader Did you use #pragma only_renderers and omit this platform?
WARNING: Shader If subshaders removal was intentional, you may have forgotten turning Fallback off?
Refreshing native plugins compatible for Editor in 3.44 ms, found 5 plugins.
Preloading 0 native plugins for Editor in 0.00 ms.
Unloading 5611 Unused Serialized files (Serialized files now loaded: 0)
Unloading 49 unused Assets / (3.7 MB). Loaded Objects now: 6843.
Memory consumption went from 313.9 MB to 310.2 MB.
Total: 2.988541 ms (FindLiveObjects: 0.251958 ms CreateObjectMapping: 0.060666 ms MarkObjects: 2.225542 ms  DeleteObjects: 0.449709 ms)

Prepare: number of updated asset objects reloaded= 0
AssetImportParameters requested are different than current active one (requested -> active):
  custom:container-demuxer-ogg: 62fdf1f143b41e24485cea50d1cbac27 -> 
  custom:scripting/monoscript/fileName/CRTDataObject.cs: f1de7395209245cd93b30dd15005e602 -> 
  custom:scripting/monoscript/fileName/CRTCameraBehaviour.cs: 30ff3bb5a6d12bf7a3270d52e64fce8c -> 
  custom:video-decoder-ogg-theora: a1e56fd34408186e4bbccfd4996cb3dc -> 
  custom:scripting/monoscript/fileName/Quad_controller.cs: f7f54a4dcd6a885b0486938ad49f3362 -> 
  custom:CustomObjectIndexerAttribute: 3ead1caaecf1c488f20bcfeb224b6af5 -> 
  custom:container-demuxer-webm: 4f35f7cbe854078d1ac9338744f61a02 -> 
  custom:container-muxer-webm: aa71ff27fc2769a1b78a27578f13a17b -> 
  custom:video-decoder-webm-vp8: 9c59270c3fd7afecdb556c50c9e8de78 -> 
  custom:SearchIndexIgnoredProperties: e643bd26f0fe6173181afceb89e7c659 -> 
  custom:AudioImporter_EditorPlatform: 3918e3fc78b5a79bad01e8451be0beb8 -> 
  custom:scripting/monoscript/fileName/CRTRenderSettingsObject.cs: 24bb0e83561f29e599898e7a5864aecc -> 
  custom:framework-osx-AVFoundation: e770b220cccbd017edd2c1fefb359320 -> 
  custom:scripting/monoscript/fileName/RandomQuadFade.cs: f7f54a4dcd6a885b0486938ad49f3362 -> 
  custom:video-encoder-webm-vp8: eb34c28f22e8b96e1ab97ce403110664 -> 
  custom:scripting/monoscript/fileName/CRTDemoBehaviour.cs: 20f57549ec3eef6393f5bf74787367c9 -> 
  custom:audio-decoder-ogg-vorbis: bf7c407c2cedff20999df2af8eb42d56 -> 
  custom:audio-encoder-webm-vorbis: bf7c407c2cedff20999df2af8eb42d56 -> 
  custom:scripting/precompiled-assembly-types:Assembly-CSharp: 1d916cefdbaeabe5f1b6bb49c9306982 -> 1395350fe2edf283cd03c3e3e2a79830
========================================================================
Received Prepare
Caller must complete domain reload
Begin MonoManager ReloadAssembly
Thread 0x16b687000 may have been prematurely finalized
- Loaded All Assemblies, in  0.166 seconds
Native extension for OSXStandalone target not found
Mono: successfully reloaded assembly
- Finished resetting the current domain, in  0.421 seconds
Domain Reload Profiling: 587ms
	BeginReloadAssembly (55ms)
		ExecutionOrderSort (0ms)
		DisableScriptedObjects (2ms)
		BackupInstance (0ms)
		ReleaseScriptingObjects (0ms)
		CreateAndSetChildDomain (12ms)
	RebuildCommonClasses (14ms)
	RebuildNativeTypeToScriptingClass (5ms)
	initialDomainReloadingComplete (9ms)
	LoadAllAssembliesAndSetupDomain (83ms)
		LoadAssemblies (96ms)
		RebuildTransferFunctionScriptingTraits (0ms)
		AnalyzeDomain (10ms)
			TypeCache.Refresh (3ms)
				TypeCache.ScanAssembly (0ms)
			ScanForSourceGeneratedMonoScriptInfo (0ms)
			ResolveRequiredComponents (6ms)
	FinalizeReload (422ms)
		ReleaseScriptCaches (0ms)
		RebuildScriptCaches (0ms)
		SetupLoadedEditorAssemblies (216ms)
			LogAssemblyErrors (0ms)
			InitializePlatformSupportModulesInManaged (2ms)
			SetLoadedEditorAssemblies (2ms)
			RefreshPlugins (0ms)
			BeforeProcessingInitializeOnLoad (28ms)
			ProcessInitializeOnLoadAttributes (161ms)
			ProcessInitializeOnLoadMethodAttributes (23ms)
			AfterProcessingInitializeOnLoad (1ms)
			EditorAssembliesLoaded (0ms)
		ExecutionOrderSort2 (0ms)
		AwakeInstancesAfterBackupRestoration (7ms)
WARNING: Shader Unsupported: 'Universal Render Pipeline/VR/SpatialMapping/Wireframe' - All subshaders removed
WARNING: Shader Did you use #pragma only_renderers and omit this platform?
WARNING: Shader If subshaders removal was intentional, you may have forgotten turning Fallback off?
WARNING: Shader Unsupported: 'Universal Render Pipeline/VR/SpatialMapping/Wireframe' - All subshaders removed
WARNING: Shader Did you use #pragma only_renderers and omit this platform?
WARNING: Shader If subshaders removal was intentional, you may have forgotten turning Fallback off?
WARNING: Shader Unsupported: 'Hidden/Builtin_TerrainVisualization' - All subshaders removed
WARNING: Shader Did you use #pragma only_renderers and omit this platform?
WARNING: Shader If subshaders removal was intentional, you may have forgotten turning Fallback off?
WARNING: Shader Unsupported: 'Hidden/Builtin_TerrainVisualization' - All subshaders removed
WARNING: Shader Did you use #pragma only_renderers and omit this platform?
WARNING: Shader If subshaders removal was intentional, you may have forgotten turning Fallback off?
Refreshing native plugins compatible for Editor in 3.44 ms, found 5 plugins.
Preloading 0 native plugins for Editor in 0.00 ms.
Unloading 5611 Unused Serialized files (Serialized files now loaded: 0)
Unloading 49 unused Assets / (3.7 MB). Loaded Objects now: 6862.
Memory consumption went from 316.8 MB to 313.1 MB.
Total: 2.929375 ms (FindLiveObjects: 0.215708 ms CreateObjectMapping: 0.062917 ms MarkObjects: 2.051459 ms  DeleteObjects: 0.598500 ms)

Prepare: number of updated asset objects reloaded= 0
AssetImportParameters requested are different than current active one (requested -> active):
  custom:container-demuxer-ogg: 62fdf1f143b41e24485cea50d1cbac27 -> 
  custom:scripting/monoscript/fileName/CRTDataObject.cs: f1de7395209245cd93b30dd15005e602 -> 
  custom:scripting/monoscript/fileName/CRTCameraBehaviour.cs: 30ff3bb5a6d12bf7a3270d52e64fce8c -> 
  custom:video-decoder-ogg-theora: a1e56fd34408186e4bbccfd4996cb3dc -> 
  custom:scripting/monoscript/fileName/Quad_controller.cs: f7f54a4dcd6a885b0486938ad49f3362 -> 
  custom:CustomObjectIndexerAttribute: 3ead1caaecf1c488f20bcfeb224b6af5 -> 
  custom:container-demuxer-webm: 4f35f7cbe854078d1ac9338744f61a02 -> 
  custom:container-muxer-webm: aa71ff27fc2769a1b78a27578f13a17b -> 
  custom:video-decoder-webm-vp8: 9c59270c3fd7afecdb556c50c9e8de78 -> 
  custom:SearchIndexIgnoredProperties: e643bd26f0fe6173181afceb89e7c659 -> 
  custom:AudioImporter_EditorPlatform: 3918e3fc78b5a79bad01e8451be0beb8 -> 
  custom:scripting/monoscript/fileName/CRTRenderSettingsObject.cs: 24bb0e83561f29e599898e7a5864aecc -> 
  custom:framework-osx-AVFoundation: e770b220cccbd017edd2c1fefb359320 -> 
  custom:scripting/monoscript/fileName/RandomQuadFade.cs: f7f54a4dcd6a885b0486938ad49f3362 -> 
  custom:video-encoder-webm-vp8: eb34c28f22e8b96e1ab97ce403110664 -> 
  custom:scripting/monoscript/fileName/CRTDemoBehaviour.cs: 20f57549ec3eef6393f5bf74787367c9 -> 
  custom:audio-decoder-ogg-vorbis: bf7c407c2cedff20999df2af8eb42d56 -> 
  custom:audio-encoder-webm-vorbis: bf7c407c2cedff20999df2af8eb42d56 -> 
  custom:scripting/precompiled-assembly-types:Assembly-CSharp: 1d916cefdbaeabe5f1b6bb49c9306982 -> 1395350fe2edf283cd03c3e3e2a79830
========================================================================
Received Prepare
Caller must complete domain reload
Begin MonoManager ReloadAssembly
Thread 0x16b687000 may have been prematurely finalized
- Loaded All Assemblies, in  0.163 seconds
Native extension for OSXStandalone target not found
Mono: successfully reloaded assembly
- Finished resetting the current domain, in  0.422 seconds
Domain Reload Profiling: 585ms
	BeginReloadAssembly (53ms)
		ExecutionOrderSort (0ms)
		DisableScriptedObjects (2ms)
		BackupInstance (0ms)
		ReleaseScriptingObjects (0ms)
		CreateAndSetChildDomain (12ms)
	RebuildCommonClasses (14ms)
	RebuildNativeTypeToScriptingClass (5ms)
	initialDomainReloadingComplete (9ms)
	LoadAllAssembliesAndSetupDomain (82ms)
		LoadAssemblies (94ms)
		RebuildTransferFunctionScriptingTraits (0ms)
		AnalyzeDomain (10ms)
			TypeCache.Refresh (4ms)
				TypeCache.ScanAssembly (0ms)
			ScanForSourceGeneratedMonoScriptInfo (0ms)
			ResolveRequiredComponents (6ms)
	FinalizeReload (423ms)
		ReleaseScriptCaches (0ms)
		RebuildScriptCaches (0ms)
		SetupLoadedEditorAssemblies (217ms)
			LogAssemblyErrors (0ms)
			InitializePlatformSupportModulesInManaged (2ms)
			SetLoadedEditorAssemblies (2ms)
			RefreshPlugins (0ms)
			BeforeProcessingInitializeOnLoad (28ms)
			ProcessInitializeOnLoadAttributes (161ms)
			ProcessInitializeOnLoadMethodAttributes (24ms)
			AfterProcessingInitializeOnLoad (1ms)
			EditorAssembliesLoaded (0ms)
		ExecutionOrderSort2 (0ms)
		AwakeInstancesAfterBackupRestoration (8ms)
WARNING: Shader Unsupported: 'Universal Render Pipeline/VR/SpatialMapping/Wireframe' - All subshaders removed
WARNING: Shader Did you use #pragma only_renderers and omit this platform?
WARNING: Shader If subshaders removal was intentional, you may have forgotten turning Fallback off?
WARNING: Shader Unsupported: 'Universal Render Pipeline/VR/SpatialMapping/Wireframe' - All subshaders removed
WARNING: Shader Did you use #pragma only_renderers and omit this platform?
WARNING: Shader If subshaders removal was intentional, you may have forgotten turning Fallback off?
WARNING: Shader Unsupported: 'Hidden/Builtin_TerrainVisualization' - All subshaders removed
WARNING: Shader Did you use #pragma only_renderers and omit this platform?
WARNING: Shader If subshaders removal was intentional, you may have forgotten turning Fallback off?
WARNING: Shader Unsupported: 'Hidden/Builtin_TerrainVisualization' - All subshaders removed
WARNING: Shader Did you use #pragma only_renderers and omit this platform?
WARNING: Shader If subshaders removal was intentional, you may have forgotten turning Fallback off?
Refreshing native plugins compatible for Editor in 3.42 ms, found 5 plugins.
Preloading 0 native plugins for Editor in 0.00 ms.
Unloading 5611 Unused Serialized files (Serialized files now loaded: 0)
Unloading 49 unused Assets / (3.7 MB). Loaded Objects now: 6881.
Memory consumption went from 319.6 MB to 315.9 MB.
Total: 2.899125 ms (FindLiveObjects: 0.245792 ms CreateObjectMapping: 0.063208 ms MarkObjects: 2.006625 ms  DeleteObjects: 0.582916 ms)

Prepare: number of updated asset objects reloaded= 0
AssetImportParameters requested are different than current active one (requested -> active):
  custom:container-demuxer-ogg: 62fdf1f143b41e24485cea50d1cbac27 -> 
  custom:scripting/monoscript/fileName/CRTDataObject.cs: f1de7395209245cd93b30dd15005e602 -> 
  custom:scripting/monoscript/fileName/CRTCameraBehaviour.cs: 30ff3bb5a6d12bf7a3270d52e64fce8c -> 
  custom:video-decoder-ogg-theora: a1e56fd34408186e4bbccfd4996cb3dc -> 
  custom:scripting/monoscript/fileName/Quad_controller.cs: f7f54a4dcd6a885b0486938ad49f3362 -> 
  custom:CustomObjectIndexerAttribute: 3ead1caaecf1c488f20bcfeb224b6af5 -> 
  custom:container-demuxer-webm: 4f35f7cbe854078d1ac9338744f61a02 -> 
  custom:container-muxer-webm: aa71ff27fc2769a1b78a27578f13a17b -> 
  custom:video-decoder-webm-vp8: 9c59270c3fd7afecdb556c50c9e8de78 -> 
  custom:SearchIndexIgnoredProperties: e643bd26f0fe6173181afceb89e7c659 -> 
  custom:AudioImporter_EditorPlatform: 3918e3fc78b5a79bad01e8451be0beb8 -> 
  custom:scripting/monoscript/fileName/CRTRenderSettingsObject.cs: 24bb0e83561f29e599898e7a5864aecc -> 
  custom:framework-osx-AVFoundation: e770b220cccbd017edd2c1fefb359320 -> 
  custom:scripting/monoscript/fileName/RandomQuadFade.cs: f7f54a4dcd6a885b0486938ad49f3362 -> 
  custom:video-encoder-webm-vp8: eb34c28f22e8b96e1ab97ce403110664 -> 
  custom:scripting/monoscript/fileName/CRTDemoBehaviour.cs: 20f57549ec3eef6393f5bf74787367c9 -> 
  custom:audio-decoder-ogg-vorbis: bf7c407c2cedff20999df2af8eb42d56 -> 
  custom:audio-encoder-webm-vorbis: bf7c407c2cedff20999df2af8eb42d56 -> 
  custom:scripting/precompiled-assembly-types:Assembly-CSharp: 1d916cefdbaeabe5f1b6bb49c9306982 -> 1395350fe2edf283cd03c3e3e2a79830
========================================================================
Received Prepare
Caller must complete domain reload
Begin MonoManager ReloadAssembly
Thread 0x16b687000 may have been prematurely finalized
- Loaded All Assemblies, in  0.166 seconds
Native extension for OSXStandalone target not found
Mono: successfully reloaded assembly
- Finished resetting the current domain, in  0.425 seconds
Domain Reload Profiling: 591ms
	BeginReloadAssembly (54ms)
		ExecutionOrderSort (0ms)
		DisableScriptedObjects (2ms)
		BackupInstance (0ms)
		ReleaseScriptingObjects (0ms)
		CreateAndSetChildDomain (12ms)
	RebuildCommonClasses (14ms)
	RebuildNativeTypeToScriptingClass (5ms)
	initialDomainReloadingComplete (9ms)
	LoadAllAssembliesAndSetupDomain (84ms)
		LoadAssemblies (96ms)
		RebuildTransferFunctionScriptingTraits (0ms)
		AnalyzeDomain (10ms)
			TypeCache.Refresh (4ms)
				TypeCache.ScanAssembly (0ms)
			ScanForSourceGeneratedMonoScriptInfo (0ms)
			ResolveRequiredComponents (6ms)
	FinalizeReload (425ms)
		ReleaseScriptCaches (0ms)
		RebuildScriptCaches (0ms)
		SetupLoadedEditorAssemblies (218ms)
			LogAssemblyErrors (0ms)
			InitializePlatformSupportModulesInManaged (2ms)
			SetLoadedEditorAssemblies (2ms)
			RefreshPlugins (0ms)
			BeforeProcessingInitializeOnLoad (28ms)
			ProcessInitializeOnLoadAttributes (159ms)
			ProcessInitializeOnLoadMethodAttributes (24ms)
			AfterProcessingInitializeOnLoad (3ms)
			EditorAssembliesLoaded (0ms)
		ExecutionOrderSort2 (0ms)
		AwakeInstancesAfterBackupRestoration (7ms)
WARNING: Shader Unsupported: 'Universal Render Pipeline/VR/SpatialMapping/Wireframe' - All subshaders removed
WARNING: Shader Did you use #pragma only_renderers and omit this platform?
WARNING: Shader If subshaders removal was intentional, you may have forgotten turning Fallback off?
WARNING: Shader Unsupported: 'Universal Render Pipeline/VR/SpatialMapping/Wireframe' - All subshaders removed
WARNING: Shader Did you use #pragma only_renderers and omit this platform?
WARNING: Shader If subshaders removal was intentional, you may have forgotten turning Fallback off?
WARNING: Shader Unsupported: 'Hidden/Builtin_TerrainVisualization' - All subshaders removed
WARNING: Shader Did you use #pragma only_renderers and omit this platform?
WARNING: Shader If subshaders removal was intentional, you may have forgotten turning Fallback off?
WARNING: Shader Unsupported: 'Hidden/Builtin_TerrainVisualization' - All subshaders removed
WARNING: Shader Did you use #pragma only_renderers and omit this platform?
WARNING: Shader If subshaders removal was intentional, you may have forgotten turning Fallback off?
Refreshing native plugins compatible for Editor in 3.28 ms, found 5 plugins.
Preloading 0 native plugins for Editor in 0.00 ms.
Unloading 5611 Unused Serialized files (Serialized files now loaded: 0)
Unloading 49 unused Assets / (3.7 MB). Loaded Objects now: 6900.
Memory consumption went from 322.5 MB to 318.8 MB.
Total: 3.082000 ms (FindLiveObjects: 0.243458 ms CreateObjectMapping: 0.056291 ms MarkObjects: 2.237125 ms  DeleteObjects: 0.544750 ms)

Prepare: number of updated asset objects reloaded= 0
AssetImportParameters requested are different than current active one (requested -> active):
  custom:container-demuxer-ogg: 62fdf1f143b41e24485cea50d1cbac27 -> 
  custom:scripting/monoscript/fileName/CRTDataObject.cs: f1de7395209245cd93b30dd15005e602 -> 
  custom:scripting/monoscript/fileName/CRTCameraBehaviour.cs: 30ff3bb5a6d12bf7a3270d52e64fce8c -> 
  custom:video-decoder-ogg-theora: a1e56fd34408186e4bbccfd4996cb3dc -> 
  custom:scripting/monoscript/fileName/Quad_controller.cs: f7f54a4dcd6a885b0486938ad49f3362 -> 
  custom:CustomObjectIndexerAttribute: 3ead1caaecf1c488f20bcfeb224b6af5 -> 
  custom:container-demuxer-webm: 4f35f7cbe854078d1ac9338744f61a02 -> 
  custom:container-muxer-webm: aa71ff27fc2769a1b78a27578f13a17b -> 
  custom:video-decoder-webm-vp8: 9c59270c3fd7afecdb556c50c9e8de78 -> 
  custom:SearchIndexIgnoredProperties: e643bd26f0fe6173181afceb89e7c659 -> 
  custom:AudioImporter_EditorPlatform: 3918e3fc78b5a79bad01e8451be0beb8 -> 
  custom:scripting/monoscript/fileName/CRTRenderSettingsObject.cs: 24bb0e83561f29e599898e7a5864aecc -> 
  custom:framework-osx-AVFoundation: e770b220cccbd017edd2c1fefb359320 -> 
  custom:scripting/monoscript/fileName/RandomQuadFade.cs: f7f54a4dcd6a885b0486938ad49f3362 -> 
  custom:video-encoder-webm-vp8: eb34c28f22e8b96e1ab97ce403110664 -> 
  custom:scripting/monoscript/fileName/CRTDemoBehaviour.cs: 20f57549ec3eef6393f5bf74787367c9 -> 
  custom:audio-decoder-ogg-vorbis: bf7c407c2cedff20999df2af8eb42d56 -> 
  custom:audio-encoder-webm-vorbis: bf7c407c2cedff20999df2af8eb42d56 -> 
  custom:scripting/precompiled-assembly-types:Assembly-CSharp: 1d916cefdbaeabe5f1b6bb49c9306982 -> 1395350fe2edf283cd03c3e3e2a79830
========================================================================
Received Prepare
Caller must complete domain reload
Begin MonoManager ReloadAssembly
Thread 0x16b687000 may have been prematurely finalized
- Loaded All Assemblies, in  0.181 seconds
Native extension for OSXStandalone target not found
Mono: successfully reloaded assembly
- Finished resetting the current domain, in  0.855 seconds
Domain Reload Profiling: 1036ms
	BeginReloadAssembly (53ms)
		ExecutionOrderSort (0ms)
		DisableScriptedObjects (2ms)
		BackupInstance (0ms)
		ReleaseScriptingObjects (0ms)
		CreateAndSetChildDomain (12ms)
	RebuildCommonClasses (13ms)
	RebuildNativeTypeToScriptingClass (5ms)
	initialDomainReloadingComplete (8ms)
	LoadAllAssembliesAndSetupDomain (101ms)
		LoadAssemblies (112ms)
		RebuildTransferFunctionScriptingTraits (0ms)
		AnalyzeDomain (10ms)
			TypeCache.Refresh (4ms)
				TypeCache.ScanAssembly (0ms)
			ScanForSourceGeneratedMonoScriptInfo (0ms)
			ResolveRequiredComponents (6ms)
	FinalizeReload (855ms)
		ReleaseScriptCaches (0ms)
		RebuildScriptCaches (0ms)
		SetupLoadedEditorAssemblies (235ms)
			LogAssemblyErrors (0ms)
			InitializePlatformSupportModulesInManaged (2ms)
			SetLoadedEditorAssemblies (2ms)
			RefreshPlugins (0ms)
			BeforeProcessingInitializeOnLoad (29ms)
			ProcessInitializeOnLoadAttributes (173ms)
			ProcessInitializeOnLoadMethodAttributes (28ms)
			AfterProcessingInitializeOnLoad (1ms)
			EditorAssembliesLoaded (0ms)
		ExecutionOrderSort2 (0ms)
		AwakeInstancesAfterBackupRestoration (8ms)
WARNING: Shader Unsupported: 'Universal Render Pipeline/VR/SpatialMapping/Wireframe' - All subshaders removed
WARNING: Shader Did you use #pragma only_renderers and omit this platform?
WARNING: Shader If subshaders removal was intentional, you may have forgotten turning Fallback off?
WARNING: Shader Unsupported: 'Universal Render Pipeline/VR/SpatialMapping/Wireframe' - All subshaders removed
WARNING: Shader Did you use #pragma only_renderers and omit this platform?
WARNING: Shader If subshaders removal was intentional, you may have forgotten turning Fallback off?
WARNING: Shader Unsupported: 'Hidden/Builtin_TerrainVisualization' - All subshaders removed
WARNING: Shader Did you use #pragma only_renderers and omit this platform?
WARNING: Shader If subshaders removal was intentional, you may have forgotten turning Fallback off?
WARNING: Shader Unsupported: 'Hidden/Builtin_TerrainVisualization' - All subshaders removed
WARNING: Shader Did you use #pragma only_renderers and omit this platform?
WARNING: Shader If subshaders removal was intentional, you may have forgotten turning Fallback off?
Refreshing native plugins compatible for Editor in 3.59 ms, found 5 plugins.
Preloading 0 native plugins for Editor in 0.00 ms.
Unloading 5611 Unused Serialized files (Serialized files now loaded: 0)
Unloading 49 unused Assets / (3.7 MB). Loaded Objects now: 6919.
Memory consumption went from 325.3 MB to 321.7 MB.
Total: 3.986209 ms (FindLiveObjects: 0.266834 ms CreateObjectMapping: 0.090250 ms MarkObjects: 2.963666 ms  DeleteObjects: 0.664625 ms)

Prepare: number of updated asset objects reloaded= 0
AssetImportParameters requested are different than current active one (requested -> active):
  custom:container-demuxer-ogg: 62fdf1f143b41e24485cea50d1cbac27 -> 
  custom:scripting/monoscript/fileName/CRTDataObject.cs: f1de7395209245cd93b30dd15005e602 -> 
  custom:scripting/monoscript/fileName/CRTCameraBehaviour.cs: 30ff3bb5a6d12bf7a3270d52e64fce8c -> 
  custom:video-decoder-ogg-theora: a1e56fd34408186e4bbccfd4996cb3dc -> 
  custom:scripting/monoscript/fileName/Quad_controller.cs: f7f54a4dcd6a885b0486938ad49f3362 -> 
  custom:CustomObjectIndexerAttribute: 3ead1caaecf1c488f20bcfeb224b6af5 -> 
  custom:container-demuxer-webm: 4f35f7cbe854078d1ac9338744f61a02 -> 
  custom:container-muxer-webm: aa71ff27fc2769a1b78a27578f13a17b -> 
  custom:video-decoder-webm-vp8: 9c59270c3fd7afecdb556c50c9e8de78 -> 
  custom:SearchIndexIgnoredProperties: e643bd26f0fe6173181afceb89e7c659 -> 
  custom:AudioImporter_EditorPlatform: 3918e3fc78b5a79bad01e8451be0beb8 -> 
  custom:scripting/monoscript/fileName/CRTRenderSettingsObject.cs: 24bb0e83561f29e599898e7a5864aecc -> 
  custom:framework-osx-AVFoundation: e770b220cccbd017edd2c1fefb359320 -> 
  custom:scripting/monoscript/fileName/RandomQuadFade.cs: f7f54a4dcd6a885b0486938ad49f3362 -> 
  custom:video-encoder-webm-vp8: eb34c28f22e8b96e1ab97ce403110664 -> 
  custom:scripting/monoscript/fileName/CRTDemoBehaviour.cs: 20f57549ec3eef6393f5bf74787367c9 -> 
  custom:audio-decoder-ogg-vorbis: bf7c407c2cedff20999df2af8eb42d56 -> 
  custom:audio-encoder-webm-vorbis: bf7c407c2cedff20999df2af8eb42d56 -> 
  custom:scripting/precompiled-assembly-types:Assembly-CSharp: 1d916cefdbaeabe5f1b6bb49c9306982 -> 1395350fe2edf283cd03c3e3e2a79830
========================================================================
Received Prepare
Caller must complete domain reload
Begin MonoManager ReloadAssembly
Thread 0x16b687000 may have been prematurely finalized
- Loaded All Assemblies, in  0.158 seconds
Native extension for OSXStandalone target not found
Mono: successfully reloaded assembly
- Finished resetting the current domain, in  0.426 seconds
Domain Reload Profiling: 584ms
	BeginReloadAssembly (51ms)
		ExecutionOrderSort (0ms)
		DisableScriptedObjects (2ms)
		BackupInstance (0ms)
		ReleaseScriptingObjects (0ms)
		CreateAndSetChildDomain (12ms)
	RebuildCommonClasses (13ms)
	RebuildNativeTypeToScriptingClass (5ms)
	initialDomainReloadingComplete (8ms)
	LoadAllAssembliesAndSetupDomain (80ms)
		LoadAssemblies (90ms)
		RebuildTransferFunctionScriptingTraits (0ms)
		AnalyzeDomain (10ms)
			TypeCache.Refresh (4ms)
				TypeCache.ScanAssembly (0ms)
			ScanForSourceGeneratedMonoScriptInfo (0ms)
			ResolveRequiredComponents (6ms)
	FinalizeReload (426ms)
		ReleaseScriptCaches (0ms)
		RebuildScriptCaches (0ms)
		SetupLoadedEditorAssemblies (218ms)
			LogAssemblyErrors (0ms)
			InitializePlatformSupportModulesInManaged (2ms)
			SetLoadedEditorAssemblies (2ms)
			RefreshPlugins (0ms)
			BeforeProcessingInitializeOnLoad (28ms)
			ProcessInitializeOnLoadAttributes (162ms)
			ProcessInitializeOnLoadMethodAttributes (24ms)
			AfterProcessingInitializeOnLoad (0ms)
			EditorAssembliesLoaded (0ms)
		ExecutionOrderSort2 (0ms)
		AwakeInstancesAfterBackupRestoration (7ms)
WARNING: Shader Unsupported: 'Universal Render Pipeline/VR/SpatialMapping/Wireframe' - All subshaders removed
WARNING: Shader Did you use #pragma only_renderers and omit this platform?
WARNING: Shader If subshaders removal was intentional, you may have forgotten turning Fallback off?
WARNING: Shader Unsupported: 'Universal Render Pipeline/VR/SpatialMapping/Wireframe' - All subshaders removed
WARNING: Shader Did you use #pragma only_renderers and omit this platform?
WARNING: Shader If subshaders removal was intentional, you may have forgotten turning Fallback off?
WARNING: Shader Unsupported: 'Hidden/Builtin_TerrainVisualization' - All subshaders removed
WARNING: Shader Did you use #pragma only_renderers and omit this platform?
WARNING: Shader If subshaders removal was intentional, you may have forgotten turning Fallback off?
WARNING: Shader Unsupported: 'Hidden/Builtin_TerrainVisualization' - All subshaders removed
WARNING: Shader Did you use #pragma only_renderers and omit this platform?
WARNING: Shader If subshaders removal was intentional, you may have forgotten turning Fallback off?
Refreshing native plugins compatible for Editor in 3.31 ms, found 5 plugins.
Preloading 0 native plugins for Editor in 0.00 ms.
Unloading 5611 Unused Serialized files (Serialized files now loaded: 0)
Unloading 49 unused Assets / (3.7 MB). Loaded Objects now: 6938.
Memory consumption went from 328.2 MB to 324.5 MB.
Total: 3.282917 ms (FindLiveObjects: 0.241041 ms CreateObjectMapping: 0.077209 ms MarkObjects: 2.230209 ms  DeleteObjects: 0.733958 ms)

Prepare: number of updated asset objects reloaded= 0
AssetImportParameters requested are different than current active one (requested -> active):
  custom:container-demuxer-ogg: 62fdf1f143b41e24485cea50d1cbac27 -> 
  custom:scripting/monoscript/fileName/CRTDataObject.cs: f1de7395209245cd93b30dd15005e602 -> 
  custom:scripting/monoscript/fileName/CRTCameraBehaviour.cs: 30ff3bb5a6d12bf7a3270d52e64fce8c -> 
  custom:video-decoder-ogg-theora: a1e56fd34408186e4bbccfd4996cb3dc -> 
  custom:scripting/monoscript/fileName/Quad_controller.cs: f7f54a4dcd6a885b0486938ad49f3362 -> 
  custom:CustomObjectIndexerAttribute: 3ead1caaecf1c488f20bcfeb224b6af5 -> 
  custom:container-demuxer-webm: 4f35f7cbe854078d1ac9338744f61a02 -> 
  custom:container-muxer-webm: aa71ff27fc2769a1b78a27578f13a17b -> 
  custom:video-decoder-webm-vp8: 9c59270c3fd7afecdb556c50c9e8de78 -> 
  custom:SearchIndexIgnoredProperties: e643bd26f0fe6173181afceb89e7c659 -> 
  custom:AudioImporter_EditorPlatform: 3918e3fc78b5a79bad01e8451be0beb8 -> 
  custom:scripting/monoscript/fileName/CRTRenderSettingsObject.cs: 24bb0e83561f29e599898e7a5864aecc -> 
  custom:framework-osx-AVFoundation: e770b220cccbd017edd2c1fefb359320 -> 
  custom:scripting/monoscript/fileName/RandomQuadFade.cs: f7f54a4dcd6a885b0486938ad49f3362 -> 
  custom:video-encoder-webm-vp8: eb34c28f22e8b96e1ab97ce403110664 -> 
  custom:scripting/monoscript/fileName/CRTDemoBehaviour.cs: 20f57549ec3eef6393f5bf74787367c9 -> 
  custom:audio-decoder-ogg-vorbis: bf7c407c2cedff20999df2af8eb42d56 -> 
  custom:audio-encoder-webm-vorbis: bf7c407c2cedff20999df2af8eb42d56 -> 
  custom:scripting/precompiled-assembly-types:Assembly-CSharp: 1d916cefdbaeabe5f1b6bb49c9306982 -> 1395350fe2edf283cd03c3e3e2a79830
========================================================================
Received Prepare
Caller must complete domain reload
Begin MonoManager ReloadAssembly
Thread 0x16b687000 may have been prematurely finalized
- Loaded All Assemblies, in  0.164 seconds
Native extension for OSXStandalone target not found
Mono: successfully reloaded assembly
- Finished resetting the current domain, in  0.425 seconds
Domain Reload Profiling: 589ms
	BeginReloadAssembly (54ms)
		ExecutionOrderSort (0ms)
		DisableScriptedObjects (2ms)
		BackupInstance (0ms)
		ReleaseScriptingObjects (0ms)
		CreateAndSetChildDomain (12ms)
	RebuildCommonClasses (14ms)
	RebuildNativeTypeToScriptingClass (5ms)
	initialDomainReloadingComplete (9ms)
	LoadAllAssembliesAndSetupDomain (82ms)
		LoadAssemblies (94ms)
		RebuildTransferFunctionScriptingTraits (0ms)
		AnalyzeDomain (10ms)
			TypeCache.Refresh (4ms)
				TypeCache.ScanAssembly (0ms)
			ScanForSourceGeneratedMonoScriptInfo (0ms)
			ResolveRequiredComponents (6ms)
	FinalizeReload (425ms)
		ReleaseScriptCaches (0ms)
		RebuildScriptCaches (0ms)
		SetupLoadedEditorAssemblies (219ms)
			LogAssemblyErrors (0ms)
			InitializePlatformSupportModulesInManaged (2ms)
			SetLoadedEditorAssemblies (2ms)
			RefreshPlugins (0ms)
			BeforeProcessingInitializeOnLoad (28ms)
			ProcessInitializeOnLoadAttributes (162ms)
			ProcessInitializeOnLoadMethodAttributes (24ms)
			AfterProcessingInitializeOnLoad (0ms)
			EditorAssembliesLoaded (0ms)
		ExecutionOrderSort2 (0ms)
		AwakeInstancesAfterBackupRestoration (7ms)
WARNING: Shader Unsupported: 'Universal Render Pipeline/VR/SpatialMapping/Wireframe' - All subshaders removed
WARNING: Shader Did you use #pragma only_renderers and omit this platform?
WARNING: Shader If subshaders removal was intentional, you may have forgotten turning Fallback off?
WARNING: Shader Unsupported: 'Universal Render Pipeline/VR/SpatialMapping/Wireframe' - All subshaders removed
WARNING: Shader Did you use #pragma only_renderers and omit this platform?
WARNING: Shader If subshaders removal was intentional, you may have forgotten turning Fallback off?
WARNING: Shader Unsupported: 'Hidden/Builtin_TerrainVisualization' - All subshaders removed
WARNING: Shader Did you use #pragma only_renderers and omit this platform?
WARNING: Shader If subshaders removal was intentional, you may have forgotten turning Fallback off?
WARNING: Shader Unsupported: 'Hidden/Builtin_TerrainVisualization' - All subshaders removed
WARNING: Shader Did you use #pragma only_renderers and omit this platform?
WARNING: Shader If subshaders removal was intentional, you may have forgotten turning Fallback off?
Refreshing native plugins compatible for Editor in 3.24 ms, found 5 plugins.
Preloading 0 native plugins for Editor in 0.00 ms.
Unloading 5611 Unused Serialized files (Serialized files now loaded: 0)
Unloading 49 unused Assets / (3.7 MB). Loaded Objects now: 6957.
Memory consumption went from 331.0 MB to 327.3 MB.
Total: 3.018167 ms (FindLiveObjects: 0.208875 ms CreateObjectMapping: 0.056583 ms MarkObjects: 2.111042 ms  DeleteObjects: 0.641292 ms)

Prepare: number of updated asset objects reloaded= 0
AssetImportParameters requested are different than current active one (requested -> active):
  custom:container-demuxer-ogg: 62fdf1f143b41e24485cea50d1cbac27 -> 
  custom:scripting/monoscript/fileName/CRTDataObject.cs: f1de7395209245cd93b30dd15005e602 -> 
  custom:scripting/monoscript/fileName/CRTCameraBehaviour.cs: 30ff3bb5a6d12bf7a3270d52e64fce8c -> 
  custom:video-decoder-ogg-theora: a1e56fd34408186e4bbccfd4996cb3dc -> 
  custom:scripting/monoscript/fileName/Quad_controller.cs: f7f54a4dcd6a885b0486938ad49f3362 -> 
  custom:CustomObjectIndexerAttribute: 3ead1caaecf1c488f20bcfeb224b6af5 -> 
  custom:container-demuxer-webm: 4f35f7cbe854078d1ac9338744f61a02 -> 
  custom:container-muxer-webm: aa71ff27fc2769a1b78a27578f13a17b -> 
  custom:video-decoder-webm-vp8: 9c59270c3fd7afecdb556c50c9e8de78 -> 
  custom:SearchIndexIgnoredProperties: e643bd26f0fe6173181afceb89e7c659 -> 
  custom:AudioImporter_EditorPlatform: 3918e3fc78b5a79bad01e8451be0beb8 -> 
  custom:scripting/monoscript/fileName/CRTRenderSettingsObject.cs: 24bb0e83561f29e599898e7a5864aecc -> 
  custom:framework-osx-AVFoundation: e770b220cccbd017edd2c1fefb359320 -> 
  custom:scripting/monoscript/fileName/RandomQuadFade.cs: f7f54a4dcd6a885b0486938ad49f3362 -> 
  custom:video-encoder-webm-vp8: eb34c28f22e8b96e1ab97ce403110664 -> 
  custom:scripting/monoscript/fileName/CRTDemoBehaviour.cs: 20f57549ec3eef6393f5bf74787367c9 -> 
  custom:audio-decoder-ogg-vorbis: bf7c407c2cedff20999df2af8eb42d56 -> 
  custom:audio-encoder-webm-vorbis: bf7c407c2cedff20999df2af8eb42d56 -> 
  custom:scripting/precompiled-assembly-types:Assembly-CSharp: 1d916cefdbaeabe5f1b6bb49c9306982 -> 1395350fe2edf283cd03c3e3e2a79830
========================================================================
Received Prepare
Caller must complete domain reload
Begin MonoManager ReloadAssembly
Thread 0x16b687000 may have been prematurely finalized
- Loaded All Assemblies, in  0.161 seconds
Native extension for OSXStandalone target not found
Mono: successfully reloaded assembly
- Finished resetting the current domain, in  0.430 seconds
Domain Reload Profiling: 591ms
	BeginReloadAssembly (53ms)
		ExecutionOrderSort (0ms)
		DisableScriptedObjects (2ms)
		BackupInstance (0ms)
		ReleaseScriptingObjects (0ms)
		CreateAndSetChildDomain (12ms)
	RebuildCommonClasses (14ms)
	RebuildNativeTypeToScriptingClass (5ms)
	initialDomainReloadingComplete (9ms)
	LoadAllAssembliesAndSetupDomain (81ms)
		LoadAssemblies (92ms)
		RebuildTransferFunctionScriptingTraits (0ms)
		AnalyzeDomain (10ms)
			TypeCache.Refresh (3ms)
				TypeCache.ScanAssembly (0ms)
			ScanForSourceGeneratedMonoScriptInfo (0ms)
			ResolveRequiredComponents (6ms)
	FinalizeReload (430ms)
		ReleaseScriptCaches (0ms)
		RebuildScriptCaches (0ms)
		SetupLoadedEditorAssemblies (223ms)
			LogAssemblyErrors (0ms)
			InitializePlatformSupportModulesInManaged (2ms)
			SetLoadedEditorAssemblies (2ms)
			RefreshPlugins (0ms)
			BeforeProcessingInitializeOnLoad (31ms)
			ProcessInitializeOnLoadAttributes (164ms)
			ProcessInitializeOnLoadMethodAttributes (23ms)
			AfterProcessingInitializeOnLoad (0ms)
			EditorAssembliesLoaded (0ms)
		ExecutionOrderSort2 (0ms)
		AwakeInstancesAfterBackupRestoration (6ms)
WARNING: Shader Unsupported: 'Universal Render Pipeline/VR/SpatialMapping/Wireframe' - All subshaders removed
WARNING: Shader Did you use #pragma only_renderers and omit this platform?
WARNING: Shader If subshaders removal was intentional, you may have forgotten turning Fallback off?
WARNING: Shader Unsupported: 'Universal Render Pipeline/VR/SpatialMapping/Wireframe' - All subshaders removed
WARNING: Shader Did you use #pragma only_renderers and omit this platform?
WARNING: Shader If subshaders removal was intentional, you may have forgotten turning Fallback off?
WARNING: Shader Unsupported: 'Hidden/Builtin_TerrainVisualization' - All subshaders removed
WARNING: Shader Did you use #pragma only_renderers and omit this platform?
WARNING: Shader If subshaders removal was intentional, you may have forgotten turning Fallback off?
WARNING: Shader Unsupported: 'Hidden/Builtin_TerrainVisualization' - All subshaders removed
WARNING: Shader Did you use #pragma only_renderers and omit this platform?
WARNING: Shader If subshaders removal was intentional, you may have forgotten turning Fallback off?
Refreshing native plugins compatible for Editor in 3.14 ms, found 5 plugins.
Preloading 0 native plugins for Editor in 0.00 ms.
Unloading 5611 Unused Serialized files (Serialized files now loaded: 0)
Unloading 49 unused Assets / (3.7 MB). Loaded Objects now: 6976.
Memory consumption went from 333.9 MB to 330.2 MB.
Total: 3.243375 ms (FindLiveObjects: 0.217166 ms CreateObjectMapping: 0.063959 ms MarkObjects: 2.407541 ms  DeleteObjects: 0.554333 ms)

Prepare: number of updated asset objects reloaded= 0
AssetImportParameters requested are different than current active one (requested -> active):
  custom:container-demuxer-ogg: 62fdf1f143b41e24485cea50d1cbac27 -> 
  custom:scripting/monoscript/fileName/CRTDataObject.cs: f1de7395209245cd93b30dd15005e602 -> 
  custom:scripting/monoscript/fileName/CRTCameraBehaviour.cs: 30ff3bb5a6d12bf7a3270d52e64fce8c -> 
  custom:video-decoder-ogg-theora: a1e56fd34408186e4bbccfd4996cb3dc -> 
  custom:scripting/monoscript/fileName/Quad_controller.cs: f7f54a4dcd6a885b0486938ad49f3362 -> 
  custom:CustomObjectIndexerAttribute: 3ead1caaecf1c488f20bcfeb224b6af5 -> 
  custom:container-demuxer-webm: 4f35f7cbe854078d1ac9338744f61a02 -> 
  custom:container-muxer-webm: aa71ff27fc2769a1b78a27578f13a17b -> 
  custom:video-decoder-webm-vp8: 9c59270c3fd7afecdb556c50c9e8de78 -> 
  custom:SearchIndexIgnoredProperties: e643bd26f0fe6173181afceb89e7c659 -> 
  custom:AudioImporter_EditorPlatform: 3918e3fc78b5a79bad01e8451be0beb8 -> 
  custom:scripting/monoscript/fileName/CRTRenderSettingsObject.cs: 24bb0e83561f29e599898e7a5864aecc -> 
  custom:framework-osx-AVFoundation: e770b220cccbd017edd2c1fefb359320 -> 
  custom:scripting/monoscript/fileName/RandomQuadFade.cs: f7f54a4dcd6a885b0486938ad49f3362 -> 
  custom:video-encoder-webm-vp8: eb34c28f22e8b96e1ab97ce403110664 -> 
  custom:scripting/monoscript/fileName/CRTDemoBehaviour.cs: 20f57549ec3eef6393f5bf74787367c9 -> 
  custom:audio-decoder-ogg-vorbis: bf7c407c2cedff20999df2af8eb42d56 -> 
  custom:audio-encoder-webm-vorbis: bf7c407c2cedff20999df2af8eb42d56 -> 
  custom:scripting/precompiled-assembly-types:Assembly-CSharp: 1d916cefdbaeabe5f1b6bb49c9306982 -> 1395350fe2edf283cd03c3e3e2a79830
========================================================================
Received Prepare
Caller must complete domain reload
Begin MonoManager ReloadAssembly
Thread 0x16b687000 may have been prematurely finalized
- Loaded All Assemblies, in  0.165 seconds
Native extension for OSXStandalone target not found
Mono: successfully reloaded assembly
- Finished resetting the current domain, in  0.400 seconds
Domain Reload Profiling: 565ms
	BeginReloadAssembly (54ms)
		ExecutionOrderSort (0ms)
		DisableScriptedObjects (2ms)
		BackupInstance (0ms)
		ReleaseScriptingObjects (0ms)
		CreateAndSetChildDomain (12ms)
	RebuildCommonClasses (14ms)
	RebuildNativeTypeToScriptingClass (5ms)
	initialDomainReloadingComplete (9ms)
	LoadAllAssembliesAndSetupDomain (82ms)
		LoadAssemblies (94ms)
		RebuildTransferFunctionScriptingTraits (0ms)
		AnalyzeDomain (10ms)
			TypeCache.Refresh (4ms)
				TypeCache.ScanAssembly (0ms)
			ScanForSourceGeneratedMonoScriptInfo (0ms)
			ResolveRequiredComponents (6ms)
	FinalizeReload (400ms)
		ReleaseScriptCaches (0ms)
		RebuildScriptCaches (0ms)
		SetupLoadedEditorAssemblies (215ms)
			LogAssemblyErrors (0ms)
			InitializePlatformSupportModulesInManaged (2ms)
			SetLoadedEditorAssemblies (2ms)
			RefreshPlugins (0ms)
			BeforeProcessingInitializeOnLoad (28ms)
			ProcessInitializeOnLoadAttributes (159ms)
			ProcessInitializeOnLoadMethodAttributes (24ms)
			AfterProcessingInitializeOnLoad (0ms)
			EditorAssembliesLoaded (0ms)
		ExecutionOrderSort2 (0ms)
		AwakeInstancesAfterBackupRestoration (6ms)
WARNING: Shader Unsupported: 'Universal Render Pipeline/VR/SpatialMapping/Wireframe' - All subshaders removed
WARNING: Shader Did you use #pragma only_renderers and omit this platform?
WARNING: Shader If subshaders removal was intentional, you may have forgotten turning Fallback off?
WARNING: Shader Unsupported: 'Universal Render Pipeline/VR/SpatialMapping/Wireframe' - All subshaders removed
WARNING: Shader Did you use #pragma only_renderers and omit this platform?
WARNING: Shader If subshaders removal was intentional, you may have forgotten turning Fallback off?
WARNING: Shader Unsupported: 'Hidden/Builtin_TerrainVisualization' - All subshaders removed
WARNING: Shader Did you use #pragma only_renderers and omit this platform?
WARNING: Shader If subshaders removal was intentional, you may have forgotten turning Fallback off?
WARNING: Shader Unsupported: 'Hidden/Builtin_TerrainVisualization' - All subshaders removed
WARNING: Shader Did you use #pragma only_renderers and omit this platform?
WARNING: Shader If subshaders removal was intentional, you may have forgotten turning Fallback off?
Refreshing native plugins compatible for Editor in 3.04 ms, found 5 plugins.
Preloading 0 native plugins for Editor in 0.00 ms.
Unloading 5611 Unused Serialized files (Serialized files now loaded: 0)
Unloading 49 unused Assets / (3.7 MB). Loaded Objects now: 6995.
Memory consumption went from 336.7 MB to 333.0 MB.
Total: 3.145958 ms (FindLiveObjects: 0.198709 ms CreateObjectMapping: 0.062916 ms MarkObjects: 2.366667 ms  DeleteObjects: 0.517250 ms)

Prepare: number of updated asset objects reloaded= 0
AssetImportParameters requested are different than current active one (requested -> active):
  custom:container-demuxer-ogg: 62fdf1f143b41e24485cea50d1cbac27 -> 
  custom:scripting/monoscript/fileName/CRTDataObject.cs: f1de7395209245cd93b30dd15005e602 -> 
  custom:scripting/monoscript/fileName/CRTCameraBehaviour.cs: 30ff3bb5a6d12bf7a3270d52e64fce8c -> 
  custom:video-decoder-ogg-theora: a1e56fd34408186e4bbccfd4996cb3dc -> 
  custom:scripting/monoscript/fileName/Quad_controller.cs: f7f54a4dcd6a885b0486938ad49f3362 -> 
  custom:CustomObjectIndexerAttribute: 3ead1caaecf1c488f20bcfeb224b6af5 -> 
  custom:container-demuxer-webm: 4f35f7cbe854078d1ac9338744f61a02 -> 
  custom:container-muxer-webm: aa71ff27fc2769a1b78a27578f13a17b -> 
  custom:video-decoder-webm-vp8: 9c59270c3fd7afecdb556c50c9e8de78 -> 
  custom:SearchIndexIgnoredProperties: e643bd26f0fe6173181afceb89e7c659 -> 
  custom:AudioImporter_EditorPlatform: 3918e3fc78b5a79bad01e8451be0beb8 -> 
  custom:scripting/monoscript/fileName/CRTRenderSettingsObject.cs: 24bb0e83561f29e599898e7a5864aecc -> 
  custom:framework-osx-AVFoundation: e770b220cccbd017edd2c1fefb359320 -> 
  custom:scripting/monoscript/fileName/RandomQuadFade.cs: f7f54a4dcd6a885b0486938ad49f3362 -> 
  custom:video-encoder-webm-vp8: eb34c28f22e8b96e1ab97ce403110664 -> 
  custom:scripting/monoscript/fileName/CRTDemoBehaviour.cs: 20f57549ec3eef6393f5bf74787367c9 -> 
  custom:audio-decoder-ogg-vorbis: bf7c407c2cedff20999df2af8eb42d56 -> 
  custom:audio-encoder-webm-vorbis: bf7c407c2cedff20999df2af8eb42d56 -> 
  custom:scripting/precompiled-assembly-types:Assembly-CSharp: 1d916cefdbaeabe5f1b6bb49c9306982 -> 1395350fe2edf283cd03c3e3e2a79830
========================================================================
Received Prepare
Caller must complete domain reload
Begin MonoManager ReloadAssembly
Thread 0x16b687000 may have been prematurely finalized
- Loaded All Assemblies, in  0.162 seconds
Native extension for OSXStandalone target not found
Mono: successfully reloaded assembly
- Finished resetting the current domain, in  0.421 seconds
Domain Reload Profiling: 582ms
	BeginReloadAssembly (52ms)
		ExecutionOrderSort (0ms)
		DisableScriptedObjects (2ms)
		BackupInstance (0ms)
		ReleaseScriptingObjects (0ms)
		CreateAndSetChildDomain (12ms)
	RebuildCommonClasses (14ms)
	RebuildNativeTypeToScriptingClass (5ms)
	initialDomainReloadingComplete (9ms)
	LoadAllAssembliesAndSetupDomain (82ms)
		LoadAssemblies (93ms)
		RebuildTransferFunctionScriptingTraits (0ms)
		AnalyzeDomain (10ms)
			TypeCache.Refresh (4ms)
				TypeCache.ScanAssembly (0ms)
			ScanForSourceGeneratedMonoScriptInfo (0ms)
			ResolveRequiredComponents (6ms)
	FinalizeReload (421ms)
		ReleaseScriptCaches (0ms)
		RebuildScriptCaches (0ms)
		SetupLoadedEditorAssemblies (215ms)
			LogAssemblyErrors (0ms)
			InitializePlatformSupportModulesInManaged (2ms)
			SetLoadedEditorAssemblies (2ms)
			RefreshPlugins (0ms)
			BeforeProcessingInitializeOnLoad (28ms)
			ProcessInitializeOnLoadAttributes (159ms)
			ProcessInitializeOnLoadMethodAttributes (24ms)
			AfterProcessingInitializeOnLoad (1ms)
			EditorAssembliesLoaded (0ms)
		ExecutionOrderSort2 (0ms)
		AwakeInstancesAfterBackupRestoration (7ms)
WARNING: Shader Unsupported: 'Universal Render Pipeline/VR/SpatialMapping/Wireframe' - All subshaders removed
WARNING: Shader Did you use #pragma only_renderers and omit this platform?
WARNING: Shader If subshaders removal was intentional, you may have forgotten turning Fallback off?
WARNING: Shader Unsupported: 'Universal Render Pipeline/VR/SpatialMapping/Wireframe' - All subshaders removed
WARNING: Shader Did you use #pragma only_renderers and omit this platform?
WARNING: Shader If subshaders removal was intentional, you may have forgotten turning Fallback off?
WARNING: Shader Unsupported: 'Hidden/Builtin_TerrainVisualization' - All subshaders removed
WARNING: Shader Did you use #pragma only_renderers and omit this platform?
WARNING: Shader If subshaders removal was intentional, you may have forgotten turning Fallback off?
WARNING: Shader Unsupported: 'Hidden/Builtin_TerrainVisualization' - All subshaders removed
WARNING: Shader Did you use #pragma only_renderers and omit this platform?
WARNING: Shader If subshaders removal was intentional, you may have forgotten turning Fallback off?
Refreshing native plugins compatible for Editor in 3.06 ms, found 5 plugins.
Preloading 0 native plugins for Editor in 0.00 ms.
Unloading 5611 Unused Serialized files (Serialized files now loaded: 0)
Unloading 49 unused Assets / (3.7 MB). Loaded Objects now: 7014.
Memory consumption went from 339.6 MB to 335.9 MB.
Total: 3.060333 ms (FindLiveObjects: 0.269709 ms CreateObjectMapping: 0.065833 ms MarkObjects: 2.118750 ms  DeleteObjects: 0.605500 ms)

Prepare: number of updated asset objects reloaded= 0
AssetImportParameters requested are different than current active one (requested -> active):
  custom:container-demuxer-ogg: 62fdf1f143b41e24485cea50d1cbac27 -> 
  custom:scripting/monoscript/fileName/CRTDataObject.cs: f1de7395209245cd93b30dd15005e602 -> 
  custom:scripting/monoscript/fileName/CRTCameraBehaviour.cs: 30ff3bb5a6d12bf7a3270d52e64fce8c -> 
  custom:video-decoder-ogg-theora: a1e56fd34408186e4bbccfd4996cb3dc -> 
  custom:scripting/monoscript/fileName/Quad_controller.cs: f7f54a4dcd6a885b0486938ad49f3362 -> 
  custom:CustomObjectIndexerAttribute: 3ead1caaecf1c488f20bcfeb224b6af5 -> 
  custom:container-demuxer-webm: 4f35f7cbe854078d1ac9338744f61a02 -> 
  custom:container-muxer-webm: aa71ff27fc2769a1b78a27578f13a17b -> 
  custom:video-decoder-webm-vp8: 9c59270c3fd7afecdb556c50c9e8de78 -> 
  custom:SearchIndexIgnoredProperties: e643bd26f0fe6173181afceb89e7c659 -> 
  custom:AudioImporter_EditorPlatform: 3918e3fc78b5a79bad01e8451be0beb8 -> 
  custom:scripting/monoscript/fileName/CRTRenderSettingsObject.cs: 24bb0e83561f29e599898e7a5864aecc -> 
  custom:framework-osx-AVFoundation: e770b220cccbd017edd2c1fefb359320 -> 
  custom:scripting/monoscript/fileName/RandomQuadFade.cs: f7f54a4dcd6a885b0486938ad49f3362 -> 
  custom:video-encoder-webm-vp8: eb34c28f22e8b96e1ab97ce403110664 -> 
  custom:scripting/monoscript/fileName/CRTDemoBehaviour.cs: 20f57549ec3eef6393f5bf74787367c9 -> 
  custom:audio-decoder-ogg-vorbis: bf7c407c2cedff20999df2af8eb42d56 -> 
  custom:audio-encoder-webm-vorbis: bf7c407c2cedff20999df2af8eb42d56 -> 
  custom:scripting/precompiled-assembly-types:Assembly-CSharp: 1d916cefdbaeabe5f1b6bb49c9306982 -> 1395350fe2edf283cd03c3e3e2a79830
========================================================================
Received Prepare
Caller must complete domain reload
Begin MonoManager ReloadAssembly
Thread 0x16b687000 may have been prematurely finalized
- Loaded All Assemblies, in  0.230 seconds
Native extension for OSXStandalone target not found
Mono: successfully reloaded assembly
- Finished resetting the current domain, in  0.909 seconds
Domain Reload Profiling: 1139ms
	BeginReloadAssembly (83ms)
		ExecutionOrderSort (0ms)
		DisableScriptedObjects (2ms)
		BackupInstance (0ms)
		ReleaseScriptingObjects (0ms)
		CreateAndSetChildDomain (20ms)
	RebuildCommonClasses (15ms)
	RebuildNativeTypeToScriptingClass (5ms)
	initialDomainReloadingComplete (13ms)
	LoadAllAssembliesAndSetupDomain (114ms)
		LoadAssemblies (132ms)
		RebuildTransferFunctionScriptingTraits (0ms)
		AnalyzeDomain (22ms)
			TypeCache.Refresh (6ms)
				TypeCache.ScanAssembly (0ms)
			ScanForSourceGeneratedMonoScriptInfo (9ms)
			ResolveRequiredComponents (6ms)
	FinalizeReload (909ms)
		ReleaseScriptCaches (0ms)
		RebuildScriptCaches (0ms)
		SetupLoadedEditorAssemblies (236ms)
			LogAssemblyErrors (0ms)
			InitializePlatformSupportModulesInManaged (2ms)
			SetLoadedEditorAssemblies (2ms)
			RefreshPlugins (0ms)
			BeforeProcessingInitializeOnLoad (29ms)
			ProcessInitializeOnLoadAttributes (176ms)
			ProcessInitializeOnLoadMethodAttributes (27ms)
			AfterProcessingInitializeOnLoad (0ms)
			EditorAssembliesLoaded (0ms)
		ExecutionOrderSort2 (0ms)
		AwakeInstancesAfterBackupRestoration (8ms)
WARNING: Shader Unsupported: 'Universal Render Pipeline/VR/SpatialMapping/Wireframe' - All subshaders removed
WARNING: Shader Did you use #pragma only_renderers and omit this platform?
WARNING: Shader If subshaders removal was intentional, you may have forgotten turning Fallback off?
WARNING: Shader Unsupported: 'Universal Render Pipeline/VR/SpatialMapping/Wireframe' - All subshaders removed
WARNING: Shader Did you use #pragma only_renderers and omit this platform?
WARNING: Shader If subshaders removal was intentional, you may have forgotten turning Fallback off?
WARNING: Shader Unsupported: 'Hidden/Builtin_TerrainVisualization' - All subshaders removed
WARNING: Shader Did you use #pragma only_renderers and omit this platform?
WARNING: Shader If subshaders removal was intentional, you may have forgotten turning Fallback off?
WARNING: Shader Unsupported: 'Hidden/Builtin_TerrainVisualization' - All subshaders removed
WARNING: Shader Did you use #pragma only_renderers and omit this platform?
WARNING: Shader If subshaders removal was intentional, you may have forgotten turning Fallback off?
Refreshing native plugins compatible for Editor in 4.00 ms, found 5 plugins.
Preloading 0 native plugins for Editor in 0.00 ms.
Unloading 5611 Unused Serialized files (Serialized files now loaded: 0)
Unloading 49 unused Assets / (3.7 MB). Loaded Objects now: 7033.
Memory consumption went from 342.4 MB to 338.7 MB.
Total: 2.457875 ms (FindLiveObjects: 0.178250 ms CreateObjectMapping: 0.062417 ms MarkObjects: 1.742791 ms  DeleteObjects: 0.474084 ms)

Prepare: number of updated asset objects reloaded= 0
AssetImportParameters requested are different than current active one (requested -> active):
  custom:container-demuxer-ogg: 62fdf1f143b41e24485cea50d1cbac27 -> 
  custom:scripting/monoscript/fileName/CRTDataObject.cs: f1de7395209245cd93b30dd15005e602 -> 
  custom:scripting/monoscript/fileName/CRTCameraBehaviour.cs: 30ff3bb5a6d12bf7a3270d52e64fce8c -> 
  custom:video-decoder-ogg-theora: a1e56fd34408186e4bbccfd4996cb3dc -> 
  custom:scripting/monoscript/fileName/Quad_controller.cs: f7f54a4dcd6a885b0486938ad49f3362 -> 
  custom:CustomObjectIndexerAttribute: 3ead1caaecf1c488f20bcfeb224b6af5 -> 
  custom:container-demuxer-webm: 4f35f7cbe854078d1ac9338744f61a02 -> 
  custom:container-muxer-webm: aa71ff27fc2769a1b78a27578f13a17b -> 
  custom:video-decoder-webm-vp8: 9c59270c3fd7afecdb556c50c9e8de78 -> 
  custom:SearchIndexIgnoredProperties: e643bd26f0fe6173181afceb89e7c659 -> 
  custom:AudioImporter_EditorPlatform: 3918e3fc78b5a79bad01e8451be0beb8 -> 
  custom:scripting/monoscript/fileName/CRTRenderSettingsObject.cs: 24bb0e83561f29e599898e7a5864aecc -> 
  custom:framework-osx-AVFoundation: e770b220cccbd017edd2c1fefb359320 -> 
  custom:scripting/monoscript/fileName/RandomQuadFade.cs: f7f54a4dcd6a885b0486938ad49f3362 -> 
  custom:video-encoder-webm-vp8: eb34c28f22e8b96e1ab97ce403110664 -> 
  custom:scripting/monoscript/fileName/CRTDemoBehaviour.cs: 20f57549ec3eef6393f5bf74787367c9 -> 
  custom:audio-decoder-ogg-vorbis: bf7c407c2cedff20999df2af8eb42d56 -> 
  custom:audio-encoder-webm-vorbis: bf7c407c2cedff20999df2af8eb42d56 -> 
  custom:scripting/precompiled-assembly-types:Assembly-CSharp: 1d916cefdbaeabe5f1b6bb49c9306982 -> 1395350fe2edf283cd03c3e3e2a79830
========================================================================
Received Import Request.
  Time since last request: 3302.129054 seconds.
  path: Assets/UI/Options.prefab
  artifactKey: Guid(023de43a3fce06746b44833226383986) Importer(815301076,1909f56bfc062723c751e8b465ee728b)
Start importing Assets/UI/Options.prefab using Guid(023de43a3fce06746b44833226383986) Importer(815301076,1909f56bfc062723c751e8b465ee728b) [PhysX] Initialized MultithreadedTaskDispatcher with 10 workers.
 -> (artifact id: '3f3a75b6550d6521737ea4c9ba597f13') in 0.031585 seconds
Number of updated asset objects reloaded before import = 0
Number of asset objects unloaded after import = 124
========================================================================
Received Prepare
Caller must complete domain reload
Begin MonoManager ReloadAssembly
Thread 0x16b687000 may have been prematurely finalized
- Loaded All Assemblies, in  0.199 seconds
Native extension for OSXStandalone target not found
Mono: successfully reloaded assembly
- Finished resetting the current domain, in  0.822 seconds
Domain Reload Profiling: 1022ms
	BeginReloadAssembly (66ms)
		ExecutionOrderSort (0ms)
		DisableScriptedObjects (2ms)
		BackupInstance (0ms)
		ReleaseScriptingObjects (0ms)
		CreateAndSetChildDomain (18ms)
	RebuildCommonClasses (13ms)
	RebuildNativeTypeToScriptingClass (5ms)
	initialDomainReloadingComplete (9ms)
	LoadAllAssembliesAndSetupDomain (106ms)
		LoadAssemblies (121ms)
		RebuildTransferFunctionScriptingTraits (0ms)
		AnalyzeDomain (11ms)
			TypeCache.Refresh (5ms)
				TypeCache.ScanAssembly (0ms)
			ScanForSourceGeneratedMonoScriptInfo (0ms)
			ResolveRequiredComponents (6ms)
	FinalizeReload (822ms)
		ReleaseScriptCaches (0ms)
		RebuildScriptCaches (0ms)
		SetupLoadedEditorAssemblies (254ms)
			LogAssemblyErrors (0ms)
			InitializePlatformSupportModulesInManaged (2ms)
			SetLoadedEditorAssemblies (2ms)
			RefreshPlugins (0ms)
			BeforeProcessingInitializeOnLoad (35ms)
			ProcessInitializeOnLoadAttributes (183ms)
			ProcessInitializeOnLoadMethodAttributes (31ms)
			AfterProcessingInitializeOnLoad (1ms)
			EditorAssembliesLoaded (0ms)
		ExecutionOrderSort2 (0ms)
		AwakeInstancesAfterBackupRestoration (9ms)
WARNING: Shader Unsupported: 'Universal Render Pipeline/VR/SpatialMapping/Wireframe' - All subshaders removed
WARNING: Shader Did you use #pragma only_renderers and omit this platform?
WARNING: Shader If subshaders removal was intentional, you may have forgotten turning Fallback off?
WARNING: Shader Unsupported: 'Universal Render Pipeline/VR/SpatialMapping/Wireframe' - All subshaders removed
WARNING: Shader Did you use #pragma only_renderers and omit this platform?
WARNING: Shader If subshaders removal was intentional, you may have forgotten turning Fallback off?
WARNING: Shader Unsupported: 'Hidden/Builtin_TerrainVisualization' - All subshaders removed
WARNING: Shader Did you use #pragma only_renderers and omit this platform?
WARNING: Shader If subshaders removal was intentional, you may have forgotten turning Fallback off?
WARNING: Shader Unsupported: 'Hidden/Builtin_TerrainVisualization' - All subshaders removed
WARNING: Shader Did you use #pragma only_renderers and omit this platform?
WARNING: Shader If subshaders removal was intentional, you may have forgotten turning Fallback off?
Refreshing native plugins compatible for Editor in 4.16 ms, found 5 plugins.
Preloading 0 native plugins for Editor in 0.00 ms.
Unloading 5611 Unused Serialized files (Serialized files now loaded: 0)
Unloading 51 unused Assets / (3.7 MB). Loaded Objects now: 7052.
Memory consumption went from 345.8 MB to 342.1 MB.
Total: 3.365416 ms (FindLiveObjects: 0.224292 ms CreateObjectMapping: 0.054542 ms MarkObjects: 2.352000 ms  DeleteObjects: 0.733916 ms)

Prepare: number of updated asset objects reloaded= 0
AssetImportParameters requested are different than current active one (requested -> active):
  custom:container-demuxer-ogg: 62fdf1f143b41e24485cea50d1cbac27 -> 
  custom:scripting/monoscript/fileName/CRTDataObject.cs: f1de7395209245cd93b30dd15005e602 -> 
  custom:scripting/monoscript/fileName/CRTCameraBehaviour.cs: 30ff3bb5a6d12bf7a3270d52e64fce8c -> 
  custom:video-decoder-ogg-theora: a1e56fd34408186e4bbccfd4996cb3dc -> 
  custom:scripting/monoscript/fileName/Quad_controller.cs: f7f54a4dcd6a885b0486938ad49f3362 -> 
  custom:CustomObjectIndexerAttribute: 3ead1caaecf1c488f20bcfeb224b6af5 -> 
  custom:container-demuxer-webm: 4f35f7cbe854078d1ac9338744f61a02 -> 
  custom:container-muxer-webm: aa71ff27fc2769a1b78a27578f13a17b -> 
  custom:video-decoder-webm-vp8: 9c59270c3fd7afecdb556c50c9e8de78 -> 
  custom:SearchIndexIgnoredProperties: e643bd26f0fe6173181afceb89e7c659 -> 
  custom:AudioImporter_EditorPlatform: 3918e3fc78b5a79bad01e8451be0beb8 -> 
  custom:scripting/monoscript/fileName/CRTRenderSettingsObject.cs: 24bb0e83561f29e599898e7a5864aecc -> 
  custom:framework-osx-AVFoundation: e770b220cccbd017edd2c1fefb359320 -> 
  custom:scripting/monoscript/fileName/RandomQuadFade.cs: f7f54a4dcd6a885b0486938ad49f3362 -> 
  custom:video-encoder-webm-vp8: eb34c28f22e8b96e1ab97ce403110664 -> 
  custom:scripting/monoscript/fileName/CRTDemoBehaviour.cs: 20f57549ec3eef6393f5bf74787367c9 -> 
  custom:audio-decoder-ogg-vorbis: bf7c407c2cedff20999df2af8eb42d56 -> 
  custom:audio-encoder-webm-vorbis: bf7c407c2cedff20999df2af8eb42d56 -> 
  custom:scripting/precompiled-assembly-types:Assembly-CSharp: 1d916cefdbaeabe5f1b6bb49c9306982 -> 1395350fe2edf283cd03c3e3e2a79830
========================================================================
Received Prepare
Caller must complete domain reload
Begin MonoManager ReloadAssembly
Thread 0x16b687000 may have been prematurely finalized
- Loaded All Assemblies, in  0.197 seconds
Native extension for OSXStandalone target not found
Mono: successfully reloaded assembly
- Finished resetting the current domain, in  0.863 seconds
Domain Reload Profiling: 1060ms
	BeginReloadAssembly (58ms)
		ExecutionOrderSort (0ms)
		DisableScriptedObjects (2ms)
		BackupInstance (0ms)
		ReleaseScriptingObjects (0ms)
		CreateAndSetChildDomain (13ms)
	RebuildCommonClasses (14ms)
	RebuildNativeTypeToScriptingClass (5ms)
	initialDomainReloadingComplete (9ms)
	LoadAllAssembliesAndSetupDomain (110ms)
		LoadAssemblies (113ms)
		RebuildTransferFunctionScriptingTraits (0ms)
		AnalyzeDomain (21ms)
			TypeCache.Refresh (5ms)
				TypeCache.ScanAssembly (0ms)
			ScanForSourceGeneratedMonoScriptInfo (9ms)
			ResolveRequiredComponents (6ms)
	FinalizeReload (863ms)
		ReleaseScriptCaches (0ms)
		RebuildScriptCaches (0ms)
		SetupLoadedEditorAssemblies (226ms)
			LogAssemblyErrors (0ms)
			InitializePlatformSupportModulesInManaged (2ms)
			SetLoadedEditorAssemblies (2ms)
			RefreshPlugins (0ms)
			BeforeProcessingInitializeOnLoad (29ms)
			ProcessInitializeOnLoadAttributes (168ms)
			ProcessInitializeOnLoadMethodAttributes (25ms)
			AfterProcessingInitializeOnLoad (1ms)
			EditorAssembliesLoaded (0ms)
		ExecutionOrderSort2 (0ms)
		AwakeInstancesAfterBackupRestoration (7ms)
WARNING: Shader Unsupported: 'Universal Render Pipeline/VR/SpatialMapping/Wireframe' - All subshaders removed
WARNING: Shader Did you use #pragma only_renderers and omit this platform?
WARNING: Shader If subshaders removal was intentional, you may have forgotten turning Fallback off?
WARNING: Shader Unsupported: 'Universal Render Pipeline/VR/SpatialMapping/Wireframe' - All subshaders removed
WARNING: Shader Did you use #pragma only_renderers and omit this platform?
WARNING: Shader If subshaders removal was intentional, you may have forgotten turning Fallback off?
WARNING: Shader Unsupported: 'Hidden/Builtin_TerrainVisualization' - All subshaders removed
WARNING: Shader Did you use #pragma only_renderers and omit this platform?
WARNING: Shader If subshaders removal was intentional, you may have forgotten turning Fallback off?
WARNING: Shader Unsupported: 'Hidden/Builtin_TerrainVisualization' - All subshaders removed
WARNING: Shader Did you use #pragma only_renderers and omit this platform?
WARNING: Shader If subshaders removal was intentional, you may have forgotten turning Fallback off?
Refreshing native plugins compatible for Editor in 3.16 ms, found 5 plugins.
Preloading 0 native plugins for Editor in 0.00 ms.
Unloading 5611 Unused Serialized files (Serialized files now loaded: 0)
Unloading 49 unused Assets / (3.7 MB). Loaded Objects now: 7071.
Memory consumption went from 348.6 MB to 344.9 MB.
Total: 2.523417 ms (FindLiveObjects: 0.198250 ms CreateObjectMapping: 0.056500 ms MarkObjects: 1.795417 ms  DeleteObjects: 0.472833 ms)

Prepare: number of updated asset objects reloaded= 0
AssetImportParameters requested are different than current active one (requested -> active):
  custom:container-demuxer-ogg: 62fdf1f143b41e24485cea50d1cbac27 -> 
  custom:scripting/monoscript/fileName/CRTDataObject.cs: f1de7395209245cd93b30dd15005e602 -> 
  custom:scripting/monoscript/fileName/CRTCameraBehaviour.cs: 30ff3bb5a6d12bf7a3270d52e64fce8c -> 
  custom:video-decoder-ogg-theora: a1e56fd34408186e4bbccfd4996cb3dc -> 
  custom:scripting/monoscript/fileName/Quad_controller.cs: f7f54a4dcd6a885b0486938ad49f3362 -> 
  custom:CustomObjectIndexerAttribute: 3ead1caaecf1c488f20bcfeb224b6af5 -> 
  custom:container-demuxer-webm: 4f35f7cbe854078d1ac9338744f61a02 -> 
  custom:container-muxer-webm: aa71ff27fc2769a1b78a27578f13a17b -> 
  custom:video-decoder-webm-vp8: 9c59270c3fd7afecdb556c50c9e8de78 -> 
  custom:SearchIndexIgnoredProperties: e643bd26f0fe6173181afceb89e7c659 -> 
  custom:AudioImporter_EditorPlatform: 3918e3fc78b5a79bad01e8451be0beb8 -> 
  custom:scripting/monoscript/fileName/CRTRenderSettingsObject.cs: 24bb0e83561f29e599898e7a5864aecc -> 
  custom:framework-osx-AVFoundation: e770b220cccbd017edd2c1fefb359320 -> 
  custom:scripting/monoscript/fileName/RandomQuadFade.cs: f7f54a4dcd6a885b0486938ad49f3362 -> 
  custom:video-encoder-webm-vp8: eb34c28f22e8b96e1ab97ce403110664 -> 
  custom:scripting/monoscript/fileName/CRTDemoBehaviour.cs: 20f57549ec3eef6393f5bf74787367c9 -> 
  custom:audio-decoder-ogg-vorbis: bf7c407c2cedff20999df2af8eb42d56 -> 
  custom:audio-encoder-webm-vorbis: bf7c407c2cedff20999df2af8eb42d56 -> 
  custom:scripting/precompiled-assembly-types:Assembly-CSharp: 1d916cefdbaeabe5f1b6bb49c9306982 -> 1395350fe2edf283cd03c3e3e2a79830
========================================================================
Received Prepare
Caller must complete domain reload
Begin MonoManager ReloadAssembly
Thread 0x16b687000 may have been prematurely finalized
- Loaded All Assemblies, in  0.170 seconds
Native extension for OSXStandalone target not found
Mono: successfully reloaded assembly
- Finished resetting the current domain, in  0.425 seconds
Domain Reload Profiling: 595ms
	BeginReloadAssembly (58ms)
		ExecutionOrderSort (0ms)
		DisableScriptedObjects (2ms)
		BackupInstance (0ms)
		ReleaseScriptingObjects (0ms)
		CreateAndSetChildDomain (13ms)
	RebuildCommonClasses (13ms)
	RebuildNativeTypeToScriptingClass (5ms)
	initialDomainReloadingComplete (9ms)
	LoadAllAssembliesAndSetupDomain (84ms)
		LoadAssemblies (98ms)
		RebuildTransferFunctionScriptingTraits (0ms)
		AnalyzeDomain (9ms)
			TypeCache.Refresh (3ms)
				TypeCache.ScanAssembly (0ms)
			ScanForSourceGeneratedMonoScriptInfo (0ms)
			ResolveRequiredComponents (5ms)
	FinalizeReload (426ms)
		ReleaseScriptCaches (0ms)
		RebuildScriptCaches (0ms)
		SetupLoadedEditorAssemblies (220ms)
			LogAssemblyErrors (0ms)
			InitializePlatformSupportModulesInManaged (2ms)
			SetLoadedEditorAssemblies (1ms)
			RefreshPlugins (0ms)
			BeforeProcessingInitializeOnLoad (28ms)
			ProcessInitializeOnLoadAttributes (163ms)
			ProcessInitializeOnLoadMethodAttributes (24ms)
			AfterProcessingInitializeOnLoad (1ms)
			EditorAssembliesLoaded (0ms)
		ExecutionOrderSort2 (0ms)
		AwakeInstancesAfterBackupRestoration (7ms)
WARNING: Shader Unsupported: 'Universal Render Pipeline/VR/SpatialMapping/Wireframe' - All subshaders removed
WARNING: Shader Did you use #pragma only_renderers and omit this platform?
WARNING: Shader If subshaders removal was intentional, you may have forgotten turning Fallback off?
WARNING: Shader Unsupported: 'Universal Render Pipeline/VR/SpatialMapping/Wireframe' - All subshaders removed
WARNING: Shader Did you use #pragma only_renderers and omit this platform?
WARNING: Shader If subshaders removal was intentional, you may have forgotten turning Fallback off?
WARNING: Shader Unsupported: 'Hidden/Builtin_TerrainVisualization' - All subshaders removed
WARNING: Shader Did you use #pragma only_renderers and omit this platform?
WARNING: Shader If subshaders removal was intentional, you may have forgotten turning Fallback off?
WARNING: Shader Unsupported: 'Hidden/Builtin_TerrainVisualization' - All subshaders removed
WARNING: Shader Did you use #pragma only_renderers and omit this platform?
WARNING: Shader If subshaders removal was intentional, you may have forgotten turning Fallback off?
Refreshing native plugins compatible for Editor in 4.15 ms, found 5 plugins.
Preloading 0 native plugins for Editor in 0.00 ms.
Unloading 5611 Unused Serialized files (Serialized files now loaded: 0)
Unloading 49 unused Assets / (3.7 MB). Loaded Objects now: 7090.
Memory consumption went from 351.4 MB to 347.7 MB.
Total: 3.267792 ms (FindLiveObjects: 0.190542 ms CreateObjectMapping: 0.064000 ms MarkObjects: 2.294333 ms  DeleteObjects: 0.718417 ms)

Prepare: number of updated asset objects reloaded= 0
AssetImportParameters requested are different than current active one (requested -> active):
  custom:container-demuxer-ogg: 62fdf1f143b41e24485cea50d1cbac27 -> 
  custom:scripting/monoscript/fileName/CRTDataObject.cs: f1de7395209245cd93b30dd15005e602 -> 
  custom:scripting/monoscript/fileName/CRTCameraBehaviour.cs: 30ff3bb5a6d12bf7a3270d52e64fce8c -> 
  custom:video-decoder-ogg-theora: a1e56fd34408186e4bbccfd4996cb3dc -> 
  custom:scripting/monoscript/fileName/Quad_controller.cs: f7f54a4dcd6a885b0486938ad49f3362 -> 
  custom:CustomObjectIndexerAttribute: 3ead1caaecf1c488f20bcfeb224b6af5 -> 
  custom:container-demuxer-webm: 4f35f7cbe854078d1ac9338744f61a02 -> 
  custom:container-muxer-webm: aa71ff27fc2769a1b78a27578f13a17b -> 
  custom:video-decoder-webm-vp8: 9c59270c3fd7afecdb556c50c9e8de78 -> 
  custom:SearchIndexIgnoredProperties: e643bd26f0fe6173181afceb89e7c659 -> 
  custom:AudioImporter_EditorPlatform: 3918e3fc78b5a79bad01e8451be0beb8 -> 
  custom:scripting/monoscript/fileName/CRTRenderSettingsObject.cs: 24bb0e83561f29e599898e7a5864aecc -> 
  custom:framework-osx-AVFoundation: e770b220cccbd017edd2c1fefb359320 -> 
  custom:scripting/monoscript/fileName/RandomQuadFade.cs: f7f54a4dcd6a885b0486938ad49f3362 -> 
  custom:video-encoder-webm-vp8: eb34c28f22e8b96e1ab97ce403110664 -> 
  custom:scripting/monoscript/fileName/CRTDemoBehaviour.cs: 20f57549ec3eef6393f5bf74787367c9 -> 
  custom:audio-decoder-ogg-vorbis: bf7c407c2cedff20999df2af8eb42d56 -> 
  custom:audio-encoder-webm-vorbis: bf7c407c2cedff20999df2af8eb42d56 -> 
  custom:scripting/precompiled-assembly-types:Assembly-CSharp: 1d916cefdbaeabe5f1b6bb49c9306982 -> 1395350fe2edf283cd03c3e3e2a79830
